"Document Title",Authors,"Author Affiliations","Publication Title",Date Added To Xplore,"Publication Year","Volume","Issue","Start Page","End Page","Abstract","ISSN",ISBNs,"DOI",Funding Information,PDF Link,"Author Keywords","IEEE Terms","Mesh_Terms",Article Citation Count,Patent Citation Count,"Reference Count","License",Online Date,Issue Date,"Meeting Date","Publisher",Document Identifier
"Public Perception of Connected and Automated Vehicles: Benefits, Concerns, and Barriers from an Australian Perspective","A. Matin; H. Dia","Department of Civil and Construction Engineering, Swinburne University of Technology, Melbourne, Australia; Department of Civil and Construction Engineering, Swinburne University of Technology, Melbourne, Australia",Journal of Intelligent and Connected Vehicles,"4 Jul 2024","2024","7","2","108","128","This study investigates the attitudes and concerns of the Australian public toward connected and autonomous vehicles (CAVs), and the factors influencing their willingness to adopt this technology. Through a comprehensive survey, a diverse group of respondents provided valuable insights toward various CAV scenarios such as riding in a vehicle with no driver, self-driving public transport, self-driving taxis, and heavy vehicles without drivers. The results highlight the significant impact of safety concerns about automated vehicles on individuals' attitudes across all scenarios. Higher levels of concern were associated with more negative attitudes, and a strong correlation between concerns and opposition underlines the necessity of addressing these apprehensions to build public trust and promote CAV adoption. Interestingly, nearly 70% of respondents felt uncomfortable driving next to a CAV, but they displayed more confidence in adopting automated public transport in the near future. Additionally, around 40% of participants indicated a strong willingness to purchase a CAV, primarily driven by the desire to reduce their carbon footprint and safety considerations. Notably, respondents with health conditions or disability exhibited heightened interest (almost double those without health conditions) in CAV technology. Gender differences emerged in attitudes and preferences toward CAVs, with women expressing a greater level of concern and perceiving higher barriers to CAV deployment. This emphasizes the importance of employing targeted approaches to address the specific concerns of different demographics. The study also underscores the role of trust in technology as a significant barrier to CAV deployment, ranking high among respondents' concerns. To overcome these challenges and facilitate successful CAV deployment, various strategies are suggested, including live demonstrations, dedicated routes for automated public transport, adoption incentives, and addressing liability concerns. The findings from this study offer valuable insights for government agencies, vehicle manufacturers, and stakeholders in promoting the successful implementation of CAVs. By understanding societal acceptance and addressing concerns, decision-makers can devise effective interventions and policies to ensure the safe and widespread adoption of CAVs in Australia. Moreover, vehicle manufacturers can leverage these results to consider design aspects that align with passenger preferences, thereby facilitating the broader acceptance and adoption of CAVs in the future. Finally, this research provides a significant contribution to the understanding of public perception and acceptance of CAVs in the Australian context. By guiding decision-making and informing strategies, the study lays the foundation for a safer and more effective integration of CAVs into the country's transportation landscape.","2399-9802","","10.26599/JICV.2023.9210028","","https://ieeexplore.ieee.org/stamp/stamp.jsp?arnumber=10537112","connected and automated vehicles (CAVs);autonomous vehicles;public acceptance;stakeholder consultations;road safety","Surveys;Automation;Vehicles;Safety;Urban areas;Automobiles;Australia","","33","","87","","22 May 2024","June 2024","","TUP","TUP Journals"
"Assessing Public Acceptance of Autonomous Vehicles in Saudi Arabia","A. Alahmadi; S. Elhag; M. Meccawy","Department of Information System Faculty of Computing and Information Technology, King Abdulaziz University, Jeddah, Saudi Arabia; Department of Information System Faculty of Computing and Information Technology, King Abdulaziz University, Jeddah, Saudi Arabia; Department of Information System Faculty of Computing and Information Technology, King Abdulaziz University, Jeddah, Saudi Arabia",2025 IEEE/ACS 22nd International Conference on Computer Systems and Applications (AICCSA),"5 Jan 2026","2025","","","1","7","Advancements in Artificial Intelligence (AI) are changing various sectors, and the transportation sector is a key area for innovation. Autonomous Vehicles (AVs) utilize AI technologies such as deep learning, computer vision, and image processing. As these vehicles become increasingly important for future mobility, assessing their implementation readiness becomes essential. Public acceptance of AVs plays a critical role in shaping policies and strategies for the successful integration of AVs into the transportation ecosystem in the future. This research aims to assess public acceptance of AVs, which is critical for their successful integration in the early stages. A conceptual model has been designed based on theoretical models. The research employed both quantitative and qualitative research methods. The primary method of data collection was an online survey conducted in Saudi Arabia. The sample comprised 112 males and 96 females, demonstrating a fair representation of both genders in the study. The results show that perceived usefulness, performance expectancy, and cost were among the most significant factors of adoption intention. Additionally, the participants’ primary concerns about AVs include malfunctions, infrastructure limitations, as well as security and privacy concerns. The results underscore the need for public participation, especially in the early stages, to shape AV acceptance in the region. This offers valuable guidance for policymakers and transport stakeholders working to facilitate future adoption.","2161-5330","979-8-3315-5693-8","10.1109/AICCSA66935.2025.11315380","","https://ieeexplore.ieee.org/stamp/stamp.jsp?arnumber=11315380","Autonomous Vehicles (AVs) Acceptance;Public Acceptance;Technology Acceptance;Future Transportation;Smart Mobility","Surveys;Technological innovation;Costs;Shape;Transportation;Robustness;Stakeholders;Security;Artificial intelligence;Autonomous vehicles","","1","","40","IEEE","5 Jan 2026","19-22 Oct. 2025","19-22 Oct. 2025","IEEE","IEEE Conferences"
"Public Perception of Autonomous and Shared Autonomous Vehicles: Case Study of Amman","O. Alharasees; H. A. Al Hasanat; D. Alothman","Department of Aeronautics and Naval Architecture, Faculty of Transportation Engineering and Vehicle Engineering, Budapest University of Technology and Economics, Budapest, Hungary; Civil Engineering Department, Khawarizmi University Technical College, Amman, Jordan; Civil Engineering Department, Khawarizmi University Technical College, Amman, Jordan",2024 2nd International Conference on Technology Innovation and Its Applications (ICTIIA),"2 Dec 2024","2024","","","1","5","This study evaluates the public perception and adoption potential of autonomous vehicles (AVs) and shared autonomous vehicles (SAVs) in Amman, Jordan. Key factors influencing public perception and adoption include safety concerns, infrastructure readiness, and regulatory frameworks. The research highlights the necessity of governmental support and well-structured regulations. Despite recent advancements in Amman's transportation sector, challenges such as congestion, inadequate public transport, and infrastructure maintenance persist. Significant steps, including enhancing community preparedness and addressing public concerns, are crucial for successful AV and SAV integration. The study offers insights and recommendations to guide policymakers and stakeholders in fostering Amman's sustainable urban mobility ecosystem. Collaborative efforts, pilot programs, and targeted outreach are essential for advancing A V and SA V adoption.","","979-8-3503-5161-3","10.1109/ICTIIA61827.2024.10761581","","https://ieeexplore.ieee.org/stamp/stamp.jsp?arnumber=10761581","Autonomous vehicles (AVs);Shared autonomous vehicles (SAVs);Public perception;Urban mobility;Infrastructure readiness;Regulatory frameworks;Amman transportation","Technological innovation;Urban areas;Transportation;Collaboration;Market research;Regulation;Safety;Stakeholders;Socioeconomics;Autonomous vehicles","","5","","24","IEEE","2 Dec 2024","12-13 Sept. 2024","12-13 Sept. 2024","IEEE","IEEE Conferences"
"Trust and Technology Acceptance in Crossing-Decision of Pedestrian in Automated Vehicles","S. Pal; L. Sharma; M. Jangid","Department of Information Technology, Manipal University Jaipur, Jaipur, India; Department of Information Technology, Manipal University Jaipur, Jaipur, India; Department of Information Technology, Manipal University Jaipur, Jaipur, India",2022 8th International Conference on Advanced Computing and Communication Systems (ICACCS),"7 Jun 2022","2022","1","","609","614","When crossing the street, maximum pedestrians initiate eye contact with the driver when they perceive an oncoming car. This is one of the traditional methods of ensuring that the driver has noticed you. It is critical to be visible to the driver to cross the street safely and maintain trust and acceptance between pedestrians and fully autonomous vehicles. Assume the same circumstance, except instead of making eye contact with the driver, you realise that the vehicle is without one of the drivers. Would you ever prefer to cross the road without establishing a foundation of trust and acceptability of new technology to feel a sense of security? This paper focuses on and addresses the role of trust and technology acceptability in influencing road users' crossing decisions to offer a sense of security.","2575-7288","978-1-6654-0816-5","10.1109/ICACCS54159.2022.9785157","","https://ieeexplore.ieee.org/stamp/stamp.jsp?arnumber=9785157","Autonomous Vehicles;Trust;Technology Acceptance;Pedestrian Security","Communication systems;Roads;Security;Automobiles;Autonomous vehicles;Vehicles","","1","","35","IEEE","7 Jun 2022","25-26 March 2022","25-26 March 2022","IEEE","IEEE Conferences"
"Human Acceptance of Autonomous Mobility: A Literature Review","D. Hafiz","College of Architecture, Art, and Design, Ajman University, Ajman, UAE",2024 2nd International Conference on Unmanned Vehicle Systems-Oman (UVS),"20 Mar 2024","2024","","","1","8","In recent years, with the emergence of autonomous mobility technologies and the multitude of services they offer, people's perception of Autonomous Mobility (AM) has surged. Individuals now have an array of choices at their disposal, enabling them to enhance the convenience and comfort of their trips. The trust people place in technology directly influences their embrace of such innovations. It is crucial to prioritize resources, policies, and activities focused on marketing, education, subsidization, and infrastructure advancement to foster greater public acceptance of autonomous mobility. Additionally, theories aimed at studying the factors that impact the acceptance of AM play a vital role. Promoting acceptance of autonomous mobility is vital for society, as attitudes towards use, perceived trust, and sense of gain play a significant role. Literature review and benchmarking existing experiences of autonomous technology is key in addressing public concerns and increasing awareness, ultimately influencing acceptability. The paper aims to provide a comprehensive understanding of the current state of knowledge in this field and identify future research opportunities to enhance people's acceptance of AM, especially in the Middle East and Gulf region.","","979-8-3503-7255-7","10.1109/UVS59630.2024.10467165","","https://ieeexplore.ieee.org/stamp/stamp.jsp?arnumber=10467165","autonomous mobility;people's perception;public acceptance","Technological innovation;Bibliographies;Education;Benchmark testing;Autonomous vehicles","","4","","59","IEEE","20 Mar 2024","12-14 Feb. 2024","12-14 Feb. 2024","IEEE","IEEE Conferences"
"Public perception of V2X-technology - evaluation of general advantages, disadvantages and reasons for data sharing with connected vehicles","T. Schmidt; R. Philipsen; P. Themann; M. Ziefle","Human Computer Interaction Center (HCIC), RWTH Aachen University, Aachen, Germany; Head of the department of communication science (CS) at RWTH Aachen, RWTH Aachen University, Aachen, Germany; Manages the development of ADAS, RWTH Aachen University; Human Computer Interaction Center (HCIC), RWTH Aachen University, Aachen, Germany",2016 IEEE Intelligent Vehicles Symposium (IV),"8 Aug 2016","2016","","","1344","1349","This work aims at an evaluation of vehicle-to-infrastructure (V2X)-technology through the users' perspective. The technical opportunities of connected vehicles are affected by the acceptance of the technology and possible draw-backs on the privacy and data-security side. With a three-tiered research approach, this work identified beforehand argument lines in focus group discussions, which enabled a quantitative approach to evaluate positively and negatively perceived features of V2X-technology. Also gender related differences can be displayed. Further, the results of the second quantitative study indicate that although users who already have experience with driver assistance systems are more willing to share (personal) data to use V2X-technology, the overall sample is very reserved with respect to sharing driver-related data. Future research on user diversity and cultural differences is outlined.","","978-1-5090-1821-5","10.1109/IVS.2016.7535565","","https://ieeexplore.ieee.org/stamp/stamp.jsp?arnumber=7535565","","Vehicles;Safety;Data privacy;Privacy;Connected vehicles;Data security","","18","","39","IEEE","8 Aug 2016","19-22 June 2016","19-22 June 2016","IEEE","IEEE Conferences"
"Readiness, Safety, and Privacy on Adopting Autonomous Vehicle Technology: UAE Case Study","N. B. Al Barghuthi; H. Said","Higher Colleges of Technology, United Arab Emirates; Zayed University, United Arab Emirates",2019 Sixth HCT Information Technology Trends (ITT),"23 Apr 2020","2019","","","47","52","Different perspectives discuss autonomous vehicle (AV) as predicted future transportation that includes design, engineering, economics, computer science, social, economic, legislation, and ethical aspects. On the other hand, AV technology offers new problems such as new engineering aspects, social and ethical problems, and presents in the form of an idealized decision-making problem. There are many benefits to AV vehicles, which are at the forefront of technology development. However, the level of cybersecurity provided by this technology is poorly understood. Cyber-attacks against AV can have severe implications for safety, privacy, manufacturers' reputation, and overall perception. In this research, we examine public opinion regarding the implications and challenges that might face AV technology in the United Arab Emirates (UAE). We claim that the successful adoption of AV in future transport systems will be achieved by reasonable risk management approaches that deal with different potential threats of cybersecurity. This survey produced usable responses from 204 participants. The significant result was that the respondents had not previously heard of vehicle-related technology; however, most had a positive first opinion on technology. Around 85% of participants felt that the expected benefits were likely to occur. They expressed a high level of concern regarding security and performance issues. Respondents stated that safety is the most crucial aspect of driverless vehicles. Mostly, it stated that personal communication devices should integrate with the AV's internet connection. The primary outcomes are that the population feels positive about AV and have optimistic expectations regarding its benefits. While maintaining some concerns, most of the people are willing to drive the AV.","","978-1-7281-5061-1","10.1109/ITT48889.2019.9075090","","https://ieeexplore.ieee.org/stamp/stamp.jsp?arnumber=9075090","autonomous vehicles;self-driving;ethics;social-aspects;driverless;cybersecurity;privacy","Roads;Safety;Security;Automobiles;Accidents;Licenses;Face","","4","","18","IEEE","23 Apr 2020","20-21 Nov. 2019","20-21 Nov. 2019","IEEE","IEEE Conferences"
"Safeguarding the V2X Pathways: Exploring the Cybersecurity Landscape Through Systematic Review","K. Herman Muraro Gularte; J. Alfredo Ruiz Vargas; J. Paulo Javidi da Costa; A. Santos da Silva; G. Almeida Santos; Y. Wang; C. Alfons Müller; C. Lipps; R. Timóteo de Sousa Júnior; W. de Britto Vidal Filho; P. Slusallek; H. Dieter Schotten","Graduate Program in Mechatronic Systems (PPMEC), University of Brasília (UnB), Brasília, Brazil; Graduate Program in Mechatronic Systems (PPMEC), University of Brasília (UnB), Brasília, Brazil; Graduate Program in Mechatronic Systems (PPMEC), University of Brasília (UnB), Brasília, Brazil; Department 2 Lippstadt, Hamm-Lippstadt University of Applied Sciences (HSHL), Hamm, Germany; Department 2 Lippstadt, Hamm-Lippstadt University of Applied Sciences (HSHL), Hamm, Germany; Department 2 Lippstadt, Hamm-Lippstadt University of Applied Sciences (HSHL), Hamm, Germany; German Center for Artificial Intelligence (DFKI), Saarbrücken, Germany; German Center for Artificial Intelligence (DFKI), Kaiserslautern, Germany; Professional Postgraduate Program in Electrical Engineering (PPEE), University of Brasília (UnB), Brasília, Brazil; Department of Mechanical Engineering, University of Brasília (UnB), Brasília, Brazil; German Center for Artificial Intelligence (DFKI), Saarbrücken, Germany; German Center for Artificial Intelligence (DFKI), Kaiserslautern, Germany",IEEE Access,"27 May 2024","2024","12","","72871","72895","Vehicle-to-Everything (V2X) communication, essential for enhancing road safety, driving efficiency, and traffic management, must be robust against cybersecurity threats for successful deployment and acceptance. This survey comprehensively explores V2X security challenges, focusing on prevalent cybersecurity threats such as jamming, spoofing, Distributed Denial of Service (DDoS), and eavesdropping attacks. These threats were selected due to their prevalence and ability to compromise the integrity and reliability of V2X systems. Jamming can disrupt communications, spoofing can lead to data and identity manipulation, DDoS attacks can saturate system resources, and eavesdropping can compromise user privacy and information confidentiality. Addressing these major threats ensures that V2X systems are robust and secure for successful deployment and widespread acceptance. This work makes significant contributions to the field of V2X cybersecurity, starting with a thorough review and categorization of existing survey papers, providing a clear map of the current research landscape, and identifying areas needing further study. An extensive review uncovered a global landscape of V2X cybersecurity research. We highlight contributions from the leading countries in scientific publications and patent innovations, with notable advancements from leading corporations. This work educates and informs on the current state of V2X cybersecurity and identifies emerging trends and future research directions based on a year-by-year analysis of the literature and patents. The findings underscore the evolving cybersecurity landscape in V2X systems and the importance of continued innovation and research in this critical field. The survey navigates the complexities of securing V2X communications, emphasizing the necessity for advanced security protocols and technologies, and highlights innovative approaches within the global scientific and patent research context. By providing a panoramic view of the field, this survey sets the stage for future advancements in V2X cybersecurity.","2169-3536","","10.1109/ACCESS.2024.3402946","Coordenação de Aperfeiçoamento de Pessoal de Nível Superior–Brasil (CAPES)(grant numbers:001); University of Brasília; Bundesamt für Sicherheit in der Informationstechnik (BSI) through the project Beyond 5G Virtuelle Umgebung für Cybersicherheitstests von V2X-Systemen(grant numbers:B5GCyberTestV2X); ","https://ieeexplore.ieee.org/stamp/stamp.jsp?arnumber=10534896","INDEX TERMS Vehicle-to-everything;connected and automated vehicle;intellectual property in V2X cybersecurity;cyberattacks and attacks;V2X security","Security;Vehicle-to-everything;Surveys;Jamming;Safety;Patents;Eavesdropping;Connected vehicles;Autonomous vehicles;Intellectual property;Cyberattack","","25","","134","CCBYNCND","20 May 2024","2024","","IEEE","IEEE Journals"
"Media and Trust Influence Consumers' Acceptance of Self-driving Cars","R. Du; H. Du; J. Wu","School of Information Management, Beijing Information Science and Technology University, Beijing, China; School of Information Management, Beijing Information Science and Technology University, Beijing, China; School of Information Management, Beijing Information Science and Technology University, Beijing, China",2022 10th International Conference on Traffic and Logistic Engineering (ICTLE),"4 Oct 2022","2022","","","57","61","This study explores the public perception and acceptance of self-driving cars and its influencing factors. The acceptance model of new ternary interaction theory included self-efficacy and the external environment was innovatively proposed by constructing two different mass media (social media and traditional media). In our approach, we applied structural equation model and distribute questionnaires through a combination of online and offline methods with 437 valid response. Modeling result shows that the media has a significant impact on perceived value. Further, perceived security risk and perceived privacy risk significantly affect initial trust, while perceived value, self-efficacy and initial trust had positive effects on acceptance. Based on this learning, we suggest marketers paying more attention to the information release by mass media, promoting positive reports and improving word of mouth about driverless cars (self-driving cars) to increase consumer acceptance of self-driving cars.(Abstract)","","978-1-6654-8630-9","10.1109/ICTLE55577.2022.9901584","National Natural Science Foundation of China (NSFC)(grant numbers:71571021); ","https://ieeexplore.ieee.org/stamp/stamp.jsp?arnumber=9901584","intelligent transportation;self-driving cars;consumer acceptance;social cognitive theory;media;structural equation model","Privacy;Social networking (online);Entertainment industry;Oral communication;Media;Mathematical models;Autonomous automobiles","","3","","13","IEEE","4 Oct 2022","12-14 Aug. 2022","12-14 Aug. 2022","IEEE","IEEE Conferences"
"Public Perception Toward Tesla Fatal Accidents: Neural Network Approach","N. Sohaee","Department of Information Technology and Decision Science, University of North Texas, Denton, Texas, USA","2024 IEEE 24th International Conference on Software Quality, Reliability, and Security Companion (QRS-C)","29 Oct 2024","2024","","","1091","1096","This study endeavors to comprehensively evaluate the impact that fatal accidents involving autonomous vehicles, with a focus on incidents associated with Tesla, have on the public's perception of this technology. To achieve this, we systematically collect and examine user interactions on Twitter, encompassing the period both before and after such accidents occur. By employing a sophisticated Siamese neural network model for our analysis, we are able to effectively identify and quantify shifts in public sentiment and discourse regarding autonomous vehicles. The results of our investigation reveal a nuanced landscape of public opinion, characterized by a significant alteration in perception following these incidents. Specifically, our findings delineate a complex dynamic where, alongside an increased acceptance of autonomous vehicle technology, there exists a persistent and substantial concern regarding its safety and reliability. This study not only sheds light on the immediate reaction of the public to fatal accidents involving autonomous vehicles but also contributes to a deeper understanding of the broader societal implications of adopting such technology. Through this analysis, we underscore the importance of addressing public safety concerns and enhancing communication strategies to foster a more informed and balanced discourse around the future of autonomous vehicle technology.","2693-9371","979-8-3503-6565-8","10.1109/QRS-C63300.2024.00144","B. Brint Ryan College of Business University of North Texas; ","https://ieeexplore.ieee.org/stamp/stamp.jsp?arnumber=10727020","fatal accidents;siamese network;twitter;tesla","Social networking (online);Neural networks;Blogs;Software quality;Public security;Software reliability;Security;Vehicle dynamics;Autonomous vehicles;Accidents","","","","32","IEEE","29 Oct 2024","1-5 July 2024","1-5 July 2024","IEEE","IEEE Conferences"
"Strategic Leadership in Autonomous Vehicle Integration for Enhanced Urban Mobility","K. Sudharson; K. Selvi; C. T. C; L. Anitha; A. SureshKumar; V. Subhashini","Department of CSE, Vel Tech Rangarajan Dr.Sagunthala, R&D Institute of Science and Technology, Chennai, India; Department of MBA, Saveetha Engineering College, Chennai, India; Department of MBA, Saveetha Engineering College, Chennai, India; Department of MBA, JNN Institute of Engineering, Chennai, India; Department of Business Administration, Saveetha College of Liberal Arts and Science. SIMATS University, Chennai, India; Department of Accounting and Finance, Dwaraka Doss Goverdhan, DossVaishnav College, Chennai, India",2025 2nd International Conference on Computing and Data Science (ICCDS),"3 Nov 2025","2025","","","1","5","The introduction of autonomous vehicles (AVs) in urban mobility represents an opportunity to revolutionize land use, transport efficiency, safety and environmental sustainability. This paper investigates critical strategic leadership approaches optimized to achieve successful AVs deployment on city streets using modern technologies, based on machine learning algorithms fused with perception sensors, V2X communication and agent-based traffic simulation. Using case studies of the top smart cities, this paper identifies best practices and strategic methodologies which have led to effective AV implementation in these areas, particularly in terms of congestion reduction, land use planning and sustainability. Collaboration with public stakeholders and proactive leadership for sustainable transport not only reduce traffic and emissions, but also foster economic development and social equity. Such insights emphasize the capacity of AVs to contribute to more human-centric, endurable metropolises.","","979-8-3315-9668-2","10.1109/ICCDS64403.2025.11209717","","https://ieeexplore.ieee.org/stamp/stamp.jsp?arnumber=11209717","autonomous vehicles;machine learning;vehicle-to-everything;traffic management;smart cities","Leadership;Machine learning algorithms;Smart cities;Traffic control;Sensor fusion;Safety;Stakeholders;Sustainable development;Autonomous vehicles;Vehicle-to-everything","","","","15","IEEE","3 Nov 2025","25-26 July 2025","25-26 July 2025","IEEE","IEEE Conferences"
"Emerging Privacy and Trust Issues for Autonomous Vehicle Systems","T. -H. Nguyen; T. G. Vu; H. -L. Tran; K. -S. Wong","College of Engineering and Computer Science, VinUniversity, Hanoi, Vietnam; College of Engineering and Computer Science, VinUniversity, Hanoi, Vietnam; College of Engineering and Computer Science, VinUniversity, Hanoi, Vietnam; College of Engineering and Computer Science, VinUniversity, Hanoi, Vietnam",2022 International Conference on Information Networking (ICOIN),"26 Jan 2022","2022","","","52","57","In the awakening of cutting-edge technology, companies such as Apple, Waymo, and Tesla are racing to launch the industry’s first fully autonomous car. Besides the technical challenges such as safety and infrastructure, privacy and data protection have attracted the autonomous vehicle industry and researchers’ attention. In particular, it is hard for autonomous vehicle manufacturers to impose substantive privacy and security protections when different vendors and suppliers are involved in vehicle production. Although we know how much data autonomous vehicles will generate per day, there is a lack of knowledge of how the collected data will be used (e.g., real-time broadcasting and offline analytic). The privacy risks associated with data collection raise individual concerns in autonomous vehicle systems. For instance, when location information is combined with personal information, a person’s details such as wealth status, profession, sexual association, and religion can be deduced. The misuse of present and historical travel patterns also puts someone susceptible to physical harm or stalking. Driven by mutual benefits or regulations, specific data must be shared in real-time or published for analysis or research purposes. This paper discusses the emerging privacy and trust issues that are essential to motivate the acceptance of autonomous vehicles operating on public roads.","1976-7684","978-1-6654-1332-9","10.1109/ICOIN53446.2022.9687196","","https://ieeexplore.ieee.org/stamp/stamp.jsp?arnumber=9687196","autonomous vehicles;self-driving car;privacy concerns;trust issues","Industries;Privacy;Roads;Data protection;Production;Real-time systems;Regulation","","19","","40","IEEE","26 Jan 2022","12-15 Jan. 2022","12-15 Jan. 2022","IEEE","IEEE Conferences"
"Impact of autonomous vehicles on pedestrians' safety","J. S. Brar; B. Caulfield","Department of Civil, Structural and Environmental Engineering, Trinity College Dublin, Dublin, Ireland; Department of Civil, Structural and Environmental Engineering, Trinity College Dublin, Dublin, Ireland",2017 IEEE 20th International Conference on Intelligent Transportation Systems (ITSC),"15 Mar 2018","2017","","","714","719","Autonomous vehicles (AVs) are currently being developed, and the subject is undergoing an intense transport study. They present enormous potential to enhance the safety, efficiency, and sustainability of road traffic. The development of autonomous vehicles (AVs) is rapidly moving forward with companies already performing or planning trials in public traffic environment. However, the aspect of how pedestrians will experience AVs and interact with them has largely been unexplored so far. The aim of this paper is to investigate the impact of autonomous vehicles on pedestrians' safety. An online survey was conducted which examined public opinion regarding Autonomous Vehicles. The survey yielded useable responses from 255 individuals. The major findings of these results is that the pedestrians showed high levels of concern about various issues regarding autonomous vehicles. They also felt positive about the autonomous vehicles and have optimistic expectations of the advantages of this technology.","2153-0017","978-1-5386-1526-3","10.1109/ITSC.2017.8317963","","https://ieeexplore.ieee.org/stamp/stamp.jsp?arnumber=8317963","Autonomous Vehicles;pedestrian acceptance","Autonomous vehicles;Roads;Safety;Conferences;Legged locomotion;Education;Vehicle crash testing","","12","","14","IEEE","15 Mar 2018","16-19 Oct. 2017","16-19 Oct. 2017","IEEE","IEEE Conferences"
"Decentralized Identities for Enhanced Security in Vehicle-to-Everything (V2X)","A. Kovačević; N. Gligorić; S. Jokić","Research and Development Department, Zentrix Lab, Pancevo, Serbia; Blockchain Development Department, Zentrix Lab, Pancevo, Serbia; Research and Development Department, Zentrix Lab, Pancevo, Serbia",2024 32nd Telecommunications Forum (TELFOR),"2 Jan 2025","2024","","","1","4","The rise of Vehicle-to-Everything (V2X) communication in Intelligent Transportation Systems (ITS) enhances road safety and traffic management but introduces security vulnerabilities like impersonation and data tampering. Traditional identity management systems such as Public Key Infrastructure (PKI) are limited by their reliance on centralized authorities. This paper proposes a decentralized framework using Decentralized Identifiers (DIDs), Verifiable Credentials (VCs), and Distributed Ledger Technology (DLT), integrating Zero-Knowledge Proofs (ZKPs) to secure identity management in V2X systems. The proposed framework achieves robust authentication, mitigates centralization risks, and enables privacy-preserving mechanisms, demonstrating enhanced scalability and resilience against attacks in V2X communication.","2994-5828","979-8-3503-9106-0","10.1109/TELFOR63250.2024.10819049","Horizon Europe; ","https://ieeexplore.ieee.org/stamp/stamp.jsp?arnumber=10819049","Vehicle-to-Everything;Decentralized Identifiers;Verifiable Credentials;Zero-Knowledge Proofs;Autonomous Vehicles","Privacy;Protocols;Distributed ledger;Scalability;Authentication;Public key;Road safety;Telecommunications;Vehicle-to-everything;Resilience","","1","","26","IEEE","2 Jan 2025","26-27 Nov. 2024","26-27 Nov. 2024","IEEE","IEEE Conferences"
"Future on Wheels: Safeguarding Privacy in Tomorrow’s Connected Vehicles-FUTURE-SP","F. Znidi; M. Morsy; H. Rathore","Department of Engineering and Physics, Texas A&M University—Texarkana, Texarkana, TX, USA; Department of Engineering and Physics, Texas A&M University—Texarkana, Texarkana, TX, USA; Department of Computer Science, Texas State University, San Marcos, TX, USA",IEEE Access,"5 Dec 2024","2024","12","","179857","179878","As connected and autonomous vehicles (CAVs) become increasingly integrated into daily transportation systems, they accumulate vast amounts of personal data, raising significant privacy concerns. This study focuses on navigating the balance between fostering technological innovation and ensuring robust privacy protections. It emphasizes the importance of encryption, transparent data management, and user-centric privacy settings to protect against unauthorized data access and surveillance. The analysis highlights the necessity for evolving legal frameworks that keep pace with rapid technological advancements in CAVs, advocating for adjustments to address emerging privacy challenges as they arise. Additionally, the study calls for international collaboration and legal adaptability to establish a regulatory environment that supports the safe and privacy-conscious deployment of CAV technologies. By exploring public perceptions of CAV privacy and discussing advanced techniques such as differential privacy and federated learning, the study outlines effective strategies to enhance data security and foster trust among users. It stresses the importance of transparency and control over personal data to mitigate privacy risks and enhance public acceptance of CAVs. This comprehensive examination contributes to a multidisciplinary discourse, aiming to develop a cohesive global privacy framework that aligns CAV technological advancements with essential safety and privacy protections.","2169-3536","","10.1109/ACCESS.2024.3505158","College of Business, Engineering, and Technology at Texas A&M University-Texarkana; ","https://ieeexplore.ieee.org/stamp/stamp.jsp?arnumber=10766571","Connected vehicles;autonomous driving;privacy concerns;encryption techniques;vehicle-to-everything (V2X) communications;data anonymization","Data privacy;Privacy;Law;Protection;Encryption;Vehicle-to-everything;Scalability;Real-time systems;Faces;Data collection","","5","","127","CCBY","25 Nov 2024","2024","","IEEE","IEEE Journals"
"Analyzing the inconsistency in driving patterns between manual and autonomous modes under complex driving scenarios with a VR-enabled simulation platform","Z. Xu; Y. Fang; N. Zheng; H. L. Vu","Department of Civil Engineering, Monash University, Clayton, Australia; Department of Civil Engineering, Monash University, Clayton, Australia; Department of Civil Engineering, Monash University, Clayton, Australia; Department of Civil Engineering, Monash University, Clayton, Australia",Journal of Intelligent and Connected Vehicles,"30 Dec 2022","2022","5","3","215","234","Purpose - With the aid of naturalistic simulations, this paper aims to investigate human behavior during manual and autonomous driving modes in complex scenarios. Design/methodology/approach - The simulation environment is established by integrating virtual reality interface with a micro-simulation model. In the simulation, the vehicle autonomy is developed by a framework that integrates artificial neural networks and genetic algorithms. Human-subject experiments are carried, and participants are asked to virtually sit in the developed autonomous vehicle (AV) that allows for both human driving and autopilot functions within a mixed traffic environment. Findings - Not surprisingly, the inconsistency is identified between two driving modes, in which the AV's driving maneuver causes the cognitive bias and makes participants feel unsafe. Even though only a shallow portion of the cases that the AV ended up with an accident during the testing stage, participants still frequently intervened during the AV operation. On a similar note, even though the statistical results reflect that the AV drives under perceived high-risk conditions, rarely an actual crash can happen. This suggests that the classic safety surrogate measurement, e.g. time-to-collision, may require adjustment for the mixed traffic flow. Research limitations/implications - Understanding the behavior of AVs and the behavioral difference between AVs and human drivers are important, where the developed platform is only the first effort to identify the critical scenarios where the AVs might fail to react. Practical implications - This paper attempts to fill the existing research gap in preparing close-to-reality tools for AV experience and further understanding human behavior during high-level autonomous driving. Social implications - This work aims to systematically analyze the inconsistency in driving patterns between manual and autopilot modes in various driving scenarios (i.e. multiple scenes and various traffic conditions) to facilitate user acceptance of AV technology. Originality/value - A close-to-reality tool for AV experience and AV-related behavioral study. A systematic analysis in relation to the inconsistency in driving patterns between manual and autonomous driving. A foundation for identifying the critical scenarios where the AVs might fail to react.","2399-9802","","10.1108/JICV-05-2022-0017","","https://ieeexplore.ieee.org/stamp/stamp.jsp?arnumber=10004531","Autonomous vehicle;Naturalistic simulation;Virtual reality;Cognitive bias;Intervention behavior;Mixed traffic","Behavioral sciences;Sensors;Autonomous vehicles;Accidents;Vehicle dynamics;Solid modeling;Manuals","","14","","","","30 Dec 2022","2022","","TUP","TUP Journals"
"Software Transparency as a Key Requirement for Self-Driving Cars","L. M. Cysneiros; M. Raffi; J. C. Sampaio do Prado Leite","York University, Toronto, Canada; York University, Toronto, Canada; Pontificia Universidade Catolica, Brazil",2018 IEEE 26th International Requirements Engineering Conference (RE),"14 Oct 2018","2018","","","382","387","Self-Driving cars is a fast-growing area of study both in academia and industry. It is part of a broader domain which involves the development of software for Highly Automated Vehicles (HAV) and notions extracted from Artificial Intelligence/Autonomous Systems (AI/AS). There are many challenges that must be overcome to deliver self-driving cars in a manner that is readily accepted by consumers and society. Studies have shown that although many people are comfortable with the idea of AI helping them to operate their houses or schedule appointments, not many people are comfortable with the idea of cars being driven by AI algorithms. At the same time, insurance companies are concerned about vehicle liability issues and how to demonstrate who/what caused an accident. We believe that self-driving cars that demonstrate transparency in their operations will increase consumer trust which is pivotal to its acceptance and will pave the way for its commercialization and daily use. In this work, we investigate how to pursue the elicitation and modeling of transparency as a Non-Functional Requirement (NFR) to produce self-driving cars that are more robust.","2332-6441","978-1-5386-7418-5","10.1109/RE.2018.00-21","","https://ieeexplore.ieee.org/stamp/stamp.jsp?arnumber=8491154","Autonomous Systems, Non-Functional Requirements, Highly Automated Vehicles, and Transparency","Automobiles;Autonomous automobiles;Software;Industries;Autonomous vehicles","","48","","34","IEEE","14 Oct 2018","20-24 Aug. 2018","20-24 Aug. 2018","IEEE","IEEE Conferences"
"Perception and technology adoption trends for autonomous vehicles: Educational case study","A. Mushtaq; S. Riaz; H. Mohd; A. Saleh","DWC, Higher Colleges of Technolgy, UAE; Amity University Dubai, UAE; DWC, Higher Colleges of Technolgy, UAE; DWC, Higher Colleges of Technolgy, UAE",2018 Advances in Science and Engineering Technology International Conferences (ASET),"11 Jun 2018","2018","","","1","5","In recent years, self-driving cars have caused substantial attention and discussion. The effects of such autonomous cars on current load of traffic in UAE is a widespread topic in the research community. The literature gathered empirical evidences on adoption patterns of self-driving vehicles, people's likely use of them, and how that might influence amount of travel, mode choice, auto ownership, and other travel behavior decisions. However, autonomous vehicles are not yet in the market, therefore, there is a need to investigate travelers' behavior in terms of their perception concerns associated with autonomous vehicles and adoption trends. In this research paper, local contexts and opinions were gathered and examined. Questionnaire was designed and distributed to 100 different participants. The study investigates perception concerns and their association with innovation adoption trends. Theory of Diffusion of Innovation has been used for cross-comparison and classification in Trend-Analysis. One-way Analysis of Variance, Post-hoc Multiple Comparison, and Correlation Coefficients using Scatter-dot Plot techniques were deployed to test Hypotheses. The data was collected and analyzed using SPSS v.20. This research concludes that safety is biggest perception concern of travelers, while the adoptiontrend more or less follows the diffusion pattern. However, there is a need to educate people by introducing simulators in the market to reduce Chasm Transition phase, which has been found to be marginally significant in adoption analysis of autonomous vehicles.","","978-1-5386-2399-2","10.1109/ICASET.2018.8376923","","https://ieeexplore.ieee.org/stamp/stamp.jsp?arnumber=8376923","Autonomous Vehicles;Adoption Trends;User Perception","Autonomous vehicles;Automobiles;Safety;Autonomous automobiles;Privacy;Market research","","7","","10","IEEE","11 Jun 2018","6 Feb.-5 April 2018","6 Feb.-5 April 2018","IEEE","IEEE Conferences"
"Autonomous mobility and user perception: A Case of City as a Lab in Slovenia","I. Zajc; R. Sernec; G. Lenart; A. Pucihar","IBM Slovenia, Ljubljana, Slovenia; Living Lab, Ljubljana, Slovenia; University of Maribor/Faculty of Organizational Sciences, Kranj, Slovenia; University of Maribor/Faculty of Organizational Sciences, Kranj, Slovenia","2020 43rd International Convention on Information, Communication and Electronic Technology (MIPRO)","6 Nov 2020","2020","","","1843","1847","Autonomous vehicles (AV) have the potential to disrupt the entire transport industry. Technology of AV offers many opportunities as for example reduction of road accidents, fewer congestions on the roads, lower number of vehicles while having better utilization. Beside significant contribution of electric vehicles (EV) to cleaner environment, fully AV also bring new social element as they enable mobility for all. In addition, the use of digital technologies in combination with AV introduces a radical and new paradigm in the transportation, where the lines between car ownership, rental, and lease modes are more and more blurred. To explore the potential of AV in smart city context, AV Living Lab has been established on the premises of BTC City. The AV Living lab was created to test and to learn about real-life solutions for implementation of AV. The underlying concept is BTC City as a Lab ecosystem, where the latest advanced technologies, business models, and services are tested with real users, real cars, on real roads over the real interactions in cross-industry environment. We describe a specific use case of AV shuttle driving and its human experience perception, which was evaluated after a large scale pilot demonstration.","2623-8764","978-953-233-099-1","10.23919/MIPRO48935.2020.9245147","","https://ieeexplore.ieee.org/stamp/stamp.jsp?arnumber=9245147","autonomous mobility;living lab;city as a lab;case;Slovenia","Road accidents;Smart cities;Roads;Transportation;Legislation;Automobiles;Autonomous vehicles","","3","","21","","6 Nov 2020","28 Sept.-2 Oct. 2020","28 Sept.-2 Oct. 2020","IEEE","IEEE Conferences"
"Driving the Future: Addressing Generational Trust and Ownership Barriers in the Adoption of Connected and Autonomous Vehicles","C. Mutzenich; F. McVey; C. Martin; C. Harding","7th Sense Research, London, UK; 7th Sense Research, London, UK; 7th Sense Research, London, UK; 7th Sense Research, London, UK",2024 IEEE Intelligent Vehicles Symposium (IV),"15 Jul 2024","2024","","","397","402","The advent of Connected and Autonomous Vehicles (CAVs) promises a transformative shift in transport, ushering in an era of shared mobility and interconnectedness. However, recent events highlight the challenges facing the widespread acceptance of CAVs and Mobility as a Service (MaaS). Drawing on insights from a survey of over 3,000 transport users in the UK, our study reveals two significant hurdles impeding the transition to shared autonomy. Firstly, user adoption presents a formidable challenge, slowing the pace of relinquishing control to driverless mobility, due to low trust and acceptance across generational groups. Secondly, the enduring preference for private vehicle ownership acts as a barrier to embracing shared mobility solutions. To address these challenges, we introduce the SASS Model, which categorises individuals into four distinct groups based on their emotional and rational inclinations towards CAVs and MaaS: Sceptics, Alarmists, Swing Voters, and Supporters. Each group necessitates a tailored approach to effectively communicate the benefits of CAVs. Strategies include addressing the concerns of Alarmists, providing reassurance to Sceptics, educating Swing Voters about the advantages of an automated future, and leveraging the backing of Supporters. Ultimately, the momentum of the automated (r)evolution will be driven by rational Sceptics and Swing Voters, highlighting the importance of targeted messaging and positioning by the automotive industry and transport providers to secure widespread adoption.","2642-7214","979-8-3503-4881-1","10.1109/IV55156.2024.10588833","","https://ieeexplore.ieee.org/stamp/stamp.jsp?arnumber=10588833","Autonomous Vehicles;Trust;Acceptance;Shared Mobility;User Adoption;SASS Model","Mobility as a service;Industries;Surveys;Connected vehicles;Shared transport;Education;Buildings","","5","","19","IEEE","15 Jul 2024","2-5 June 2024","2-5 June 2024","IEEE","IEEE Conferences"
"AVTAR Cyber Shield: A Comprehensive Framework for Machine Learning-Enhanced Cybersecurity in Cyber-Physical Environment","V. N. K. Sykam; A. Goyal; M. Nijim; A. Mishra; D. Hicks","Department of Electrical Engineering and Computer Science, Texas A&M University Kingsville, Kingsville, USA; Department of Electrical Engineering and Computer Science, Texas A&M University Kingsville, Kingsville, USA; Department of Electrical Engineering and Computer Science, Texas A&M University Kingsville, Kingsville, USA; Department of Electrical Engineering and Computer Science, Texas A&M University Kingsville, Kingsville, USA; Department of Electrical Engineering and Computer Science, Texas A&M University Kingsville, Kingsville, USA","2024 International Conference on Circuit, Systems and Communication (ICCSC)","6 Aug 2024","2024","","","1","6","abstract-In the rapidly advancing era of self-driving cars, the imperative of ensuring robust cybersecurity measures to safeguard against evolving threats becomes paramount. This paper investigates the intricate cyber-physical systems within autonomous vehicles, emphasizing the critical role of “AVTAR Cyber Shield” as a comprehensive cybersecurity framework for fortifying against potential vulnerabilities. The paper provides a basic understanding on how autonomous car manufacturers and/or technology providers like Pony.ai, Waymo, WeRide and Zoox implement safety measures which prompted us to introduce a new driver’s self-preparation safety module before riding to qualitatively evaluate the preride risk(s) associated with self-driving cars. An exploration of current cybersecurity threats, and compliance with industry standards, is complemented by the identification of challenges such as technical complexities and human factors. The paper concludes with analyzing the existing statistical result focus on recent risk calculation, contributing to the future trends and innovations, proposing recommendations that advocate for continuous monitoring, best practices, and adaptive strategies to address evolving cybersecurity threats and traditional human un/known mistakes. This comprehensive examination contributes valuable insights to the discourse on securing the future of self-driving vehicles, offering guidance for researchers, practitioners, and policymakers navigating the complex landscape of autonomous transportation.","","979-8-3503-6530-6","10.1109/ICCSC62074.2024.10616984","","https://ieeexplore.ieee.org/stamp/stamp.jsp?arnumber=10616984","Autonomous vehicles;cyber-physical systems;cybersecurity;self-driving cars;vulnerabilities;threats;attacks;risk mitigation;framework;safety measures;countermeasures","Industries;Transportation;Human factors;Real-time systems;Time measurement;Safety;Autonomous automobiles","","","","22","IEEE","6 Aug 2024","28-29 June 2024","28-29 June 2024","IEEE","IEEE Conferences"
"Enhanced Net Valence Model (NVM) for the Adoption of Autonomous Vehicles (AVs) by Novice Drivers","A. A. A. Alshaafee; N. A. Iahad","School of Computing Faculty of Engineering, Universiti Teknologi Malaysia, Johor Bahru, Malaysia; Azman Hashim International Business School (Information systems), Universiti Teknology Malaysia, Johor Bahru",2019 6th International Conference on Research and Innovation in Information Systems (ICRIIS),"23 Apr 2020","2019","","","1","6","Autonomous Vehicles (AVs, Level 4) can drive themselves from point A to point B without the need for any interaction from the driver because they are able to sense the surrounding environment. The few studies on adopting AVs tend to be narrowly focused on experienced drivers who have held a full license for a long time; there is no research yet on the adoption of AVs by novice drivers. Moreover, none of the previous studies has used the Net Valence Model (NVM) in investigating AV adoption. Realizing this gap, the aim of this study is to investigate factors influencing the adoption by novice drivers of Level 4 AVs. A conceptual model is proposed by extending NVM with three constructs as independent variables: personal innovativeness, alternatives, and social influence. Based on the proposed conceptual model, 16 hypotheses have been formulated which will be tested in the next phase of this research.","2324-8157","978-1-7281-6726-8","10.1109/ICRIIS48246.2019.9073281","","https://ieeexplore.ieee.org/stamp/stamp.jsp?arnumber=9073281","Autonomous Vehicles;Artificial Intelligence;Alternatives;Personal innovativeness;Social influence;Net Valence Model","Performance evaluation;Smart homes;Social network services;Security;Autonomous vehicles;Psychology","","5","","48","IEEE","23 Apr 2020","2-3 Dec. 2019","2-3 Dec. 2019","IEEE","IEEE Conferences"
"Integrating Cybersecurity in V2X: A Review of Simulation Environments","K. Herman Muraro Gularte; J. Paulo Javidi da Costa; J. A. R. Vargas; A. Santos da Silva; G. Almeida Santos; Y. Wang; C. Alfons Müller; C. Lipps; R. Timóteo de Sousa; W. de Britto Vidal Filho; P. Slusallek; H. Dieter Schotten","Graduate Program in Mechatronic Systems (PPMEC), University of Brasília (UnB), Brasília, Brazil; Graduate Program in Mechatronic Systems (PPMEC), University of Brasília (UnB), Brasília, Brazil; Department of Electrical Engineering, University of Brasília (UnB), Brasília, Brazil; Hamm-Lippstadt University of Applied Sciences (HSHL), Lippstadt Campus, Hamm, Germany; Hamm-Lippstadt University of Applied Sciences (HSHL), Lippstadt Campus, Hamm, Germany; Hamm-Lippstadt University of Applied Sciences (HSHL), Lippstadt Campus, Hamm, Germany; German Research Center for Artificial Intelligence (DFKI), Saarbrücken, Germany; DFKI, Kaiserslautern, Germany; Professional Postgraduate Program in Electrical Engineering (PPEE), UnB, Brasília, Brazil; Department of Mechanical Engineering, UnB, Brasília, Brazil; German Research Center for Artificial Intelligence (DFKI), Saarbrücken, Germany; DFKI, Kaiserslautern, Germany",IEEE Access,"5 Dec 2024","2024","12","","177946","177985","The deployment and acceptance of Vehicle-to-Everything (V2X) technologies are essential for the advancement of intelligent transportation systems, requiring robust simulation tools for development and validation. This paper offers an overview of leading V2X simulation tools, emphasizing their role in communication and cybersecurity applications. Existing surveys are reviewed, identifying gaps such as the limited coverage of less known tools such as CARLA and CarSim and the absence of detailed market analyses. A thorough assessment of the market significance of V2X simulation tools is provided, highlighting annual trends and profiling leading companies. Publication trends across major scientific databases are also examined, reflecting the growing interest and research diversity in V2X simulations. The review includes an analysis of crucial simulation tools such as SUMO, NS3, OMNeT++, Veins, and CARLA, emphasizing their contributions to V2X communications. Regarding cybersecurity, the study explores simulation parameters for mitigating security threats such as jamming, spoofing, Denial of Service (DoS), and eavesdropping. Furthermore, the increasing integration of different simulation tools is highlighted to address their individual limitations. Finally, emerging research opportunities are identified, advocating for the integration of co-simulation frameworks and AI-driven (Artificial Intelligence) approaches to improve the accuracy and resilience of V2X systems. This survey aims to guide future research efforts in developing secure, efficient, and scalable V2X communication technologies.","2169-3536","","10.1109/ACCESS.2024.3504404","Coordenação de Aperfeiçoamento de Pessoal de Nível Superior-Brasil (CAPES)(grant numbers:001); University of Brasilia; Bundesamt für Sicherheit in der Informationstechnik (BSI) through the Project Beyond 5G Virtuelle Umgebung für Cybersicherheitstests von V2X-Systemen(grant numbers:B5GCyberTestV2X); ","https://ieeexplore.ieee.org/stamp/stamp.jsp?arnumber=10759653","Vehicle-to-everything;connected and automated vehicles;trends in V2X simulations;V2X simulation tools;V2X cybersecurity;radio jamming;spoofing;denial of service;eavesdropping","Vehicle-to-everything;Surveys;Security;Computer security;Testing;Market research;Cyberattack;Artificial intelligence;Reviews;Patents","","14","","142","CCBY","21 Nov 2024","2024","","IEEE","IEEE Journals"
"Autonomous Vehicles - Trust, Safety and Security Cases: The Complete Picture","T. Myklebust; T. Stålhane; G. D. Jenssen",SINTEF Digital; NTNU; SINTEF Community,2023 Annual Reliability and Maintainability Symposium (RAMS),"5 Apr 2023","2023","","","1","6","Summary & ConclusionsSafety cases are required by several functional safety standards, specifications, and guidelines. Cybersecurity cases have recently been required by ISO/SAE 21424:2021 for automotive and EN TS 50701:2021 for the railway domain. In this paper we discuss cybersecurity cases and suggest using the topics and structure for a cybersecurity case as described in Annex G of EN TS 50701. BSI PAS 1881:2022 requires: ""Trialing organizations shall develop and publish a publicly available and accessible version of the safety case"". We have already developed a ""safety case for the public"" [1] to ensure that (1) the public is aware that safety evidence exists, (2) they are aware of relevant safety aspects when they are passengers, and (3) the vehicle’s limitations are described transparently.Trust is a dynamic process that involves initiating and building trust, responding to violations of trust (failures), and trying to rebuild (repair) trust. The building blocks of trust are not limited to the vehicle itself but also include the embedded AI (Artificial Intelligence) and its overt function. Trust is a holistic perception of the complete service, technology, and organizations responsible for developing, implementing, and certifying an autonomous vehicle.An autonomous vehicle will need acceptance from the certification bodies and the authorities, but we also need to gain the public’s trust. Our research found that several aspects are missing in the safety and cybersecurity cases to ensure public trust.To make self-driving buses a success, they need to be considered trustworthy. Thus, we need a ""Trust case"" that includes evidence related to distinct trust aspects. Our literature studies, focus groups [4], and surveys found that trust and safety are not correlated. We have developed a ""Trust case"" to cover the factors not included in the safety and cybersecurity cases. The resulting ""Trust case"" approach is currently in the form of specific information topics presented in a layman form and a safety case for the public [6], and specific trust topics in [7]. Further research is necessary, related to topics such as deep learning, security, and incorrect reporting to the driver due to e.g., false positive results.","2577-0993","978-1-6654-6053-8","10.1109/RAMS51473.2023.10088202","","https://ieeexplore.ieee.org/stamp/stamp.jsp?arnumber=10088202","Safety case;cybersecurity case;trust case;safety;autonomous;public","Standards organizations;Random access memory;Organizations;Safety;Reliability;Computer security;Artificial intelligence","","3","","31","IEEE","5 Apr 2023","23-26 Jan. 2023","23-26 Jan. 2023","IEEE","IEEE Conferences"
"Privacy on Autopilot: Exploring User Attitudes Toward Data Use in Autonomous Vehicles","N. Z. AlRais; S. M. AlHajeri; H. Almansoori; A. AlAwadhi; A. Panthakkan; S. A. Amin","College of Engineering and IT, University of Dubai, Dubai, U.A.E.; College of Engineering and IT, University of Dubai, Dubai, U.A.E.; College of Engineering and IT, University of Dubai, Dubai, U.A.E.; College of Engineering and IT, University of Dubai, Dubai, U.A.E.; College of Engineering and IT, University of Dubai, Dubai, U.A.E.; College of Engineering and IT, University of Dubai, Dubai, U.A.E.",2025 Advances in Science and Engineering Technology International Conferences (ASET),"17 Mar 2026","2025","","","1","5","The rapid evolution of autonomous vehicle (AV) technology driven by artificial intelligence (AI) and big data analytics is transforming the landscape of modern transportation. Yet, this technological progress brings pressing concerns about data privacy and user trust, particularly due to the constant collection, sharing, and analysis of real-time data. This study explores user perceptions of data privacy in autonomous vehicles, with a focus on the context of Dubai. Utilizing machine learning (ML) techniques and k -fold crossvalidation, we analyzed user data across various demographic factors, including age, gender, and education, to accurately predict privacy concerns. Among several classifiers K-Nearest Neighbors, Decision Tree, Support Vector Machine (SVM), Random Forest, Neural Networks, and AdaBoost Gradient Boosting demonstrated the highest predictive accuracy. The results underscore the importance of robust data governance frameworks, public awareness initiatives, and cross-sector collaboration among policymakers, AI researchers, and the automotive industry. Future work should consider longitudinal studies, the application of advanced deep learning models, and the development of comprehensive regulatory strategies to foster a privacy-conscious, AI-enabled mobility ecosystem.","2831-6878","979-8-3315-9612-5","10.1109/ASET66891.2025.11427971","","https://ieeexplore.ieee.org/stamp/stamp.jsp?arnumber=11427971","Autonomous vehicles;Artificial intelligence;Data privacy;Smart mobility;Predictive modeling","Support vector machines;Data privacy;Neural networks;Transportation;Pressing;Predictive models;Real-time systems;Space vector modulation;Autonomous vehicles;Random forests","","","","31","IEEE","17 Mar 2026","15-18 Sept. 2025","15-18 Sept. 2025","IEEE","IEEE Conferences"
"Navigating the Future: Predictive Modeling of Safety Perceptions and Adoption Readiness of Autonomous Vehicles for Public Safety Enhancement","S. Majumdar; A. Awasthi; S. E. Kirkley","Concordia Institute of Info Systems Eng, Concordia University, Montréal, Quebec, Canada; Concordia Institute of Info Systems Eng, Concordia University, Montréal, Quebec, Canada; IU RedLab, Indiana University Bloomington, Bloomington, IN",2025 IEEE 15th Annual Computing and Communication Workshop and Conference (CCWC),"5 Mar 2025","2025","","","00760","00768","The proliferation of autonomous vehicles (AVs) promises a shift towards more efficient and potentially safer roadways. However, the integration of AVs into existing transportation networks raises critical safety concerns, especially for vulnerable road users such as pedestrians and bicyclists. This paper examines the factors influencing these users' safety perceptions of sharing roadways with AVs. Leveraging survey data from Bike Pittsburgh and applying multinomial logit models, we assess how exposure to AVs, regulatory attitudes, and incidents involving AVs shape public trust and perceived safety. The study reveals that increased familiarity with AV technology correlates positively with safety perceptions, despite the historical impact of high-profile AV accidents. It also finds that public approval of AV testing is rising, suggesting a growing acceptance of AVs. Our analysis indicates a need for nuanced, evidence-based public policies that address the concerns of active transportation users and incorporate their perspectives into the formulation of safety guidelines in the era of AVs. Ultimately, the study highlights the importance of fostering positive interactions between AVs and vulnerable road users to promote harmonious coexistence and acceptance.","","979-8-3315-0769-5","10.1109/CCWC62904.2025.10903793","","https://ieeexplore.ieee.org/stamp/stamp.jsp?arnumber=10903793","Autonomous Vehicles (AV);AV adoption;technology familiarity;public safety;AV tech education;safety perceptions;AV safety advancements;multinomial logit model;predictive modeling;logistic regression;adoption readiness","Surveys;Shape;Computational modeling;Roads;Transportation;Predictive models;Public security;Safety;Autonomous vehicles;Testing","","1","","34","IEEE","5 Mar 2025","6-8 Jan. 2025","6-8 Jan. 2025","IEEE","IEEE Conferences"
"Promoting User Acceptance in Autonomous Driving","W. Titov; T. Schlegel","Institute of Ubiquitous Mobility Systems Karlsruhe University of Applied Science, Karlsruhe, Germany; Institute of Ubiquitous Mobility Systems Karlsruhe University of Applied Science, Karlsruhe, Germany",2022 7th International Conference on Smart and Sustainable Technologies (SpliTech),"19 Aug 2022","2022","","","1","6","The User Acceptance in Autonomous Vehicle is the main subject that has received the attention of researcher and professional in all around the world. The main objective of the paper is to encourage people towards technological acceptance of Autonomous vehicles. All benefit, after technological difficulties, do not come without a certain amount of challenges. The present challenges of Autonomous Vehicle are Assurance of system and Software, Sensing and Connectivity, Judgment, and Verification and Validation. This paper helps to provide more information regarding this technology. It helps the users to understand how safe and best this technology to use. To better predict, explain and increase User acceptance, we need to better understand why people will not accept or reject this technology. To use the knowledge obtained in order to foresee improved knowledge has on the actions of both the automotive industry and government. These papers provide practical evidence of road accidents as well as it compares Manual and Automatic Cars, which helps users to decide what good for them. There are questions asked by every individual who has to be answered. Among those questions, there is a common question asked by every user “How safe are you in an autonomous vehicle”?","","978-1-6654-8828-0","10.23919/SpliTech55088.2022.9854288","","https://ieeexplore.ieee.org/stamp/stamp.jsp?arnumber=9854288","User Acceptance;Autonomous Technology;User Behavior;Road Safety","Road accidents;Government;Manuals;Software;Regulation;Sensors;Safety","","2","","20","","19 Aug 2022","5-8 July 2022","5-8 July 2022","IEEE","IEEE Conferences"
"Ethical Issues in Autonomous Vehicle Programming- An Indian Perspective","N. Nedunchezhian; A. Anbuchezian; R. Subramanian; C. Arivazhagan; G. Chakkravarthy","Automobile Engineering, Annapoorana Engineering College, Salem, India; Civil Engineering, Annapoorana Engineering College, Salem, India; Automobile Engineering, Annapoorana Engineering College, Salem, India; Automobile Engineering, Annapoorana Engineering College, Salem, India; Chicago Booth, University of Chicago, IL, USA","2025 IEEE International Symposium on Ethics in Engineering, Science, and Technology (ETHICS)","4 Aug 2025","2025","","","1","5","This research paper analysis the ethical problems in programming an autonomous vehicle(AV) and suggests some guiding principles to be followed under Indian perspective. Unavoidable collision situations create moral dilemmas requiring consideration of the most acceptable and moral action of the vehicle. Many researchers proposed possible solutions for these dilemmas faced by the programmers in this domain. Each country have their own ethical principles and India is quit different in dealing with this problem. The moral values of each country and region differs and programming an autonomous vehicle also should follow the accepted ethical values of that country. For the acceptance of the AVs by public, a clear understanding of the cultural and ethical values must be the guiding principle in programming. Data security and privacy emerge as another key ethical considerations, requiring the need for added cyber security measures. The Indian traffic is one of the unique combination of many road users like animal driven carts, two wheeler, trucks, buses cars and multi axle vehicles along with pedestrians. Hence AV programming also requires an unique approach with combination of traffic rules, Indian ethical values, traffic climate and data security. The purpose of this research work is to advocate for transparency, accountability, and stakeholder engagement as fundamental principles for ensuring the ethical use of these technologies. The suggestion from this work gives valuable insight for policymakers, industry practitioners, and researchers in solving the complex ethical issues of autonomous vehicle technologies and will contribute in shaping the principles for the AVs programming in India.","2996-3648","979-8-3315-3228-4","10.1109/ETHICS65148.2025.11098210","","https://ieeexplore.ieee.org/stamp/stamp.jsp?arnumber=11098210","Autonomous Vehicle;unavoidable collision;ethics;programming;cyber security. AI;Moral delima;Indian Ethical value","Industries;Ethics;Data security;Roads;Programming;Safety;Cultural differences;Stakeholders;Computer crime;Autonomous vehicles","","","","39","IEEE","4 Aug 2025","6-8 June 2025","6-8 June 2025","IEEE","IEEE Conferences"
"A Context Aware and Traffic Adaptive Privacy Scheme in VANETs","I. Saini; S. Saad; A. Jaekel","School of Computer Science, University of Windsor, Windsor, Canada; School of Computer Science, University of Windsor, Windsor, Canada; School of Computer Science, University of Windsor, Windsor, Canada",2020 IEEE 3rd Connected and Automated Vehicles Symposium (CAVS),"1 Feb 2021","2020","","","1","5","Preserving privacy in VANETs is a significant challenge for users and public acceptance of VANETs. The use of a pseudonym is a common technique for enhancing the user's privacy in VANETs. Several Pseudonym Changing Schemes (PCS) for user's privacy in VANETs have been proposed. The highly dynamic topology of the vehicular network can impact the way the pseudonymous identifiers are changed. To make these changes inconspicuous, we introduce the Context-Aware and Traffic Adaptive privacy scheme, which takes into account the rapidly changing traffic condition. In this paper, we propose a new PCS that aims to benefit the most from the context of the vehicle and traffic patterns to leverage a suitable situation for changing pseudonyms that increases anonymity. The vehicles change the pseudonym simultaneously in a region to increase privacy by maximizing the anonymity set. The proposed approach is evaluated in the presence of an adversary actor who could engineer privacy attacks against any given PCS.","","978-1-7281-9001-3","10.1109/CAVS51000.2020.9334559","Natural Sciences and Engineering Research Council of Canada; ","https://ieeexplore.ieee.org/stamp/stamp.jsp?arnumber=9334559","","Road transportation;Context-aware services;Privacy;Network topology;Traffic control;Topology;Vehicle dynamics","","5","","23","IEEE","1 Feb 2021","18 Nov.-16 Dec. 2020","18 Nov.-16 Dec. 2020","IEEE","IEEE Conferences"
"Advanced Autonomous Vehicle Acceptance Model (AAVAM) for Promoting Accessible Travel","L. Chen; L. Yang; X. Luan; L. Yang; Y. Song; S. Qin","School of Mechanical Engineering, Northwestern Polytechnical University, Xi'an, China; School of Mechanical Engineering, Northwestern Polytechnical University, Xi'an, China; School of Mechanical Engineering, Northwestern Polytechnical University, Xi'an, China; Smart Design Lab, Northumbria University, Newcastle Upon Tyne, UK; School of Mechanical Engineering, Northwestern Polytechnical University, Xi'an, China; Smart Design Lab, Northumbria University, Newcastle Upon Tyne, UK",2024 29th International Conference on Automation and Computing (ICAC),"23 Oct 2024","2024","","","1","6","The rise of autonomous driving technology offers new opportunities for accessible travel for the elderly population. However, to ensure that this technology meets the specific needs of the elderly, it is essential to understand their acceptance of autonomous vehicles and the factors that influence it. This study proposes the Advanced Autonomous Vehicle Acceptance Model (AAVAM) to systematically explore the acceptance of autonomous vehicles by the elderly at different stages of the vehicle's life cycle (before purchase, during use, and at the end of life). By comprehensively considering factors from product, service, and system aspects, the AAVAM model provides a theoretical basis for designing and providing autonomous vehicle solutions that meet the needs of the elderly.","","979-8-3503-6088-2","10.1109/ICAC61394.2024.10718798","","https://ieeexplore.ieee.org/stamp/stamp.jsp?arnumber=10718798","Autonomous vehicles;elderly population;acceptance model;social inclusion","Automation;Computational modeling;Older adults;Autonomous vehicles","","1","","28","IEEE","23 Oct 2024","28-30 Aug. 2024","28-30 Aug. 2024","IEEE","IEEE Conferences"
"Legal considerations for the transportation of unaccompanied minors in autonomous vehicles","S. Farmer; E. F. Judge","University of Ottawa, Ottawa, ON, Canada; University of Ottawa, Ottawa, ON, Canada",2024 IEEE 10th World Forum on Internet of Things (WF-IoT),"30 Dec 2024","2024","","","1","6","This article provides an overview of the variety of laws that currently regulate the transportation of children in motor vehicles in Canada, evaluates what changes are required if autonomous vehicles replace human drivers, and recommends the best options for legally regulating the transportation of unaccompanied children in autonomous vehicles.","2768-1734","979-8-3503-7301-1","10.1109/WF-IoT62078.2024.10811331","","https://ieeexplore.ieee.org/stamp/stamp.jsp?arnumber=10811331","autonomous vehicles;law and technology;motor vehicle law;children and the law;Canadian law","Technological innovation;Automation;Law;Surveillance;Safety;Automobiles;Internet of Things;Autonomous vehicles;Standards;Vehicles","","","","41","IEEE","30 Dec 2024","10-13 Nov. 2024","10-13 Nov. 2024","IEEE","IEEE Conferences"
"Assessing the Security and Architectural Frameworks of Self-Driving Cars in Smart Cities","M. J. C. Samonte; L. M. D. Laqueo; R. K. L. Mampusti; K. D. H. Panganiban","School of Information Technology, Mapua Univerisity, Makati City, Philippines; School of Information Technology, Mapua University, Makati City, Philippines; School of Information Technology, Mapua University, Makati City, Philippines; School of Information Technology, Mapua University, Makati City, Philippines",2024 8th International Conference on Smart Grid and Smart Cities (ICSGSC),"31 Dec 2024","2024","","","374","381","This review aims at presenting a clear understanding of AVs in smart cities, more specifically in terms of technological development, inherent challenges, and social impacts. LiDAR sensors and the communication protocols essential for improving the navigation and safety of AVs in urban areas are explored. The review brings together recent studies and notes the resultant adversities of the AV sensor system with respect to the weather impact as well as the need to strengthen protection against cyber-crimes. Other key areas of concern include road traffic control, traffic flow reduction, energy conservation, and changes in the transport system usage within urban areas. In incorporating various aspects related to the AV integration, the review highlights the role of policy makers, researchers and industry players, and stresses the need for regulatory framework, societal acceptance, and design of interaction between human and computers as crucial in the development of AVs. AVs hold the potential of enabling smarter, safer, and sustainable cities worldwide in the future and the consequent growth of sensor technology and communication networks for AV technologies are prospective for urban mobility.","2768-0088","979-8-3503-7740-8","10.1109/ICSGSC62639.2024.10813654","","https://ieeexplore.ieee.org/stamp/stamp.jsp?arnumber=10813654","autonomous vehicles;cybersecurity risks;System Architecture;smart cities;AV integration","Protocols;Smart cities;Reviews;Sensor systems;Smart grids;Security;Protection;Intelligent sensors;Stress;Road traffic control","","","","32","IEEE","31 Dec 2024","25-27 Oct. 2024","25-27 Oct. 2024","IEEE","IEEE Conferences"
"Vision or Threat—Awareness for Dual-Use in the Development of Autonomous Driving","S. Schwartz; L. G. Guntrum; C. Reuter","Science and Technology for Peace and Security, Technical University of Darmstadt, Darmstadt, Germany; Science and Technology for Peace and Security, Technical University of Darmstadt, Darmstadt, Germany; Science and Technology for Peace and Security, Technical University of Darmstadt, Darmstadt, Germany",IEEE Transactions on Technology and Society,"14 Sep 2022","2022","3","3","163","174","In the digital age, the vision of autonomous vehicles (AVs) is vibrant. Research is being conducted worldwide to integrate AVs into our everyday lives in the future, spending considerable amounts of money in the development process. Actors from both engineering as well as social sciences are involved in this research, with technical disciplines strongly dominating. In addition to perceived progress of numerous newly developed technologies such as AVs, challenges should also be referred to. According to research analysis, the transferability of autonomous cars to the military sphere seems to be frequently forgotten or ignored (dual-use). Since not much research has been conducted in Germany on the potential deployment of autonomous driving development steps into military domains, 25 semistructured interviews with developers and researchers and actors involved in the field, were conducted in 2020. This article identifies that the majority of respondents interviewed were aware of general existing dual-use debates; however, few had reflected about dual-use issues regarding a possible transfer of their own development processes in the context of autonomous driving to military applications, intensively. One reason is the small-scale nature of research, another is the complexity of the field, which enables the engineer’s alienation from their responsibility for the artefacts’ use. Moreover, it has become clear that hardly any conversations among colleagues occur about possible misuse and that no standardized policy guidelines exist, which provide information about possible risk. To raise dual-use awareness, scientific contributions, risk education, and interdisciplinary discussions are essential.","2637-6415","","10.1109/TTS.2022.3182310","German Federal Ministry for Education and Research (BMBF) in the Regional Research Center “Transformations of Political Violence” (TraCe)(grant numbers:01UG2203E); German Federal Ministry of Education and Research and the Hessian Ministry of Higher Education, Research, Science and the Arts within their joint support of the National Research Center for Applied Cybersecurity ATHENE; ","https://ieeexplore.ieee.org/stamp/stamp.jsp?arnumber=9795193","Autonomous driving;awareness raising;dual-use;risk education","Autonomous vehicles;Weapons;Research and development;Ethics;Industries;Automotive engineering;Software","","3","","67","IEEE","13 Jun 2022","Sept. 2022","","IEEE","IEEE Journals"
"A Hybrid Model to Investigate Perception Towards Adoption of Autonomous Vehicles in India","A. Bhardwaj; Y. Kumar; N. Hasteer","Amity University, Noida, Uttar Pradesh, India; Amity University, Noida, Uttar Pradesh, India; Amity University, Noida, Uttar Pradesh, India","2021 IEEE 4th International Conference on Computing, Power and Communication Technologies (GUCON)","2 Nov 2021","2021","","","1","5","Autonomous Vehicles are becoming new trend in automobile industry as more and more manufacturers are trying to develop self-driving vehicles. This decade will mark the shift from people driving cars to cars driving people to their destination. As many level 4 and level 5 autonomous vehicles are under development and many level 2 and level 3 are available in market, it is pertinent to investigate what and how much people know and understand about this new technology and what is their perception towards using autonomous vehicles in India. The aim of this study is to gain an understanding of consumer perspective towards autonomous vehicles in India. A Hybrid model based on unified theory of acceptance and use of technology (UTAUT) and technology acceptance model TAM was used to assess people's comfort with levels of autonomy, acceptance of autonomous vehicles and other related attributes about perception. The model was implemented and public perception was collated through an online survey onto which statistical analysis was performed. From the results, we infer that people are excited to use level 5 vehicles. Though Indian public is waiting for these vehicles to arrive in market yet there appear some apprehensions about security.","","978-1-7281-9951-1","10.1109/GUCON50781.2021.9573588","","https://ieeexplore.ieee.org/stamp/stamp.jsp?arnumber=9573588","autonomous vehicles;self-driving;consumer perceptions","Technological innovation;Technology acceptance model;Statistical analysis;Transportation;Market research;Automobiles;Security","","2","","17","IEEE","2 Nov 2021","24-26 Sept. 2021","24-26 Sept. 2021","IEEE","IEEE Conferences"
"Digital Labels: Influencing Consumers Trust and Raising Cybersecurity Awareness for Adopting Autonomous Vehicles","W. Z. Khan; M. Khurram Khan; Q. -u. -A. Arshad; H. Malik; J. Almuhtadi","Center of Excellence in Information Assurance, King Saud University, Riyadh, Saudi Arabia; Center of Excellence in Information Assurance, King Saud University, Riyadh, Saudi Arabia; Department of Computer Science CUI, Islamabad Wah, Campus, Pakistan; Dept of Electrical and Computer Eng, University of Michigan-Dearborn, Dearborn, USA; Center of Excellence in Information Assurance, King Saud University, Riyadh, Saudi Arabia",2021 IEEE International Conference on Consumer Electronics (ICCE),"13 May 2021","2021","","","1","4","Autonomous vehicles (AVs) offer a wide range of promising benefits by reducing traffic accidents, environmental pollution, traffic congestion and land usage etc. However, to reap the intended benefits of AVs, it is inevitable that this technology should be trusted and accepted by the public. The consumer’s substantial trust upon AVs will lead to its widespread adoption in the real-life. It is well understood that the preservation of strong security and privacy features influence a consumer’s trust on a product in a positive manner. In this paper, we introduce a novel concept of digital labels for AVs to increase consumers awareness and trust regarding the security level of their vehicle. We present an architecture called Cybersecurity Box (CSBox) that leverages digital labels to display and inform consumers and passengers about cybersecurity status of the AV in use. The introduction of cybersecurity digital labels on the dashboard of AVs would attempt to increase the trust level of consumers and passengers on this promising technology.","2158-4001","978-1-7281-9766-1","10.1109/ICCE50685.2021.9427684","Ministry of Education; ","https://ieeexplore.ieee.org/stamp/stamp.jsp?arnumber=9427684","Autonomous Vehicles;Trust;Security and Privacy;Cybersecurity Awareness;Technology Acceptance","Privacy;Pollution;Fasteners;Road safety;Real-time systems;Reliability;Computer security","","4","","22","IEEE","13 May 2021","10-12 Jan. 2021","10-12 Jan. 2021","IEEE","IEEE Conferences"
"Explanations in Autonomous Driving: A Survey","D. Omeiza; H. Webb; M. Jirotka; L. Kunze","Department of Computer Science, University of Oxford, Oxford, U.K.; School of Computer Science, University of Nottingham, Nottingham, U.K.; Department of Computer Science, University of Oxford, Oxford, U.K.; Department of Engineering Science, Oxford Robotics Institute, University of Oxford, Oxford, U.K.",IEEE Transactions on Intelligent Transportation Systems,"10 Aug 2022","2022","23","8","10142","10162","The automotive industry has witnessed an increasing level of development in the past decades; from manufacturing manually operated vehicles to manufacturing vehicles with a high level of automation. With the recent developments in Artificial Intelligence (AI), automotive companies now employ blackbox AI models to enable vehicles to perceive their environment and make driving decisions with little or no input from a human. With the hope to deploy autonomous vehicles (AV) on a commercial scale, the acceptance of AV by society becomes paramount and may largely depend on their degree of transparency, trustworthiness, and compliance with regulations. The assessment of the compliance of AVs to these acceptance requirements can be facilitated through the provision of explanations for AVs’ behaviour. Explainability is therefore seen as an important requirement for AVs. AVs should be able to explain what they have ‘seen’, done, and might do in environments in which they operate. In this paper, we provide a comprehensive survey of the existing work in explainable autonomous driving. First, we open by providing a motivation for explanations by highlighting the importance of transparency, accountability, and trust in AVs; and examining existing regulations and standards related to AVs. Second, we identify and categorise the different stakeholders involved in the development, use, and regulation of AVs and elicit their AV explanation requirements. Third, we provide a rigorous review of previous work on explanations for the different AV operations (i.e., perception, localisation, planning, vehicle control, and system management). Finally, we discuss pertinent challenges and provide recommendations including a conceptual framework for AV explainability. This survey aims to provide the fundamental knowledge required of researchers who are interested in explanation provisions in autonomous driving.","1558-0016","","10.1109/TITS.2021.3122865","UK’s Engineering and Physical Sciences Research Council (EPSRC) through the Project RoboTIPS: Developing Responsible Robots for the Digital Economy(grant numbers:EP/S005099/1); Assuring Autonomy International Programme [Demonstrator Project: Sense-Assess-eXplain (SAX)], a partnership between Lloyd’s Register Foundation and the University of York; Trustworthy Autonomous Systems Hub’s Project [Responsible AV Data (RoAD)](grant numbers:EP/V00784X/1); Responsible Technology Institute, Oxford; ","https://ieeexplore.ieee.org/stamp/stamp.jsp?arnumber=9616449","Explanations;explainable AI;accountability;trust;autonomous vehicles;robotics;intelligent vehicles;human–machine interaction;regulations;standards","Autonomous vehicles;Stakeholders;Automation;Regulation;Artificial intelligence;Accidents;Standards","","311","","186","IEEE","16 Nov 2021","Aug. 2022","","IEEE","IEEE Journals"
"Vehicle-Life Interaction in Fog-Enabled Smart Connected and Autonomous Vehicles","B. Feroz; A. Mehmood; H. Maryam; S. Zeadally; C. Maple; M. A. Shah","Institute of Computing, Kohat University of Science & Technology, Kohat, Pakistan; Institute of Computing, Kohat University of Science & Technology, Kohat, Pakistan; Institute of Space and Technology (IST), KICSIT Campus, Rawalpindi, Pakistan; College of Communication and Information, University of Kentucky, Lexington, KY, USA; Secure Cyber Systems Research Group, WMG, University of Warwick, Coventry, U.K.; Department of Computer Science, COMSATS University, Islamabad, Pakistan",IEEE Access,"12 Jan 2021","2021","9","","7402","7420","Traffic accidents have become a major issue for researchers, academia, government and vehicle manufacturers over the last few years. Many accidents and emergency situations frequently occur on the road. Unfortunately, accidents lead to health injuries, destruction of some infrastructure, bad traffic flow, and more importantly these events cause deaths of hundreds of thousands of people due to not getting treatment in time. Thus, we need to develop an efficient and smart emergency system to ensure the timely arrival of an ambulance service to the place of the accident in order to provide timely medical help to those injured. In addition, we also need to communicate promptly with other entities such as hospitals so that they can make appropriate arrangements and provide timely medical information to emergency personnel on the scene including alerting those related to the injured person(s). In this paper, we have developed an intelligent protocol that uses connected and autonomous vehicles' scenarios in Intelligent Transportation System (ITS) so that prompt emergency services can be provided to reduce the death rate caused. The proposed protocol smartly connects with all the relevant entitles during the emergency while maintaining a smooth traffic flow for the arrival of the ambulance service. Moreover, our protocol also mitigates the broadcasting of messages circulating over the network for delay sensitive tasks. The evaluation results, based on the performance metrics such as channel collision, average packet delay, packet loss, and routing-overhead demonstrate that our proposed protocol outperforms previously proposed protocols such as Emergency Message Dissemination for Vehicular (EMDV), Contention Based Broadcasting (CBB), and Particle Swarm Optimization Contention-based Broadcast (PCBB) protocols. Finally, we discuss several issues and challenges that need to be addressed in the network in order to achieve more a reliable, efficient, connected, and autonomous vehicular network.","2169-3536","","10.1109/ACCESS.2020.3049110","Engineering and Physical Sciences Research Council (EPSRC) through the Academic Center of Excellence in Cyber Security Research-University of Warwick(grant numbers:EP/R007195/1); The Alan Turing Institute(grant numbers:EP/N510129/1,EP/R029563/1); National Centre of Excellence for the IoT Systems Cybersecurity, PETRAS(grant numbers:EP/S035362/1); ","https://ieeexplore.ieee.org/stamp/stamp.jsp?arnumber=9312646","Accident;smart emergency;ambulance service;VANETs;intelligent transportation system","Accidents;Roads;Autonomous vehicles;Delays;Connected vehicles;Routing protocols;Hospitals","","27","","40","CCBY","4 Jan 2021","2021","","IEEE","IEEE Journals"
"Public Acceptance to utilize Autonomous Vehicles AV’s in the United Arab Emirates, An Empirical Study","K. Hamarsheh","Dept. of Industrial Engineering (PhD Candidate), American University of Sharjah, AUS, Sharjah, UAE","2024 IEEE International Conference on Technology Management, Operations and Decisions (ICTMOD)","11 Apr 2025","2024","","","1","6","The new era of the Autonomous Vehicles AV technology is an essential phenomenon that shapes the Smart Cities transformation in the near future. Autonomous Vehicles AV’s (AV for short) provides new concept of mobility solutions to the public that are yet to arrive soon in the middle east countries. United Arab Emirates UAE being one of the leading countries in middle east in terms of AVs tests is seriously taking steps towards the implementation of AV in Public Transportation, nevertheless, very few studies have taken serious research on how the ordinary public are ready to accept and use the AV Transportation. This paper analyzes the main influential factors that shape the acceptance and perception of the public to use AV transportation particularly in UAE. A total of twelve factors extracted from Technology Acceptance Model (TAM), Unified Theory of Acceptance and Use of Technology (UTAUT), in addition to Behavioral and Non-behavioral Theories were screened out. Some of these factors were found to significantly affect the AV acceptance and intention to use. This paper focused on Technology Acceptance, Technology Trust, Anxiety, Perceived Safety, Reliability, Performance Expectancy, Privacy, Security, Social Influence, Psychological Factors, Efforts Expectancy, and Legal Liability as some of the main influential factors that shape the acceptance and perception of the Public to use AV in UAE.","2159-5119","979-8-3503-6735-5","10.1109/ICTMOD63116.2024.10959127","","https://ieeexplore.ieee.org/stamp/stamp.jsp?arnumber=10959127","Autonomous Vehicles;AV;Public Acceptance;TAM;UTAUT;Technology Acceptance;Technology Trust;Anxiety;Perceived Safety;Reliability;Performance Expectancy;Privacy;Security;Social Influence;Psychological Factors;Efforts Expectancy;Legal Liability;Confirmatory Factor Analysis;CFA;Structural Equation Modelling;SEM","Privacy;Technology management;Shape;Law;Anxiety disorders;Psychology;Mathematical models;Safety;Security;Autonomous vehicles","","","","7","IEEE","11 Apr 2025","4-6 Nov. 2024","4-6 Nov. 2024","IEEE","IEEE Conferences"
"Highlighting the Future of Autonomous Vehicle Technology in 2020–2050","N. B. Al Barghuthi; D. Pavithran; H. E. Said","Higher Colleges of Technology, Sharjah, United Arab Emirates; Abudhabi Polytechnic, Abu Dhabi, United Arab Emirates; Zayed University, Dubai, United Arab Emirates",2018 Fifth HCT Information Technology Trends (ITT),"24 Feb 2019","2018","","","251","256","As the world enters the age of the 4th industrial revolution, the future of work has re-emerged as a fundamental question, among policy-makers, business leaders, workers and the broader public around the globe. This is applied by accelerating innovations and adoption of ever more sophisticated automation technologies. Most of the existing research and reports have focused on the impact of automation in advanced industrial countries. In this paper, we explore the role of software engineering in autonomous transportation in 2050, its challenges and research trends. The exploration will be done through analysis of different reports and UAE government summit prediction. We intended to see the vision of the future of software engineering that prepares engineers for future emerging technology. This could contribute to the solution and design of international standards as well as increase the market confidence. In addition, this can also contribute towards a proper start-up of self-driving technology. We believe that a successful adoption of Autonomous Vehicles (AV) in developing a future automobile system will best be attained through an effective risk management strategy. As a result, the potential threat to the AV will further be investigated by industry and government entities to deal with the huge threats of cybersecurity that might face the autonomous vehicles.","","978-1-5386-7147-4","10.1109/CTIT.2018.8649510","","https://ieeexplore.ieee.org/stamp/stamp.jsp?arnumber=8649510","autonomous vehicles;compliance;autonomous transportation;software engineering;driverless","Technological innovation;Government;Transportation;Market research;Automobiles;Computer security;Autonomous vehicles;Standards;Faces;Software engineering","","","","27","IEEE","24 Feb 2019","28-29 Nov. 2018","28-29 Nov. 2018","IEEE","IEEE Conferences"
"A Summary Of The Development Of Autonomous Vehicle","H. Wu; A. D. Calderon","Department of Transportation Engineering, Jiangsu Province Nantong Industrial and Trade, Technician College, Nantong City, China; School of Mechanical, Manufacturing, and Energy Engineering, Mapua University, Manila City, Philippines","2023 6th International Conference on Robotics, Control and Automation Engineering (RCAE)","26 Jan 2024","2023","","","174","180","The emergence of automatic driving can improve transportation efficiency, improve travel safety, and achieve fast, safe and efficient travel. However, the research progress of autonomous vehicle in various countries is different. In order to help researchers understand the research status, development trends, hot issues and existing research results in this field, so as to improve research efficiency, this paper introduces the development status of autonomous vehicle. Based on the research background and the development status of autonomous vehicle technology, this paper briefly describes the development status of automated driving technology testing in China, and selects four typical countries and regions (the United States, Europe, Japan and China) to introduce the development status of technology. In addition, this paper analyzes the challenges encountered in the development of autonomous vehicle from five aspects: safety, laws and regulations, ethics, privacy protection and social acceptance, and summarizes the possible solutions. The research shows that governments and technology companies of all countries have a strong interest in autonomous vehicle and have invested a lot of resources in research. At present, this field is developing very fast, and the problems caused by it will be overcome one by one.","","979-8-3503-1530-1","10.1109/RCAE59706.2023.10398804","","https://ieeexplore.ieee.org/stamp/stamp.jsp?arnumber=10398804","autonomous driving;current situation;challenge","Privacy;Government;Transportation;Europe;Regulation;Safety;Autonomous vehicles","","9","","19","IEEE","26 Jan 2024","3-5 Nov. 2023","3-5 Nov. 2023","IEEE","IEEE Conferences"
"Comparative Analysis of Regulatory Focus in Autonomous Vehicles (AVs) and Maritime Autonomous Surface Ships (MASS)","T. E. Kim; J. -U. Schröder-Hinrichs","Department of Technology and Safety, University of Tromsø – The Arctic University of Norway, Tromsø, Norway; World Maritime University, Sweden",2025 IEEE International Conference on Industrial Engineering and Engineering Management (IEEM),"2 Feb 2026","2025","","","0738","0742","The increasing deployment of autonomous systems in transportation is reshaping how mobility systems operate and how regulatory frameworks must evolve to facilitate the shift from human-driven to AI-operated systems. This study presents a comparative analysis of regulatory discourse in two transport sectors at the frontier of automation: Autonomous Vehicles (AVs) and Maritime Autonomous Surface Ships (MASS). We used Natural Language Processing (NLP) and lifecycle phase mapping to extract and visualize the distribution of regulatory attention across key governance stages from standards development to testing, certification, liability and international harmonization. Gradient spectrum plots and semantic concept maps revealed significant asymmetries. These findings suggest a temporal lag in maritime governance and inform the importance of differentiated and phase-aware governance strategies in cross-sectoral technological transitions.","","979-8-3315-2521-7","10.1109/IEEM63636.2025.11357611","FRAME; ","https://ieeexplore.ieee.org/stamp/stamp.jsp?arnumber=11357611","Autonomous Vehicles (AVs);Maritime Autonomous Surface Ships (MASS);autonomous systems","Visualization;Technological innovation;Semantics;Transportation;Natural language processing;Marine vehicles;Autonomous vehicles;Standards;Surface treatment;Testing","","1","","20","IEEE","2 Feb 2026","7-10 Dec. 2025","7-10 Dec. 2025","IEEE","IEEE Conferences"
"Critical Factors Influencing Acceptance of Automated Vehicles by Hong Kong Drivers","S. S. Man; W. Xiong; F. Chang; A. H. S. Chan","Department of Systems Engineering and Engineering Management, City University of Hong Kong, Hong Kong; Department of Systems Engineering and Engineering Management, City University of Hong Kong, Hong Kong; Department of Systems Engineering and Engineering Management, City University of Hong Kong, Hong Kong; Department of Systems Engineering and Engineering Management, City University of Hong Kong, Hong Kong",IEEE Access,"22 Jun 2020","2020","8","","109845","109856","This study aimed to identify critical factors that influence acceptance of automated vehicles among drivers. The focus of this study was on automated vehicles (AVs) of level 3 (conditional driving automation) as defined by the Society of Automotive Engineers. A research model was proposed here by using the technology acceptance model (TAM) with trust, risk perception (perceived safety risk and perceived privacy risk), compatibility, and system quality. A cross-sectional structured questionnaire survey was used to collect quantitative data from 237 drivers in Hong Kong. The data were analyzed to test the proposed research model by structural equation modeling. The proposed research model was found to explain 68% of the variance in intention to use AVs. In contrast with the TAM constructs of perceived usefulness and perceived ease of use, the results of this study indicated that trust was the most important factor in shaping a positive attitude towards using AVs, which affected driver intention to use AVs. Also, trust was found to be influenced by perceived safety risk, compatibility, and system quality. This study is the first attempt to consider technological factors related to AVs (compatibility and system quality) in explaining AV acceptance among drivers and highlighted the importance of the technological factors in the context of driver acceptance of AVs. Based on the findings of this study, several recommendations are discussed to help AV developers and governments to improve driver attitudes towards adoption of AVs.","2169-3536","","10.1109/ACCESS.2020.3001929","","https://ieeexplore.ieee.org/stamp/stamp.jsp?arnumber=9115618","Acceptance;automated driving;compatibility;risk perception;system quality;trust","Vehicles;Safety;Automation;Technology acceptance model;Task analysis;Modeling;Privacy","","71","","64","CCBY","12 Jun 2020","2020","","IEEE","IEEE Journals"
"Explainable Artificial Intelligence for Autonomous Driving: A Comprehensive Overview and Field Guide for Future Research Directions","S. Atakishiyev; M. Salameh; H. Yao; R. Goebel","Department of Computing Science, University of Alberta, Edmonton, AB, Canada; Huawei Technologies Canada Company Ltd., Edmonton, AB, Canada; Sony AI, Edmonton, AB, Canada; Department of Computing Science, University of Alberta, Edmonton, AB, Canada",IEEE Access,"25 Jul 2024","2024","12","","101603","101625","Autonomous driving has achieved significant milestones in research and development over the last two decades. There is increasing interest in the field as the deployment of autonomous vehicles (AVs) promises safer and more ecologically friendly transportation systems. With the rapid progress in computationally powerful artificial intelligence (AI) techniques, AVs can sense their environment with high precision, make safe real-time decisions, and operate reliably without human intervention. However, intelligent decision-making in such vehicles is not generally understandable by humans in the current state of the art, and such deficiency hinders this technology from being socially acceptable. Hence, aside from making safe real-time decisions, AVs must also explain their AI-guided decision-making process in order to be regulatory-compliant across many jurisdictions. Our study sheds comprehensive light on the development of explainable artificial intelligence (XAI) approaches for AVs. In particular, we make the following contributions. First, we provide a thorough overview of the state-of-the-art and emerging approaches for XAI-based autonomous driving. We then propose a conceptual framework considering the essential elements for explainable end-to-end autonomous driving. Finally, we present XAI-based prospective directions and emerging paradigms for future directions that hold promise for enhancing transparency, trustworthiness, and societal acceptance of AVs.","2169-3536","","10.1109/ACCESS.2024.3431437","Alberta Machine Intelligence Institute (Amii); Computing Science Department, University of Alberta; Natural Sciences and Engineering Research Council of Canada (NSERC); Ministry of Science and Education of the Republic of Azerbaijan; ","https://ieeexplore.ieee.org/stamp/stamp.jsp?arnumber=10604830","Autonomous driving;explainable artificial intelligence;intelligent transportation systems;regulatory compliance;safety","Visualization;Autonomous vehicles;Safety;Artificial intelligence;Accidents;Regulation;Standards;Autonomous driving;Explainable AI","","244","","225","CCBYNCND","19 Jul 2024","2024","","IEEE","IEEE Journals"
"Parallel Surfaces: Service-Oriented V2X Communications for Autonomous Vehicles","S. Han; F. -Y. Wang; G. Luo; L. Li; F. Qu","School of Computer and Communication Engineering, University of Science and Technology Beijing, Beijing, China; State Key Laboratory for Management and Control of Complex Systems, Institute of Automation, Chinese Academy of Sciences, Beijing, China; Computer Science Department, Beijing University of Posts and Telecommunications, Beijing, China; Department of Industrial Engineering, Tsinghua University, Beijing, China; Key Laboratory of Ocean Observation-Imaging Testbed of Zhejiang Province, Zhoushan, China",IEEE Transactions on Intelligent Vehicles,"13 Dec 2023","2023","8","11","4536","4545","The application of reconfigurable intelligent surfacess (RIS) in the Internet of Vehicles (IoV) is rapidly progressing, with a focus on intelligent signal manipulation, adaptive channel estimation, and real-time reconfiguration to optimize communication performance. While RIS technology holds significant potential for improving connectivity in IoV and vehicle settings, its fixed configuration falls short in meeting the dynamic demands in IoV. To address the diverse requirements of IoV services, including stringent safety norms, societal acceptance, and cost efficiency, this article proposes a parallel surfaces system to facilitate service-oriented V2X communications for autonomous vehicles. By harnessing artificial models of the physical RIS-assisted IoV system, conducting extensive computational experiments, and parallel execution, the proposed system enables real-time monitoring, predictive analysis, and optimization. Parallel intelligence empowers efficient and adaptable channel estimation, configuration, and energy management, thereby establishing a more intelligent and secure RIS-assisted IoV infrastructure. In addition, the parallel surfaces system encompasses descriptive, predictive, and prescriptive intelligence in IoV for addressing coverage gaps, enabling hotspot offloading, facilitating multiple antenna signal transmission, and enhancing high-precision positioning.","2379-8904","","10.1109/TIV.2023.3324507","Fundamental Research Funds for the Central Universities; Youth Teacher International Exchange & Growth Program(grant numbers:QNXM20220044); Intel Collaborative Research Institute for Intelligent and Automated Connected Vehicles; National Natural Science Foundation of China(grant numbers:U1811463); Key Research and Development Program 2020 of Guangzhou(grant numbers:202007050002); Key-Area Research and Development Program of Guangdong Province(grant numbers:2020B090921003); ","https://ieeexplore.ieee.org/stamp/stamp.jsp?arnumber=10285073","Parallel intelligence;reconfigurable intelligent surfaces;V2X;autonomous vehicles","Vehicle-to-everything;Autonomous vehicles;Real-time systems;Channel estimation;Vehicle dynamics;Reliability;Wireless communication","","31","","53","IEEE","13 Oct 2023","Nov. 2023","","IEEE","IEEE Journals"
"A Study on Analyzing the Security and Privacy Implications of Existing and Emerging Sensors in Autonomous Electric Vehicles","A. Shankar; C. Maple; G. Epiphaniou","Secure Cyber Systems Research Group, Warwick Manufacturing Group, University of Warwick, Coventry, UK; Secure Cyber Systems Research Group, Warwick Manufacturing Group, University of Warwick, Coventry, UK; Secure Cyber Systems Research Group, Warwick Manufacturing Group, University of Warwick, Coventry, UK",Tsinghua Science and Technology,"3 Mar 2025","2025","30","4","1401","1420","The popularity of anonymous consumers' modern Electric Vehicles (EVs) has developed tremendously. The increasing demand for more environmentally friendly and resource-conserving transit systems has paved the way for the widespread acceptance of EVs. The EV uses the information communication technology to transmit information which ensures the effective transportation. The paper's analysis includes security issues regarding the Internet of vehicles, EV charging, sensors, anomaly detection, and vulnerable cyber-attacks. The analysis uses a wide range of datasets with different observations and statistical results and reports the greatest risk of privacy issues occurring in EVs communication. The major issues of security and privacy of autonomous electric vehicles within ecological settings are discussed, as well as a wide range of security risks, approaches, countermeasures, and solutions to handle them.","1007-0214","","10.26599/TST.2023.9010132","","https://ieeexplore.ieee.org/stamp/stamp.jsp?arnumber=10908676","Autonomous Electric Vehicles (AEVs);security threats;Internet of Vehicles (IoVs);anomaly detection;cyber-attacks","Privacy;Data privacy;Supply chains;Transportation;Electric vehicle charging;Sensors;Safety;Security;Automobiles;Internet of Vehicles","","10","","93","","3 Mar 2025","August 2025","","TUP","TUP Journals"
"Deep Learning-based Road Object Detection for Collision Avoidance in Autonomous Driving","T. Sharma; A. Chehri; I. Fofana; B. Debaque; N. Duclos; S. Khare","Department of Applied Sciences (DSA), University of Quebec in Chicoutimi, Saguenay, QC, Canada; Dep. of Mathem & Computer Science, Royal Military College of Canada, Kingston, ON, Canada; Department of Applied Sciences, University of Quebec in Chicoutimi, Saguenay, QC, Canada; Thales Communications and Security SAS, Quebec, Canada; Thales Communications and Security SAS, Quebec, Canada; Department of Civil Engineering, IIT, Roorkee, India",2024 IEEE World Forum on Public Safety Technology (WFPST),"30 Jul 2024","2024","","","126","131","With the population in metro cities rising, traffic congestion has become a significant issue, resulting in an alarming number of traffic collisions and road accidents. Given the advancements in automated vehicles, it is crucial to have a vehicle detection system that is equipped to handle the various challenges that arise on the road, particularly when it comes to traffic collisions. Although many datasets are available to support object detection for traffic monitoring and management, the suitability of these datasets for specific weather conditions across the globe needs to be analyzed. We present Canadian vehicle datasets (CVD) and analyze the YOLOv8-based deep learning model using CVD. Thales, Canada, captured street-level videos in Quebec City, Canada, with a vehicle equipped with a high-quality RGB camera. The videos are taken day and night in all four seasons: rain, snow, hazy, and bright sunlight. We created 27378 labels for 11 classes for 8000 images. The YOLOv8 model trained on the publicly available roboFlow dataset was compared to the model trained on the combined roboflow and our weather-specific CVD.","","979-8-3503-2914-8","10.1109/WFPST58552.2024.00020","","https://ieeexplore.ieee.org/stamp/stamp.jsp?arnumber=10606983","Autonomous Vehicles;Surveillance;Intelligent Transportation Systems;Convolutional Neural Networks;YOLOv8","Road accidents;Roads;Snow;Urban areas;Sociology;Transportation;Object detection","","","","24","IEEE","30 Jul 2024","14-15 May 2024","14-15 May 2024","IEEE","IEEE Conferences"
"Active Directory-Inspired Identity and Access Management Framework for Secure Connected Vehicle Ecosystems","M. Seyfipoor; M. M. Eskandari; S. Mohammadi","School of Electrical and Computer Engineering, University of Tehran, Tehran, Iran; Computer Engineering, University of Tehran, Tehran, Iran; Electrical and Computer Engineering, University of Tehran, Tehran, Iran",2025 11th International Conference on Signal Processing and Intelligent Systems (ICSPIS),"10 Jun 2026","2025","","","102","107","Connected and autonomous vehicles (CAVs) rely on continuous cloud–edge–vehicle communication, making identity and access management a critical security challenge. Traditional solutions such as PKI or blockchain-based authentication provide integrity but lack a unified, hierarchical trust model. This paper introduces the Vehicle Directory Service (VDS), a lightweight, Active Directory-inspired framework for secure credential issuance and authentication in connected vehicle ecosystems. VDS extends the Kerberos ticket-based mechanism to a distributed Cloud–Edge–Vehicle hierarchy, enabling short-lived, context-bound credentials with low computation and latency overhead. Experimental evaluation on a SUMO–NS3 testbed demonstrates that VDS achieves 96.7% authentication success rate, reduces authentication latency by 68%, and maintains less than 8% CPU utilization, outperforming existing centralized and blockchain-based models. The proposed framework establishes a scalable, low-latency, and secure identity foundation for next-generation intelligent transportation networks.","","979-8-3315-8058-2","10.1109/ICSPIS68676.2025.11551705","","https://ieeexplore.ieee.org/stamp/stamp.jsp?arnumber=11551705","Connected Vehicles;Active Directory;Kerberos Authentication;Vehicle Directory Service (VDS);Cloud–Edge Architecture;Lightweight Security","Authentication;Modeling;Vehicles;Security;Printing;Joining processes;Management;Clouds;Connected vehicles;Signal detection","","","","31","IEEE","10 Jun 2026","24-25 Dec. 2025","24-25 Dec. 2025","IEEE","IEEE Conferences"
"A Brief Overview of Future Mobility and Energy Management Strategies with Vehicle-to-Everything (V2X) Concept on Smart Grid","I. Colak; E. Irmak; Ì. F. Tepe","Department of Electrical-Electronics and Communication Engineering, Faculty of Engineering and Natural Sci, İstinye University, İstanbul, Türkiye; Department of Electrical and Electronics Engineering, Faculty of Techno logy, Gazi University, Ankara, Türkiye; Department of Electrical and Electronics Engineering, Grad. Sch. of Natural and Applied Sci., Gazi University, Ankara, Türkiye",2024 13th International Conference on Renewable Energy Research and Applications (ICRERA),"31 Dec 2024","2024","","","1687","1692","In recent years, there has been a notable increase in interest in electric vehicles (EVs) due to several factors, including the depletion of fossil fuels, environmental concerns such as carbon dioxide (CO2) emissions, and the fact that the vehicle industry is the main driver of CO2 emissions. In line with this growing interest, there are both opportunities and challenges in the integration of EV charging systems into the electricity grid. Grid operators may begin to regard electric vehicles (EVs) as a novel distributed resource, given that the stored energy in their batteries can be employed for a multitude of applications. The concept of vehicle-to-everything (V2X), enables the batteries of electric vehicles (EVs) to participate in energy management as a distributed resource. EVs can support the grid through topologies such as vehicle-to-grid (V2G), vehicle-to-home (V2H), vehicle-to-load (V2L), vehicle-to-building (V2B), and vehicle-to-vehicle (V2V). This paper provides a summary of the benefits and challenges associated with the implementation of each V2X approach, as well as proposing potential solutions to address these challenges.","2572-6013","979-8-3503-7558-9","10.1109/ICRERA62673.2024.10815234","","https://ieeexplore.ieee.org/stamp/stamp.jsp?arnumber=10815234","electric vehicle (EV);vehicle-to-everything (V2X);vehicle-to-grid (V2G)","Vehicle-to-grid;Electric potential;Costs;Vehicular ad hoc networks;Batteries;Topology;Security;Vehicle-to-everything;Carbon emissions;Vehicles","","3","","51","IEEE","31 Dec 2024","9-13 Nov. 2024","9-13 Nov. 2024","IEEE","IEEE Conferences"
"Self-Driving Vehicles: Exploring Preferred Adoption Scenarios - A Preliminary Study","M. Khoyudia; L. Iskandar; M. Mariani","BINUS Business School, Bina Nusantara University, Jakarta, Indonesia; BINUS Business School, Bina Nusantara University, Jakarta, Indonesia; BINUS Business School, Bina Nusantara University, Jakarta, Indonesia",2024 International Conference on Intelligent Cybernetics Technology & Applications (ICICyTA),"11 Mar 2025","2024","","","1101","1105","This initial research study examines the preferences of the general public concerning the adoption of various scenarios associated with self-driving vehicles (SDV). This study aimed to evaluate the readiness of one hundred volunteers to employ self-driving vehicles (SDVs) in fifteen scenarios. The simulations included highway driving with options for human intervention and autonomous public transportation systems. We conducted descriptive and cluster analyses to identify significant patterns and classify comparable scenarios. Participants exhibited a moderate to high desire to employ autonomous vehicles in different scenarios. People expressed a strong willingness to use these technologies in settings such as universities and airports and for daily life. However, there was an apparent hesitation regarding the acceptance of autonomous vehicles for long trips and the concept of self-driving taxis operating without any human supervision. The findings reveal four distinct preference clusters: 'Highway Focus' (highway driving with manual control option), 'Safety Conscious' (hesitant toward full automation), 'Convenience Seekers' (specific situations such as traffic congestion), and 'Enthusiastic Adopters' (high overall acceptance). These clusters show various attitudes toward adopting self-driving vehicles (SDVs) and the importance of developing tailored strategies to tackle specific challenges and improve overall acceptance. There is a general openness to autonomous vehicles, particularly in specific scenarios or regulated settings. However, safety concerns and the need for control still pose major challenges to widespread use. Public acceptance will likely take time and depend on how well these issues are addressed. Further research and development are needed to improve safety, reliability, and public trust in driverless technology.","","979-8-3315-0649-0","10.1109/ICICYTA64807.2024.10912905","","https://ieeexplore.ieee.org/stamp/stamp.jsp?arnumber=10912905","self-driving cars;adoption scenario;technology adoption","Automation;Ecosystems;Human factors;Safety;Autonomous automobiles;Stakeholders;Reliability;Public transportation;Traffic congestion;Research and development","","","","22","IEEE","11 Mar 2025","17-19 Dec. 2024","17-19 Dec. 2024","IEEE","IEEE Conferences"
"Autonomous Vehicles: Building a Test-bed Prototype at a Controlled Environment","S. El-Tawab; N. Sprague; A. Mufti","College of Integrated Science and Engineering, James Madison University, Harrisonburg, Virginia, USA; College of Integrated Science and Engineering, James Madison University, Harrisonburg, Virginia, USA; College of Integrated Science and Engineering, James Madison University, Harrisonburg, Virginia, USA",2020 IEEE 6th World Forum on Internet of Things (WF-IoT),"13 Oct 2020","2020","","","1","6","Rapid improvements in technology are making autonomous vehicles feasible. Researchers and industry are looking for different methods to implement the concept of smart cities. Autonomous Vehicles provide a unifying framework for several research topics (e.g., navigation, localization and Global Positioning System (GPS) positioning, security, and privacy). Despite significant progress, we believe that fully autonomous vehicles will be deployed initially in constrained environments (e.g., closed-loop areas, gated retirement communities).In this paper, we describe the development of a prototype autonomous golf-cart that can be used as a test-bed for a range of research projects. We explain the details of the conversion from a traditional golf-cart to an autonomously driven one. Our target application is a system of autonomously driven golf-carts for use within a retirement community. We show our testing results, and how Internet of Things (IoT) devices can be used to extend the WiFi coverage for log reporting and to request the golf-cart. Finally, we discuss the challenges and highlight improvements that can be performed on the system.","","978-1-7281-5503-6","10.1109/WF-IoT48130.2020.9221222","","https://ieeexplore.ieee.org/stamp/stamp.jsp?arnumber=9221222","Autonomous Vehicles (AV);Navigation;Lo-calization;Test-bed Prototype;Data Aggregation;Information Dissemination;Internet of Things (IoT)","Privacy;Smart cities;Prototypes;Internet of Things;Security;Autonomous vehicles;Retirement","","22","","27","IEEE","13 Oct 2020","2-16 June 2020","2-16 June 2020","IEEE","IEEE Conferences"
"User-Centric Security and Privacy Threats in Connected Vehicles: A Threat Modeling Analysis Using STRIDE and LINDDUN","B. Stingelová; C. T. Thrakl; L. Wrońska; S. Jedrej-Szymankiewicz; S. Khan; D. Svetinovic","Information Systems and Operations Management, Vienna University of Economics and Business, Vienna, Austria; Information Systems and Operations Management, Vienna University of Economics and Business, Vienna, Austria; Information Systems and Operations Management, Vienna University of Economics and Business, Vienna, Austria; Information Systems and Operations Management, Vienna University of Economics and Business, Vienna, Austria; Information Systems and Operations Management, Vienna University of Economics and Business, Vienna, Austria; Information Systems and Operations Management, Vienna University of Economics and Business, Vienna, Austria","2023 IEEE Intl Conf on Dependable, Autonomic and Secure Computing, Intl Conf on Pervasive Intelligence and Computing, Intl Conf on Cloud and Big Data Computing, Intl Conf on Cyber Science and Technology Congress (DASC/PiCom/CBDCom/CyberSciTech)","25 Dec 2023","2023","","","0690","0697","The increasing equipment of cars with smart systems and their networking with other devices is leading to a growing network of connected vehicles. Connected cars are Internet of Things (IoT) devices that communicate bidirectionally with other systems, enabling internet access and data exchange. Artificial Intelligence (AI) offers benefits such as autonomous driving, driver assistance programs, and monitoring. The increasing connectivity of cars also brings new risks to users' privacy. Our study focuses on privacy threats in connected cars from a user perspective. Our study provides a comprehensive threat model analysis based on a combination of STRIDE and LINDDUN. We analyze the various threats and vulnerabilities that arise from connecting cars to the internet and other devices, including Vehicle-to-Vehicle (V2V), Vehicle-to-Vloud (V2C), and Vehicle-to-Device (V2D). We conduct our study based on a theoretical model of a modern-day connected vehicle of another study. Our study shows that several types of threats can negatively impact the privacy of connected car users. This encapsulates the potential risks, such as the inadvertent disclosure of personal data due to the vehicle's interconnectedness with other devices, including smartphones, and the subsequent susceptibility to unauthorized access, while also highlighting the need for robust security measures indicated by our comprehensive threat modeling, to safeguard against a wide array of identified cybersecurity threats.","2837-0740","979-8-3503-0460-2","10.1109/DASC/PiCom/CBDCom/Cy59711.2023.10361381","","https://ieeexplore.ieee.org/stamp/stamp.jsp?arnumber=10361381","Cyberphysical Systems;Artificial Intelligence;IoT;Threat Modeling;Connected Cars","Threat modeling;Privacy;Connected vehicles;Vehicular ad hoc networks;Automobiles;Internet of Things;Object recognition","","8","","41","IEEE","25 Dec 2023","14-17 Nov. 2023","14-17 Nov. 2023","IEEE","IEEE Conferences"
"Performance evaluation of Autonomous and Connected Electric Vehicles (ACEVs) towards buying intention in India: Forward trend in energy efficiency","N. Vikas Babu; M. Damle","Symbiosis Institute of Digital and Telecom Management Symbiosis International (Deemed University), Lavale, Pune, India; Symbiosis Institute of Digital and Telecom Management Symbiosis International (Deemed University), Lavale, Pune, India",2022 International Interdisciplinary Humanitarian Conference for Sustainability (IIHC),"17 Mar 2023","2022","","","74","79","Performance evaluation of autonomous and connected electric vehicles (ACEVs) with consumers' buying behaviour will assist the consumer community towards decision making. The views of EV owners as unconventional, consumer behaviour and perception of the next-generation vehicular revolution analysed towards adopting electric vehicles as it is in transformative stages in India. This study endeavours to better understand consumers' buying intentions toward ACEVs. The methodology is analysis with descriptive Statistics and exploratory factor analysis using the data collected through primary sources with data collection formulated with a review of secondary research concerning the Indian Automobile Industry. The analysis predicts consumer attitudes toward automated vehicles. The findings render the understanding of the purchase intention against the performance evaluation basis recognised theories of consumer behaviour with emphasis on objectivity in decision-making and the rationale for satisfaction within the performance parameter. The implications are for the industry forming the perception of willing consumers with an evaluation of parameters of acceptance toward these adoptions of electric and autonomous vehicles. The study outcomes give insights which are quintessential to businesses with determinants related to the adoption of this revolution which can benefit businesses, policymakers and marketers in building their strategies..","","978-1-6654-5687-6","10.1109/IIHC55949.2022.10060349","","https://ieeexplore.ieee.org/stamp/stamp.jsp?arnumber=10060349","Consumer Behaviour;Electric Vehicles;Au-tonomous;Consumer;Automobile;Buying Intention","Performance evaluation;Industries;Costs;Consumer behavior;Uncertainty;Decision making;Electric vehicles","","1","","13","IEEE","17 Mar 2023","18-19 Nov. 2022","18-19 Nov. 2022","IEEE","IEEE Conferences"
"Autonomous vehicles: The future of automobiles","M. V. Rajasekhar; A. K. Jaswal","Department of Electrical Engineering and Electronics, University of Liverpool, Liverpool, United Kingdom; Department of Electrical Engineering and Electronics, University of Liverpool, Liverpool, United Kingdom",2015 IEEE International Transportation Electrification Conference (ITEC),"21 Jan 2016","2015","","","1","6","Autonomous cars are the future smart cars anticipated to be driver less, efficient and crash avoiding ideal urban car of the future. To reach this goal automakers have started working in this area to realized the potential and solve the challenges currently in this area to reach the expected outcome. In this regard the first challenge would be to customize and imbibe existing technology in conventional vehicle to translate them to a near expected autonomous car. This transition of conventional vehicles into an autonomous vehicle by adopting and implementing different upcoming technologies is discussed in this paper. This includes the objectives of autonomous vehicles and their implementation difficulties. The paper also touches upon the existing standards for the same and compares the introduction of autonomous vehicles in Indian market in comparison to other markets. There after the acceptance approach in Indian market scenarios is discussed for autonomous vehicles.","","978-1-5090-1911-3","10.1109/ITEC-India.2015.7386874","","https://ieeexplore.ieee.org/stamp/stamp.jsp?arnumber=7386874","Autonomous vehicle;RADAR;Sensors;Laser","Mobile robots;Roads;Testing;Automobiles;Laser radar;Planning","","78","","18","IEEE","21 Jan 2016","27-29 Aug. 2015","27-29 Aug. 2015","IEEE","IEEE Conferences"
"Subtype Divergences of Trust in Autonomous Vehicles: Towards Optimisation of Driver–Vehicle Trust Management","M. S. Seet; A. Dragomir; I. Mathialagan; L. Y. Ann; Z. b. Zaid; S. L. Ramapatna; N. V. Thakor; A. Bezerianos","N.1 Institute for Health, NUS, 28 Medical Drive, Singapore; N.1 Institute for Health, NUS, 28 Medical Drive, Singapore; NUS High School of Mathematics and Science, Singapore; NUS High School of Mathematics and Science, Singapore; NUS High School of Mathematics and Science, Singapore; Department of Anatomy, Yong Loo Lin School of Medicine, NUS, 4 Medical Drive, Singapore; Department of Biomedical Engineering, NUS, 4 Engineering Drive 3, Singapore; N.1 Institute for Health, NUS, 28 Medical Drive, Singapore",2020 IEEE 23rd International Conference on Intelligent Transportation Systems (ITSC),"24 Dec 2020","2020","","","1","6","Trust determines public acceptance and uptake of autonomous vehicles (AV). Against popular assumption, trustin-automation is not a unitary construct, but comprises trust subtypes that have different behavioural properties and implications. Understanding trust subtypes-specifically competence-based trust (CT) and integrity-based trust (IT)-is crucial for improving public communication about AVs, analysing trustdependent driver behaviours and designing trust-recovering interfaces. However, these issues have been overlooked in most past research. As a pioneering step, the goal of this research was to analyse how experience with AV failures affect CT and IT. After experience with AV driving errors, both trust subtypes were reduced, with CT showing greater reduction. Structural equation modelling revealed CT to be the primary contributor to acceptance for driving automation, with stronger subsequent impact on preference for fully autonomous (SAE L5) than on semi-autonomous driving (SAE L3). These findings inform that trust-repairing interface should target CT after driving errors, especially for higher automation levels where humans are further removed from the loop. Future directions concerning CT-IT interactions, and the impact of AV anthropomorphic design and connnected vehicle cyber-security on IT are discussed.","","978-1-7281-4149-7","10.1109/ITSC45102.2020.9294495","","https://ieeexplore.ieee.org/stamp/stamp.jsp?arnumber=9294495","Autonomous Vehicles;Human Factors;Trust in Automation;Behavioural Modelling","Vehicles;Mathematical model;Automation;Autonomous vehicles;Junctions;Roads;Reliability","","4","","26","IEEE","24 Dec 2020","20-23 Sept. 2020","20-23 Sept. 2020","IEEE","IEEE Conferences"
"Driving through the Concept Gridlock: Unraveling Explainability Bottlenecks in Automated Driving","J. Echterhoff; A. Yan; K. Han; A. Abdelraouf; R. Gupta; J. McAuley","University of California, San Diego; University of California, San Diego; InfoTech Labs, Toyota Motor North America R&D; InfoTech Labs, Toyota Motor North America R&D; InfoTech Labs, Toyota Motor North America R&D; University of California, San Diego",2024 IEEE/CVF Winter Conference on Applications of Computer Vision (WACV),"9 Apr 2024","2024","","","7331","7340","Concept bottleneck models have been successfully used for explainable machine learning by encoding information within the model with a set of human-defined concepts. In the context of human-assisted or autonomous driving, explainability models can help user acceptance and understanding of decisions made by the autonomous vehicle, which can be used to rationalize and explain driver or vehicle behavior. We propose a new approach using concept bottlenecks as visual features for control command predictions and explanations of user and vehicle behavior. We learn a human-understandable concept layer that we use to explain sequential driving scenes while learning vehicle control commands. This approach can then be used to determine whether a change in a preferred gap or steering commands from a human (or autonomous vehicle) is led by an external stimulus or change in preferences. We achieve competitive performance to latent visual features while gaining interpretability within our model setup. 1","2642-9381","979-8-3503-1892-0","10.1109/WACV57701.2024.00718","","https://ieeexplore.ieee.org/stamp/stamp.jsp?arnumber=10483611","Applications;Autonomous Driving;Algorithms;Explainable;fair;accountable;privacy-preserving;ethical computer vision","Visualization;Uncertainty;Process control;Machine learning;Linguistics;Predictive models;Transformers","","11","","45","IEEE","9 Apr 2024","3-8 Jan. 2024","3-8 Jan. 2024","IEEE","IEEE Conferences"
"Autonomous Vehicle and its Adoption: Challenges, Opportunities, and Future Implications","M. Ahmed; R. Iqbal; S. Amin; O. Alhabshneh; A. Garba","Future Transport and Cities, Coventry University, Coventry, United Kingdom; College of Engineering and IT, University of Dubai, Dubai, United Arab Emirate; College of Engineering and IT, University of Dubai, Dubai, United Arab Emirate; Management Information Systems, Mutah University, Mutah, Jordan; Engineering & Technical Reliability Methods Limited, Abuja, Nigeria",2022 International Conference on Emerging Trends in Computing and Engineering Applications (ETCEA),"12 Jan 2023","2022","","","1","6","The future of mobility and adoption by the public has become a matter of general concern for commuters, drivers, automotive industry and public authorities. Future transport is expected to be dominated by self-driving and autonomous vehicles. Our extensive studies on user adoption indicates that acceptance will be determined mainly by these concerns. In this paper, we investigated user adoption and acceptance of self-driving vehicles. Our study demonstrated that the future adoption of self-driving vehicles will be affected by several inherent concerns such as security, privacy, and trust by the public. Nevertheless, the results of our review revealed that the field of self-driving vehicles will continue to generate interest due to its impact on transport and mobility. Predicting user adoption of self-driving vehicles is a novel research subject which has recently begun to gather momentum; however, predictive accuracy remains a challenge using simple statistical methods. Machine learning modelling techniques can provide better understanding of data and non-linear relationships between decision variables. From our data, we were able to predict self-driving acceptance based on user preference and inherent concerns. We applied supervised learning algorithms namely, Naïve Bayes, Random Forest, and Fuzzy Logic to predict user adoption of self-driving vehicles. We used 6 independent variables namely safety, trust, security, ethics, cost, and privacy. We evaluated each algorithm by using 5-fold cross validation technique. The algorithms were compared based on 3 outcomes: accuracy, precision and recall. Fuzzy logic was found to outperform other algorithms followed by random forest while Naïve Bayes performed lower.","","978-1-6654-7709-3","10.1109/ETCEA57049.2022.10009804","","https://ieeexplore.ieee.org/stamp/stamp.jsp?arnumber=10009804","autonomous vehicles;user acceptance;predictive modelling;fuzzy logic","Fuzzy logic;Privacy;Statistical analysis;Supervised learning;Prediction algorithms;Safety;Security","","7","","34","IEEE","12 Jan 2023","23-24 Nov. 2022","23-24 Nov. 2022","IEEE","IEEE Conferences"
"A study on cyclists’ risk-taking behavior intention on shared roads with autonomous vehicles","S. Fu; H. Zhou; Y. Li; W. Wang","School of Transportation and Logistics Engineering, Wuhan University of Technology, Wuhan, China; School of Transportation and Logistics Engineering, Wuhan University of Technology, Wuhan, China; School of Transportation and Logistics Engineering, Wuhan University of Technology, Wuhan, China; School of Transportation and Logistics Engineering, Wuhan University of Technology, Wuhan, China",2023 7th International Conference on Transportation Information and Safety (ICTIS),"15 Sep 2023","2023","","","1236","1242","Automatic vehicles are likely to operate in mixed traffic conditions, affecting cyclists’ existing behavioral decisions. However, the intention and decision-making mechanism of cyclists’ risk-taking behavior on shared roads are not clearly understood. The theory of planned behavior(TPB) has been proven to be effective in the study of travel behavior. Based on the theory of TPB, the Extended Theory of Planned Behavior (ETPB) research framework of risk-taking behavior intention was constructed by introducing safety perception, psychological motivation and technology cognition variables. Safety perception variables took into account the public’s perception of safety in the shared road environment with AVs, while psychological motivation mainly took into account riders’ past riding habits, risk perception bias and riding emotion factors. Secondly, questionnaire survey was used to obtain riders’ personal basic information and multi-situation risk-taking behavior willingness data, and corresponding structural equation model was constructed to explain the influence of variables on willingness. Finally, clustering people by means of K-means clustering algorithm and analyzing the psychological and behavioral characteristics of all kinds of people, so as to facilitate the selection of traffic management strategies. The results show that the extended TPB model can better explain the risk-taking behaviors of cyclists on the self-driving shared road. The influence of attitude and safety perception on the willingness to take risks is more prominent, and technology cognition plays an important indirect role. This study expands the research on the psychology of cyclists’ risk-taking behavior, which could help to promote the integration of autonomous vehicles into transportation systems and better management strategies.","2832-899X","979-8-3503-0853-2","10.1109/ICTIS60134.2023.10243988","","https://ieeexplore.ieee.org/stamp/stamp.jsp?arnumber=10243988","traffic safety;automatic vehicles;shared road;risky riding behavior;extended planning behavior theory","Surveys;Roads;Psychology;Transportation;Mathematical models;Cognition;Behavioral sciences","","","","16","IEEE","15 Sep 2023","4-6 Aug. 2023","4-6 Aug. 2023","IEEE","IEEE Conferences"
"Survey on cyber security of CAV","Q. He; X. Meng; R. Qu","Nottingham Geospatial Institute, University of Nottingham, United Kingdom; Nottingham Geospatial Institute, University of Nottingham, United Kingdom; Department of Computer Science, University of Nottingham, United Kingdom",2017 Forum on Cooperative Positioning and Service (CPGPS）,"19 Oct 2017","2017","","","351","354","With the ever fast developments of technologies in science and engineering, it is believed that CAV (connected and autonomous vehicles) will come into our daily life soon. CAV could be used in many different aspects in our lives such as public transportation and agriculture, and so on. Although CAV will bring huge benefits to our lives and society, issues such as cyber security threats, which may reveal drivers' private information or even pose threat to driver's life, present significant challenges before CAV can be utilised in our society. In computer science, there is a clear category of cyber security attacks while there is no specific survey on cyber security of CAV. This paper overviews different passive and active cyber security attacks which may be faced by CAV. We also present solutions of each of these attacks based on the current state-of-the-art, and discuss future improvements in research on CAV cyber security.","","978-1-5090-5022-2","10.1109/CPGPS.2017.8075153","","https://ieeexplore.ieee.org/stamp/stamp.jsp?arnumber=8075153","Cyber Security;CAV;Autonomous Driving","Automobiles;Receivers;Authentication;Encryption;Global Positioning System","","24","","19","IEEE","19 Oct 2017","19-21 May 2017","19-21 May 2017","IEEE","IEEE Conferences"
"Decentralized Defenses: A Framework for 5G IoT Security in Industry 4.0 using Blockchain Crowdsourcing","P. Maiti; S. Prabhu; P. Ashok","Symbiosis Institute of Digital and Telecom Management (SIDTM), Symbiosis International (Deemed University) (SIU), Lavale, Pune, Maharashtra, India; Symbiosis Institute of Digital and Telecom Management (SIDTM), Symbiosis International (Deemed University) (SIU), Lavale, Pune, Maharashtra, India; Symbiosis Institute of Digital and Telecom Management (SIDTM), Symbiosis International (Deemed University) (SIU), Lavale, Pune, Maharashtra, India",2024 3rd International Conference on Sentiment Analysis and Deep Learning (ICSADL),"25 Jul 2024","2024","","","534","538","This research work presents Blockchain Crowdsourcing-empowered 5G IoT as a backbone for network security of industry 4.0 in various applications. The study examines this aspect by featuring blockchain based crowdsourcing to detect and mitigate attacks. A structured literature search on the topic was conducted on various relevant bibliographic databases. 39 publications fulfilled the inclusion criteria. The study indicates that IoT devices in 5G ecosystems have serious security risk due to evolving threats and there are no proactive solutions. However, the best way to respond effectively is to work at the edge of the communication network using the density of IoT devices to obtain and analyze information, then taking corrective measures from the source of the threat. To the author's knowledge, this is the first study to apply the Blockchain based Crowdsourcing tool to mitigate cyber-attacks on 5G IoT networks for Industry 4.0. It has no single point of failure and caters to the increasing demand of cyber security workforce.","","979-8-3503-9615-7","10.1109/ICSADL61749.2024.00093","","https://ieeexplore.ieee.org/stamp/stamp.jsp?arnumber=10601456","Blockchain;Crowdsourcing;Smart contracts;5G;IoT;5G security;Cybersecurity;Proactive security;Digital witness;Industrial automation;Healthcare 4.0","Crowdsourcing;Knowledge engineering;Sentiment analysis;5G mobile communication;Information services;Network security;Blockchains","","21","","39","IEEE","25 Jul 2024","13-14 March 2024","13-14 March 2024","IEEE","IEEE Conferences"
"Interview Guide Development for Qualitative Research on Exploring Acceptance of Autonomous Vehicles in Thailand","T. Sithanant; W. Chaiyasoonthorn; S. Chaveesuk","KMITL Business School, King Mongkut's Institute of Technology Ladkrabang, Bangkok, Thailand; KMITL Business School, King Mongkut's Institute of Technology Ladkrabang, Bangkok, Thailand; KMITL Business School, King Mongkut's Institute of Technology Ladkrabang, Bangkok, Thailand",2023 15th International Conference on Information Technology and Electrical Engineering (ICITEE),"20 Nov 2023","2023","","","340","346","The aim of this article is to create a semi-structured interview guide for a qualitative research project centered on the exploring acceptance of autonomous vehicles (AVs) in Thailand. The widespread acceptance of AVs holds significant potential for enhancing the quality of life. While existing studies have predominantly focused on the acceptance of AVs through quantitative research and technology acceptance theories, this paper seeks to address this gap by proposing an innovative approach. This approach involves qualitative research rooted in the use of grounded theory methodology, employing semi-structured interviews to generate a novel theoretical framework. The collection of qualitative data will be facilitated through the adoption of semi-structured interviews, with the interview guide serving as the principal tool for data collection. The article will commence with a concise overview of AVs, pertinent technology acceptance theories, past research on AV acceptance, and the adoption of conventional car studies. Following that, a synthesis of knowledge and identification of gaps will be presented. Subsequently, a new research approach will be introduced, and a systematic procedure for crafting the semi-structured interview guide will be detailed and summarized.","2766-0419","979-8-3503-0446-6","10.1109/ICITEE59582.2023.10317695","","https://ieeexplore.ieee.org/stamp/stamp.jsp?arnumber=10317695","interview guide;qualitative research;acceptance;autonomous vehicle","Electrical engineering;Ethics;Systematics;Data collection;Data models;Automobiles;Interviews","","1","","62","IEEE","20 Nov 2023","26-27 Oct. 2023","26-27 Oct. 2023","IEEE","IEEE Conferences"
"How to Rationalise the Sampling of Test-Scenarios in Automated Driving Based on Criticality Metrics?","H. Blache; P. -A. Laharotte; N. -E. E. Faouzi","Univ. Gustave Eiffel, Univ. Lyon, ENTPE, LICIT-ECO7 UMR T9401, Lyon, France; Univ. Gustave Eiffel, Univ. Lyon, ENTPE, LICIT-ECO7 UMR T9401, Lyon, France; Univ. Gustave Eiffel, Univ. Lyon, ENTPE, LICIT-ECO7 UMR T9401, Lyon, France",2023 8th International Conference on Models and Technologies for Intelligent Transportation Systems (MT-ITS),"11 Sep 2023","2023","","","1","6","The deployment of Automated and Connected Vehicles (ACV) into traffic requires certifications and validations guaranteeing high levels of safety, security and reliability. The underlying objective is to gain public acceptance by proving that automation systems might bring out a safer mobility. While plenty of methods to certify these systems are populating the literature, the scenario-based approach stands out by reducing the quantity of required Field tests to validate any new system at stake. In this study, we refine the scenario-based approach by proposing a proof of concept (PoC) for scenario reduction using criticality metrics. For this PoC, we weave a relationship between the a priori criticality of abstract functional scenarios and the words used to generate them. Once, the criticality of a subset of scenarios is qualified based on open field data (HighD), the Latent Dirichlet Allocation (LDA) clustering approach is used to generate topics and feature the relationship between observed criticality and semantics words applied to functional scenarios. The criticality degree of semantics words is used to predict the a priori criticality of unobserved functional scenarios.","","978-1-6654-5530-5","10.1109/MT-ITS56129.2023.10241560","","https://ieeexplore.ieee.org/stamp/stamp.jsp?arnumber=10241560","sampling strategy;Latent Dirichlet Allocation;critical scenarios;ontology;Connected and Automated Vehicle","Measurement;Connected vehicles;Automation;Semantics;Safety;Security;Resource management","","4","","21","IEEE","11 Sep 2023","14-16 June 2023","14-16 June 2023","IEEE","IEEE Conferences"
"A Review on Edge Computing: Security Considerations and Challenges","R. P. Singh; H. Barhaiya; S. Sahu; J. Kumar; D. S. Rathore","Department of Computer Science & Application(MCA), Lakshmi Narain College of Technology, Bhopal, India; LNCT Campus, Lakshmi Narain College of Technology (MCA), Bhopal, India; Department of Computer Science & Engineering(CSE), Lakshmi Narain College of Technology, Bhopal, India; Department of Computer Science & Engineering(CSE), Lakshmi Narain College of Technology, Bhopal, India; Department of Computer Science & Engineering(CSE), Lakshmi Narain College of Technology, Bhopal, India","2024 First International Conference on Data, Computation and Communication (ICDCC)","21 Apr 2025","2024","","","605","609","The foundation of Edge Computing revolves around the redistribution of computational tasks to leverage the currently underutilized computational capacities present at the network's edge. Particularly in the privacy and security industry, the expansion of cloud, IoT, and edge computing models raises serious concerns regarding data privacy and its protection from unauthorized access. However, adequate data privacy solutions for the privacy and security industry require thorough research. This document focuses on the security challenges inherent in edge computing, analysing the solutions researchers have proposed to mitigate these security concerns. Additionally, it provides a comprehensive review of cloud and edge computing, including a detailed comparison of current research, characteristics, requirements for enabling edge computing, and the associated challenges. The discourse further includes considerations for establishing a secure edge computing architecture, presenting various recommended solutions.","","979-8-3315-3295-6","10.1109/ICDCC62744.2024.10961646","","https://ieeexplore.ieee.org/stamp/stamp.jsp?arnumber=10961646","Edge Computing;Cloud computing;IoT;Network;Data Centers;Edge devices","Industries;Data privacy;Cloud computing;Data centers;Reviews;Computer architecture;Data models;Security;Protection;Edge computing","","","","26","IEEE","21 Apr 2025","29-30 Nov. 2024","29-30 Nov. 2024","IEEE","IEEE Conferences"
"A Proposed Safety Case Framework for Automated Vehicle Safety Evaluation","J. Wishart; J. Zhao; B. Woodard; G. O'Malley; H. Guo; S. Rahimi; S. Swaminathan","Science Foundation Arizona/ Arizona Commerce Authority, Phoenix, USA; The Polytechnic School, Arizona State University, Mesa, USA; The Polytechnic School, Arizona State University, Mesa, USA; The Polytechnic School, Arizona State University, Mesa, USA; The Polytechnic School, Arizona State University, Mesa, USA; The Polytechnic School, Arizona State University, Mesa, USA; The Polytechnic School, Arizona State University, Mesa, USA",2023 IEEE International Automated Vehicle Validation Conference (IAVVC),"29 Nov 2023","2023","","","1","7","Automated driving system (ADS)-equipped vehicles (AVs) are currently being developed and deployed on public roads. While the benefits to public safety (among other potential benefits) are promising, the risk that AVs pose to public safety is not yet understood. The Automated Vehicle Test and Evaluation Process (AV - TEP) mission initiated by Science Foundation Arizona in collaboration with Arizona State University is intended to provide a framework for an AV developer or third-party evaluator (such as a regulator) to use in order to provide evidence that the AV is safe for its intended implementation. The AV-TEP framework uses the safety case concept that is widely accepted in the AV industry and others, and consists of three pillars: (1) Safety Management System (SMS), (2) Design Methods, and (3) Scenario-Based Testing. The three pillars are described in detail, and the validation methodology used is outlined. Finally, the various paths to industry acceptance of the AV-TEP framework are described, which builds upon existing work and research wherever appropriate.","","979-8-3503-2253-8","10.1109/IAVVC57316.2023.10328077","","https://ieeexplore.ieee.org/stamp/stamp.jsp?arnumber=10328077","Automated Driving System (ADS);Safety Case Framework (SCF);Driving Safety Assessment (DSA);scenario-based testing;metrics;safety management system;digital twin;Verification and Validation (V&V)","Industries;Regulators;Roads;Design methodology;Safety management;Collaboration;Public security","","7","","19","IEEE","29 Nov 2023","16-18 Oct. 2023","16-18 Oct. 2023","IEEE","IEEE Conferences"
"Investigating ChatGPT on Reddit by Using Lexicon-Based Sentiment Analysis","P. S. Putra; A. H. Lubis; R. Muliono; N. Khairina; Muhathir; M. R. Darmansyah","Faculty of Engineering, Universitas Medan Area, Medan, Indonesia; Faculty of Engineering, Universitas Medan Area, Medan, Indonesia; Faculty of Engineering, Universitas Medan Area, Medan, Indonesia; Faculty of Engineering, Universitas Medan Area, Medan, Indonesia; Faculty of Engineering, Universitas Medan Area, Medan, Indonesia; Faculty of Engineering, Universitas Medan Area, Medan, Indonesia",2024 International Conference on Information Technology Research and Innovation (ICITRI),"2 Oct 2024","2024","","","65","70","ChatGPT is one of the most favorable AI-driven applications, gaining widespread popularity and usage among users. Despite it provides numerous advantages, ChatGPT also introduces security vulnerabilities and ethical concerns, such as plagiarism, privacy issues, data security risks, and the potential for biased data generation. Hence, identifying and addressing the sentiment of ChatGPT is essential, as it helps understand public perception and highlights areas requiring improvement. The research investigates the efficacy of various lexicon-based sentiment analysis tools, namely VADER, Liu-Hu, SentiWordNet, and AFINN, in capturing user sentiment from Reddit comments related to ChatGPT. The study emphasizes the importance of rigorous text preprocessing steps, including case folding, normalization, cleaning, tokenizing, stop-words removal, and stemming, to enhance the accuracy and reliability of sentiment analysis. The result highlights the presence of some consistency in identifying neutral sentiment across the tools, but also underscores the notable variability in detecting positive and negative sentiments. AFINN tends to identify a greater number of positive sentiments and a lesser number of negative ones, while VADER and SentiWordNet offer a more balanced and nuanced detection across all sentiment categories. Liu-Hu, meanwhile, occupies a middle ground with higher positive sentiment counts and lower negative sentiment counts. The evaluation of the sentiment clustering quality is conducted using the Silhouette Index, which measures that VADER and SentiWordNet exhibit higher scores (0.5326 and 0.5173, respectively) than other tools. The results of the sentiment analysis indicate that ChatGPT garners significantly more positive sentiment compared to negative and neutral sentiments.","","979-8-3503-7621-0","10.1109/ICITRI62858.2024.10699128","","https://ieeexplore.ieee.org/stamp/stamp.jsp?arnumber=10699128","Sentiment Analysis;Lexicon-Based;ChatGPT;Reddit;Natural Language Processsing","Sentiment analysis;Technological innovation;Accuracy;Social networking (online);Plagiarism;Supervised learning;Chatbots;Tag clouds;Reliability;Indexes","","3","","29","IEEE","2 Oct 2024","5-6 Sept. 2024","5-6 Sept. 2024","IEEE","IEEE Conferences"
"Investigating the Efficacy of In-Process Feedback in Improving Human-Machine Interaction in Autonomous Vehicles","J. C. Sekhar; J. Ramu; V. K. Pratap","Department of CSE, NRI Institute of Technology, Guntur, Andhra Pradesh, India; Department of CSE, NRI Institute of Technology, Guntur, Andhra Pradesh, India; Department of CSE, NRI Institute of Technology, Guntur, Andhra Pradesh, India",2023 IEEE World Conference on Applied Intelligence and Computing (AIC),"2 Oct 2023","2023","","","376","381","As autonomous vehicles become more prevalent on our roads, the improvement of human-machine interaction (HMI) becomes increasingly critical. In-process feedback has emerged as a promising approach to enhancing HMI in autonomous vehicles, but limited research exists on its effectiveness. The purpose of this study is to determine how effective in-process feedback is at enhancing HMI. To investigate the impact of in-process feedback on HMI, a within-subjects approach and a quasi-experimental design were used. Ninety participants with experience driving autonomous vehicles were recruited and divided into an investigational group receiving in-process feedback and a control group without such feedback. The study measured the efficacy of in-process feedback on HMIs through subjective and objective measures. The subjective measure utilized a questionnaire to assess participants' perceptions of their driving experience, including comfort, confidence, and trust in the autonomous vehicle. The objective measure analyzed participants' driving behavior, encompassing speed, lane keeping, and steering patterns. The experimental group outperformed the control group in terms of comfort, confidence, and trust in the driverless car, according to the results. The objective measure also indicated improved driving behavior in the investigational group, including smoother lane keeping and fewer instances of sudden braking and acceleration. In conclusion, this study supports the effectiveness of in-process feedback as an approach to enhancing HMI in autonomous vehicles. The findings have practical implications for the design and development of autonomous vehicle technology, ultimately contributing to the public's acceptance and adoption of this technology.","","979-8-3503-1006-1","10.1109/AIC57670.2023.10263851","","https://ieeexplore.ieee.org/stamp/stamp.jsp?arnumber=10263851","Human-machine interaction (HMI);Autonomous vehicles;In-process feedback;Efficacy;Quasi-experimental design","Human computer interaction;Accelerometers;Atmospheric measurements;Roads;Particle measurements;Behavioral sciences;Autonomous automobiles","","1","","20","IEEE","2 Oct 2023","29-30 July 2023","29-30 July 2023","IEEE","IEEE Conferences"
"Enhancing Security and Privacy in Cyber-Physical Systems: Challenges and Solutions","M. Sharma","Amazon, San Jose, USA",2024 IEEE 14th Annual Computing and Communication Workshop and Conference (CCWC),"13 Feb 2024","2024","","","0682","0686","Cyber-Physical Systems (CPS) represent a convergence of computational and physical processes, seamlessly integrating into sectors such as healthcare, transportation, and energy. As these systems become increasingly ubiquitous, the imperatives of security and privacy emerge as critical focal points, especially given the inherent vulnerabilities introduced by real-time operational constraints, device heterogeneity, and the multifaceted nature of physical-digital interactions. This paper aims to provide a comprehensive analysis of these challenges, bringing to the fore the issues of data sensitivity in applications such as healthcare, potential risks associated with user location tracking, and the looming threats of data aggregation and inference attacks. With these challenges as our backdrop, we journey into the realm of recent advancements, examining CPS-specific intrusion detection systems, the transformative potential of blockchain in ensuring data integrity, and the merits of communication protocols tailored for these systems. Furthermore, the discourse extends to the adoption of differential privacy techniques in CPS, the promise of homomorphic encryption in ensuring the sanctity of data processing, and user-centric mechanisms that afford individuals greater control over their privacy. As we encapsulate our findings, the research emphasizes the continuous evolution of threats and, concurrently, the countermeasures. In conclusion, the paper underscores the pressing need for a holistic, multi-disciplinary approach to security and privacy in CPS, urging the research community and industry stakeholders to champion collaborative efforts in fortifying these foundational systems.","","979-8-3503-6013-4","10.1109/CCWC60891.2024.10427691","","https://ieeexplore.ieee.org/stamp/stamp.jsp?arnumber=10427691","Cyber-Physical Systems;Security;Privacy","Privacy;Technological innovation;Transportation;Medical services;Cyber-physical systems;Real-time systems;Security","","7","","34","IEEE","13 Feb 2024","8-10 Jan. 2024","8-10 Jan. 2024","IEEE","IEEE Conferences"
"A Survey on the Role of Artificial Intelligence and Machine Learning in 6G-V2X Applications","D. Wang; A. Qiu; Q. Zhou; H. D. Schotten","Rhineland-Palatinate Technical University of Kaiserslautern-Landau, Germany; Rhineland-Palatinate Technical University of Kaiserslautern-Landau, Germany; German Research Center for Artificial Intelligence (DFKI GmbH), Kaiserslautern, Germany; Rhineland-Palatinate Technical University of Kaiserslautern-Landau, Germany",2025 IEEE 11th World Forum on Internet of Things (WF-IoT),"8 Dec 2025","2025","","","1","7","The rapid advancement of Vehicle-to-Everything (V2X) communication is transforming Intelligent Transportation Systems (ITS), with 6G networks expected to provide ultra-reliable, low-latency, and high-capacity connectivity for Connected and Autonomous Vehicles (CAVs). Artificial Intelligence (AI) and Machine Learning (ML) have emerged as key enablers in optimizing V2X communication by enhancing network management, predictive analytics, security, and cooperative driving due to their outstanding performance across various domains, such as natural language processing and computer vision. This survey comprehensively reviews recent advances in AI and ML models applied to 6G-V2X communication. It focuses on state-of-the-art techniques, including Deep Learning (DL), Reinforcement Learning (RL), Generative Learning (GL) and Federated Learning (FL), with particular emphasis on developments from the past two years. Notably, AI, especially GL, has shown remarkable progress and emerging potential in enhancing the performance, adaptability, and intelligence of 6G-V2X systems. Despite these advances, a systematic summary of recent research efforts in this area remains lacking, which this survey aims to address. We analyze their roles in 6G-V2X applications such as intelligent resource allocation, beamforming, intelligent traffic management, and security management. Furthermore, we explore the technical challenges, including computational complexity, data privacy, and real-time decision-making constraints, while identifying future research directions for AI-driven 6G-V2X development. This study aims to provide valuable insights for researchers, engineers, and policymakers working towards realizing intelligent, AI-powered V2X ecosystems in 6G communication.","2768-1734","979-8-3315-1522-5","10.1109/WF-IoT64238.2025.11270555","Ministry of Education; ","https://ieeexplore.ieee.org/stamp/stamp.jsp?arnumber=11270555","6G;V2X;AI;ML;LLM;FL","6G mobile communication;Surveys;Reviews;Biological system modeling;Decision making;Real-time systems;Resource management;Artificial intelligence;Vehicle-to-everything;Autonomous vehicles","","12","","55","IEEE","8 Dec 2025","27-30 Oct. 2025","27-30 Oct. 2025","IEEE","IEEE Conferences"
"Factors Affecting Trust in the Autonomous Vehicle: A Survey of Primary School Students and Parent Perceptions","Y. Ma; S. Li; S. Qin; Y. Qi","Department of Psychology, CAS Key Laboratory of Behavioral Science, Institute of Psychology, Chinese Academy of Sciences. University of Chinese Academy of Sciences, Beijing, China; Department of Psychology, CAS Key Laboratory of Behavioral Science, Institute of Psychology, Chinese Academy of Sciences. University of Chinese Academy of Sciences, Beijing, China; The Department of Psychology, Renmin University of China, The Laboratory of the Department of Psychology, Renmin University of China, Beijing, China; The Department of Psychology, Department of Psychology, Renmin University of China, The Laboratory of the Department of Psychology, Renmin University of China, CAS Key Laboratory of Behavioral Science, Institute of Psychology, Chinese Academy of Sciences, University of Chinese Academy of Sciences, Beijing, China","2020 IEEE 19th International Conference on Trust, Security and Privacy in Computing and Communications (TrustCom)","9 Feb 2021","2020","","","2020","2027","With the rapid development of autonomous driving technology, autonomous vehicles are expected to perform all driving functions under certain conditions. In fact, some people have even proposed the concept of autonomous school buses. Accordingly, autonomous vehicles exhibit the great potential to become not only the primary alternative to human-driven vehicles during a child's journey to school, but also the vehicles used by today's children as they enter adulthood. However, the acceptance of such vehicles depends on both the children and their parents' trust in this new technology. Hence, this study explores the relationships among perceived usefulness, defects, and risks as well as negative emotions and degree of trust in autonomous vehicles. Based on an online survey of 131 primary school students and 133 parents, the current study concludes that the perceived benefits, perceived risks, and emotional responses influence people's trust in this new technology. Moreover, the results of a regression analysis find two critical factors that influence trust in autonomous vehicles, namely, perceived risk of traffic safety and perceived defects in the vehicle. Additionally, while perceived usefulness is an exclusive predictor of adults' trust, negative emotions only significantly predict the trust of children in the vehicle. For trust in autonomous vehicles, these primary school students share similar perceptions with those of their parents. To our knowledge, the present study is the first to compare people's trust in autonomous vehicles between primary school students and their parents. These findings may inspire the design and promotion of autonomous vehicles for school journeys, thus resulting in increasingly more families trusting and accepting this new technology.","2324-9013","978-1-6654-0392-4","10.1109/TrustCom50675.2020.00277","building world-class universities (disciplines) of Renmin University of China(grant numbers:2018); National Natural Science Foundation of China(grant numbers:32000771); Beijing Natural Science Foundation(grant numbers:5184035); CAS Key Laboratory of Behavioral Science, Institute of Psychology; ","https://ieeexplore.ieee.org/stamp/stamp.jsp?arnumber=9343221","autonomous vehicle;trust;perceived risk;perceived usefulness;emotion","Privacy;Conferences;Safety;Regression analysis;Emotional responses;Security;Autonomous vehicles","","10","","51","IEEE","9 Feb 2021","29 Dec.-1 Jan. 2021","29 Dec.-1 Jan. 2021","IEEE","IEEE Conferences"
"PhaDe: Practical Phantom Spoofing Attack Detection for Autonomous Vehicles","F. Lin; H. Yan; J. Li; Z. Liu; L. Lu; Z. Ba; K. Ren","State Key Laboratory of Blockchain and Data Security, School of Cyber Science and Technology, Zhejiang University, Hangzhou, China; State Key Laboratory of Blockchain and Data Security, School of Cyber Science and Technology, Zhejiang University, Hangzhou, China; State Key Laboratory of Blockchain and Data Security, School of Cyber Science and Technology, Zhejiang University, Hangzhou, China; State Key Laboratory of Blockchain and Data Security, School of Cyber Science and Technology, Zhejiang University, Hangzhou, China; State Key Laboratory of Blockchain and Data Security, School of Cyber Science and Technology, Zhejiang University, Hangzhou, China; State Key Laboratory of Blockchain and Data Security, School of Cyber Science and Technology, Zhejiang University, Hangzhou, China; State Key Laboratory of Blockchain and Data Security, School of Cyber Science and Technology, Zhejiang University, Hangzhou, China",IEEE Transactions on Information Forensics and Security,"6 May 2024","2024","19","","4199","4214","Despite their prevalence and indispensability in the perception modules of autonomous vehicles, cameras have shown susceptibility to numerous attacks. Among them, the phantom spoofing attack is of significant concern. In such attacks, malefactors employ electronic display devices like projectors and display monitors to generate deceptive objects, thereby duping the object detectors in autonomous vehicles. However, existing detection methodologies are narrowly focused on a single device category, ignoring the multitude of devices that could be leveraged for attacks. Furthermore, the artificial modality-based solution presently in use lacks efficacious fusion mechanisms. In response to these limitations, we propose PhaDe, a practical deep learning-based system adept at detecting phantom spoofing attacks from a variety of and even unfamiliar attack devices. Our approach introduces two image processing techniques to construct artificial modalities and further advances a multi-head self-attention MSA-based fusion module for more versatile integration of disparate modalities. To boost the generalization capacity of our system against novel, unseen attacks, we incorporate two representation-level losses to align feature distributions from various domains. Evaluations conducted on our own dataset, encompassing fake objects from several device types, attest to the efficacy of our system. Our results indicate an accuracy of 98.80% on familiar domains and a detection success rate of 94.03% on unfamiliar domains. Additionally, PhaDe demonstrates a swift response time, fulfilling the practicality requisites.","1556-6021","","10.1109/TIFS.2024.3376192","National Key Research and Development Program of China(grant numbers:2020AAA0107700); National Natural Science Foundation of China(grant numbers:62032021,62372406,62172359,62102354); ","https://ieeexplore.ieee.org/stamp/stamp.jsp?arnumber=10466616","Vehicles security;phantom attack;detection system;deep learning;multi-modal fusion","Phantoms;Cameras;Training;Monitoring;Autonomous vehicles;Performance evaluation;Object detection","","10","","53","IEEE","14 Mar 2024","2024","","IEEE","IEEE Journals"
"An Intelligent Terminal Based Privacy-Preserving Multi-Modal Implicit Authentication Protocol for Internet of Connected Vehicles","F. Wei; S. Zeadally; P. Vijayakumar; N. Kumar; D. He","Henan Key Laboratory of Network Cryptography Technology, Zhengzhou, China; College of Communication and Information, University of Kentucky, Lexington, KY, USA; Department of Computer Science and Engineering, University College of Engineering Tindivanam, Tindivanam, India; Department of Computer Science and Engineering, Thapar Institute of Engineering and Technology (Deemed University), Patiala, India; School of Cyber Science and Engineering, Wuhan University, Wuhan, China",IEEE Transactions on Intelligent Transportation Systems,"12 Jul 2021","2021","22","7","3939","3951","The Internet of connected Vehicles (IOV) can collect, process, compute and release the information of intelligent transportation systems. IOV is an integrated service system that can support the applications for automatic driving, intelligent transport and information services. As the number of incidents on IOV has been on the rise in the past few years, IOV security is becoming increasingly important in the IOV architecture. One of the most notable risks of IOV faces is intelligent terminal security. The vehicle's intelligent terminal can be used to launch for further attacks on the on-board operating system to penetrate into the internal network of connected vehicle, and consequently threaten the safety of the vehicle. Thus, it is of paramount importance that we protect the security of the intelligent terminal. We propose two intelligent terminal based privacy-preserving multi-modal implicit authentication protocols to protect the security of the intelligent terminal in IOV. The proposed protocols use the password and the vehicle owner's behavior features as the authentication factors to protect the security of the intelligent terminal. Since the vehicle owner's behavior features are sensitive and the privacy information of the user must be protected, we also consider the privacy protection of the behavior features. Our protocols do not reveal any information about the vehicle owner's behavior features to the authentication server and the adversary except the ciphertext size of the feature vector. We analyze the security of our proposed protocol and compare them with other related protocols in terms of computation and communications costs. Our results demonstrate that our proposed protocols yield better security and efficiency.","1558-0016","","10.1109/TITS.2020.2998775","National Natural Science Foundation of China(grant numbers:61772548,61672413,61872449,61972294,61932016); Foundation of Science and Technology on Information Assurance Laboratory(grant numbers:KJ-17-001); ","https://ieeexplore.ieee.org/stamp/stamp.jsp?arnumber=9134389","Authentication;connected vehicles;intelligent terminal;Internet of Vehicles;privacy;protocol","Authentication;Protocols;Privacy;Internet;Connected vehicles;Password","","54","","36","IEEE","7 Jul 2020","July 2021","","IEEE","IEEE Journals"
"Artificial Intelligence Governance: A Study on the Ethical and Security Issues that Arise","A. Ndrejaj; M. Ali","Department of Business Administration, Epoka University, Tirana, Albania; Department of Business Administration, Epoka University, Tirana, Albania","2022 International Conference on Computing, Electronics & Communications Engineering (iCCECE)","7 Sep 2022","2022","","","104","111","artificial intelligence (AI) is rapidly becoming integrated into every facet of society. However, its use in current governance is lacking. Across major global powers, attempts are currently being made to regulate AI with the aim of protecting citizens, corporations and political realms. Despite this, there have been several serious incidents involving AI recently. The current gaps in governance could give way to even greater future problems as AI becomes a more pervasive part of society. This research examines both current attempts at governance and common concerns to address using both a case study on Amazon’s Alexa and a previously conducted survey of U.S. public opinion on AI. The results of these studies show that AI is not necessarily always secure and that citizens’ concerns over AI risks are growing. Overall, this research highlights some of the key areas governing bodies should seek to address.","","978-1-6654-8980-5","10.1109/iCCECE55162.2022.9875082","","https://ieeexplore.ieee.org/stamp/stamp.jsp?arnumber=9875082","artificial intelligence;AI;governance;security;public opinion;survey;case study","Privacy;Ethics;Law;Virtual assistants;Minimization;Security;Artificial intelligence","","5","","29","IEEE","7 Sep 2022","17-18 Aug. 2022","17-18 Aug. 2022","IEEE","IEEE Conferences"
"The Unforeseen in Unmanned Vehicles","P. Maxwell; M. Nowatkowski","Army Cyber Institute, NY, USA; Augusta University Cyber Institute, Augusta, GA, USA",2018 IEEE International Symposium on Technology and Society (ISTAS),"10 Feb 2019","2018","","","60","65","The development of unmanned vehicle technology is rapidly proceeding and will result in numerous advances in autonomous vehicles. Most of the research effort to date focuses on the safe and effective operation of these vehicles that will allow them to integrate into society. A research gap exists though in the technical, policy, and legal fields regarding illicit use of these vehicles beyond their programmed functions. In this paper we explore possible misuse of unmanned vehicles and illustrate the need for research in the technical, policy, and legal realms.","2158-3412","978-1-5386-9479-4","10.1109/ISTAS.2018.8638276","","https://ieeexplore.ieee.org/stamp/stamp.jsp?arnumber=8638276","Unmanned Vehicles;Cyber Security;Cyber Policy;Cyber Law","Law enforcement;Autonomous vehicles;Privacy;Unmanned aerial vehicles","","2","","46","IEEE","10 Feb 2019","13-14 Nov. 2018","13-14 Nov. 2018","IEEE","IEEE Conferences"
"Unveiling Topics from Scientific Literature on the Subject of Self-driving Cars using Latent Dirichlet Allocation","W. Y. Ayele; G. Juell-Skielse","Department of Computer and Systems Sciences, Stockholm University, Stockholm, Sweden; Department of Computer and Systems Sciences, Stockholm University, Stockholm, Sweden","2018 IEEE 9th Annual Information Technology, Electronics and Mobile Communication Conference (IEMCON)","17 Jan 2019","2018","","","1113","1119","Self-driving cars are becoming popular topics in academia. Consumers of self-driving cars and vehicles have different concerns, for example, safety and security, to name a few. Also, the public sector has interests in self-driving cars such as amending policies to enable the management of self-driving vehicles in cities, urban planning, traffic management and, etc. In this paper, more than 2700 corpus are extracted from literature from several subject areas to identify latent (hidden) topics of self-driving cars. Latent Dirichlet Allocation (LDA) is used for topic identification. The result of this study shows that topics identified are valid research areas such as urban planning, driver car (computer) interaction, self-driving control and system design, ethics in self-driving cars, safety and risk assessment, training dataset quality and machine learning in self-driving cars are among the topics identified. Furthermore, the network visualization of association graph of terms shows that the most frequently discussed concepts reveal that control of self-driving cars is based on algorithms, data, design, method, and model. The methods used in this study and the results can be used as decision tools, if carefully applied, in diverse disciplines that are disrupted by the introduction of self-driving cars. For future study, we plan to extend this study with a larger dataset and other data mining techniques.","","978-1-5386-7266-2","10.1109/IEMCON.2018.8615056","","https://ieeexplore.ieee.org/stamp/stamp.jsp?arnumber=8615056","topic modeling;unveiling hidden topics;unsupervised topic modeling;self-driving cars","Autonomous automobiles;Automobiles;Vocabulary;Safety;Machine learning;Resource management","","4","","27","IEEE","17 Jan 2019","1-3 Nov. 2018","1-3 Nov. 2018","IEEE","IEEE Conferences"
"Examining Trust’s Influence on Autonomous Vehicle Perceptions","L. Tang; M. Bashir","School of Information Science, University of Illinois, Champaign, IL; School of Information Science, University of Illinois, Champaign, IL",2024 IEEE Intelligent Vehicles Symposium (IV),"15 Jul 2024","2024","","","667","673","The advent of autonomous vehicles (AVs) represents a transformative shift in transportation, promising to redefine mobility and alter our interaction with vehicles. Understanding public perceptions of AVs is crucial, as it influences the adoption and integration of this technology into society. This research conducts a comprehensive investigation into the factors that influence people’s attitudes toward AVs, examining the associated benefits and concerns, as well as the extent of trust placed in this emerging technology. The primary objective is to gain a deeper understanding of the elements that contribute to human-machine trust in the context of AVs. The findings reveal a consistent pattern in the propensity to trust AVs and concerns regarding performance failures, both at individual and societal levels. From a societal perspective, enhanced locomotion independence is the primary benefit of AV deployment, contributing to increased accessibility and reduced reliance on conventional transportation systems. At the individual level, increased free time emerges as the foremost advantage. These findings provide AV developers and policymakers the critical insight when deploying autonomous vehicle systems.","2642-7214","979-8-3503-4881-1","10.1109/IV55156.2024.10588643","","https://ieeexplore.ieee.org/stamp/stamp.jsp?arnumber=10588643","Human Factors for Intelligent Vehicles;Policy;Ethics;and Regulations","Ethics;Shape;Human-machine systems;Ecosystems;Transportation;Human factors;Regulation","","3","","28","IEEE","15 Jul 2024","2-5 June 2024","2-5 June 2024","IEEE","IEEE Conferences"
"Security Analysis of Connected Autonomous Vehicles (CAVs): Challenges, Issues, Defenses, and Open Problems","N. M. I. Chowdhury; R. Hasan","Dept. of Computer Science, University of Alabama at Birmingham, Birmingham, AL; Dept. of Computer Science, University of Alabama at Birmingham, Birmingham, AL",2024 IEEE World Forum on Public Safety Technology (WFPST),"30 Jul 2024","2024","","","81","86","Our world is evolving into a landscape of smart cities, with connected autonomous vehicles (CAVs) occupying a central role in the paradigm of smart mobility. To ensure road and public safety, transportation productivity, employment opportunities, and cost-effectiveness, the CAVs can be the pioneers in the overall transportation system. Renowned automobile companies are transforming and expanding their market into CAVs as future cars by creating additional AV wings in their industries. However, having modern technologies, these cars face unique challenges in operation and can be intended to be attacked by malicious entities. In this survey paper, we classified the attacks in terms of issues arising into three sectors of autonomous vehicles (AVs) – AV forensics, AV communications, and OTA updates for AV. We emphasize the security analysis by discussing several challenges, attack scenarios and defenses, and a few open problems. We anticipate that our paper will serve as a valuable resource for readers and apprentices working on attacks and defenses on connected autonomous vehicles.","","979-8-3503-2914-8","10.1109/WFPST58552.2024.00036","","https://ieeexplore.ieee.org/stamp/stamp.jsp?arnumber=10607115","CAVs;forensics;communication;OTA Update;security;safety","Industries;Surveys;Productivity;Smart cities;Roads;Transportation;Public security","","8","","37","IEEE","30 Jul 2024","14-15 May 2024","14-15 May 2024","IEEE","IEEE Conferences"
"Self-Driving Cars: An Epitome of Technological Innovation","K. Barman; A. Mondal; R. Dutta; N. S. Kalita; P. S. Chatterjee","School of Computer Engineering Kalinga Institute of Industrial Technology(KIIT), Deemed to be University, Bhubaneswar, Odisha, India; School of Computer Engineering Kalinga Institute of Industrial Technology(KIIT), Deemed to be University, Bhubaneswar, Odisha, India; School of Computer Engineering Kalinga Institute of Industrial Technology(KIIT), Deemed to be University, Bhubaneswar, Odisha, India; School of Computer Engineering Kalinga Institute of Industrial Technology(KIIT), Deemed to be University, Bhubaneswar, Odisha, India; School of Computer Engineering Kalinga Institute of Industrial Technology(KIIT), Deemed to be University, Bhubaneswar, Odisha, India",2025 International Conference on Emerging Systems and Intelligent Computing (ESIC),"16 Apr 2025","2025","","","754","758","Autonomous vehicles (AVs) are bringing a massive revolution in leveraging advancements in the fields of sensor technologies, artificial intelligence and machine learning algorithms. This paper focuses on providing extensive details on technical foundations, ethical concerns, legal challenges, and societal implications. Key technologies including perception systems, decisionmaking algorithms and experimental frameworks are analysed to understand their role in enabling safe and efficient autonomy. Global regulatory discrepancies, privacy problems, and ethical quandaries in accident scenarios are also examined. The difficulties experienced by systems such as Waymo’s autonomous taxis and Tesla’s Full-Self Driving Beta are demonstrated by real-world case studies. The results highlight the significance of filling key research gaps in the areas of societal repercussions, legal uniformity, and scalability. The future of autonomous vehicles is expected to be inclusive, safe, and morally upright through the promotion of interdisciplinary cooperation. It also considers the economic implications of widespread AV adoption and particularly the impact on employment and infrastructure transformation when making efforts to address these challenges. Exploration of the integration of AVs in existing urban structure which has emphasized the need for adaptive traffic management and energy-efficient solutions have also been done. Trust and acceptance must also be built by raising public awareness and educating about the capabilities and limitations of AVs.","","979-8-3315-2210-0","10.1109/ESIC64052.2025.10962726","","https://ieeexplore.ieee.org/stamp/stamp.jsp?arnumber=10962726","Autonomous vehicles;sensor technologies;artificial intelligence;machine learning algorithms;perception systems;decision-making algorithms;experimental frameworks;global regulatory discrepancies;privacy problems;ethical quandaries;societal repercussions;legal uniformity;interdisciplinary cooperation","Ethics;Privacy;Technological innovation;Machine learning algorithms;Law;Scalability;Artificial intelligence;Standards;Public transportation;Systematic literature review","","","","24","IEEE","16 Apr 2025","8-9 Feb. 2025","8-9 Feb. 2025","IEEE","IEEE Conferences"
"Public attitudes towards autonomous mini buses operating in real conditions in a Hellenic city","E. Portouli; G. Karaseitanidis; P. Lytrivis; A. Amditis; O. Raptis; C. Karaberi","Institute of Communication and Computer Systems, Zografou Athens, Greece; Institute of Communication and Computer Systems, Zografou Athens, Greece; Institute of Communication and Computer Systems, Zografou Athens, Greece; Institute of Communication and Computer Systems, Zografou Athens, Greece; E-Trikala S.A; E-Trikala S.A",2017 IEEE Intelligent Vehicles Symposium (IV),"31 Jul 2017","2017","","","571","576","Public attitudes are a key factor shaping the demand and market for autonomous vehicles. Previous studies are limited to a priori attitudes since such vehicles are not yet fully accessible to the public. A survey among 200 passengers of autonomous mini buses in real operation in the city of Trikala shows that they were well accepted and integrated in the people's everyday life and that there were no major concerns as regards safety and security on board. A survey involving 519 adult Trikala citizens revealed that regular users of the autonomous mini bus were younger people, experienced with driving automation systems, who would prefer fully autonomous than manual driving and who would use an autonomous vehicle. Although the findings should be verified with bigger samples and in more cities and traffic environments, they are encouraging towards the introduction of autonomous buses in urban environments.","","978-1-5090-4804-5","10.1109/IVS.2017.7995779","","https://ieeexplore.ieee.org/stamp/stamp.jsp?arnumber=7995779","","Autonomous vehicles;Urban areas;Safety;Security;Roads;Europe;Interviews","","50","","12","IEEE","31 Jul 2017","11-14 June 2017","11-14 June 2017","IEEE","IEEE Conferences"
"Adopting linear optimization to support autonomous vehicles in smart city","N. Petrovic; D. Kocic","Faculty of Electronic Engineering Nis, Nis, Serbia; Faculty of Electronic Engineering Nis, Nis, Serbia",2019 27th Telecommunications Forum (TELFOR),"30 Jan 2020","2019","","","1","4","In this paper, we consider leveraging linear optimization technique to cover two aspects within smart city architecture related to autonomous vehciles – vehicle battery charging and sensor data processing. Moreover, a tool for modeling and simulation of smart city scenarios involving autonomous vehicles and elements of edge computing is presented and integrated with the proposed linear optimization models for evaluation purposes.","","978-1-7281-4790-1","10.1109/TELFOR48224.2019.8971185","","https://ieeexplore.ieee.org/stamp/stamp.jsp?arnumber=8971185","edge computing;linear optimization;modeling;simulation;smart city","Smart cities;Computational modeling;Optimization models;Computer architecture;Data processing;Telecommunications;Batteries;Optimization;Autonomous vehicles;Edge computing","","5","","15","IEEE","30 Jan 2020","26-27 Nov. 2019","26-27 Nov. 2019","IEEE","IEEE Conferences"
"A Reliability Analysis of Self-Driving Vehicles: Evaluating the Safety and Performance of Autonomous Driving Systems","A. Pradeep; M. Bakoev; N. Akhroljonova","Software Engineering, New Uzbekistan University, Tashkent, Uzbekistan; Industrial Management, New Uzbekistan University, Tashkent, Uzbekistan; Industrial Management, New Uzbekistan University, Tashkent, Uzbekistan","2023 15th International Conference on Electronics, Computers and Artificial Intelligence (ECAI)","2 Aug 2023","2023","","","1","5","Self-driving cars are a ground-breaking invention with the potential to revolutionize the transportation sector. As technology develops, it is more crucial than ever to guarantee the dependability of self-driving cars. The dependability analysis of self-driving cars is the main topic of this research article. The multiple levels of automation in self-driving cars and their accompanying reliability requirements are covered in the first section of the study. Afterwards, it examines the many parts of a self-driving car system, such as the perception, decision-making, and control subsystems, and talks about the dependability issues that each of these parts faces. The paper ends by highlighting the value of reliability analysis in ensuring the security and wide acceptance of self-driving cars. In order to overcome the remaining issues and provide more sophisticated methods for self-driving car dependability evaluations, the report advocates for additional research.","","979-8-3503-2138-8","10.1109/ECAI58194.2023.10194188","","https://ieeexplore.ieee.org/stamp/stamp.jsp?arnumber=10194188","reliability analysis;automation levels;perception;decision-making;control;safety;self-driving cars","Industries;Roads;Government;Transportation;Regulation;Autonomous automobiles;Safety","","5","","17","IEEE","2 Aug 2023","29-30 June 2023","29-30 June 2023","IEEE","IEEE Conferences"
"Lightweight and Provably Secure Privacy-Preserving Implicit Authentication Protocol Using Weighted-MinHash for IoV Environment","H. Hu; C. Hsu; M. H. Au; J. Cui; L. Harn; Z. Zhao","Computer School, Central China Normal University, Wuhan, China; Computer School, Central China Normal University, Wuhan, China; Department of Computing, The Hong Kong Polytechnic University, Hong Kong, China; Computer School, Central China Normal University, Wuhan, China; Department of Computer Science and Electrical Engineering, University of Missouri-Kansas City, Kansas City, MO, USA; Faculty of Artificial Intelligence in Education, Central China Normal University, Wuhan, China",IEEE Transactions on Intelligent Transportation Systems,"29 Oct 2025","2025","26","10","15394","15406","Implicit authentication for the Internet of Vehicles (IoV) refers to the continuous and transparent identity verification of users by utilizing various vehicle intelligent terminals to collect the user’s behavioral characteristics as authentication factors, ensuring that the connected vehicle remains under the control of a legitimate user at all times. Existing research on implicit authentication mainly focuses on enhancing the robustness and accuracy of the system, but ignores the privacy protection of user behavior characteristics. Since behavioral characteristics involve extremely sensitive personal information, it is imperative to design efficient and secure privacy protection protocols. However, there is currently little research that relies on cryptographic technology to ensure a high level of security while achieving efficient privacy protection. In this paper, we propose a provably secure privacy-preserving cryptographic protocol for implicit authentication in a semi-honest and non-colluding dual-cloud environment, where Weighted MinHash and Jaccard similarity are combined for the first time in an implicit authentication framework to achieve effective privacy protection. Weighted MinHash is used to process multimodal behavioral features, which not only solves the problem of behavioral feature exposure but also reduces the computational cost; while Jaccard similarity is used to evaluate the differences between features. The security of the proposed protocol is proven by cryptographic methods, i.e., using formal and informal security analysis as well as the formal security analysis tool AVISPA. Furthermore, the experimental verification and comparative analysis, e.g., the time complexity and communication bandwidth of connected vehicles, demonstrate that the proposed protocol is effective and practical. In contrast with the most advanced scheme, the time complexity and the communication bandwidth are decreased from  $O(n^{3})$  to  $O(nm)(m\lt n)$  and from  $256qn^{2}+4096$  to  $768qm$ , respectively.","1558-0016","","10.1109/TITS.2025.3605156","National Natural Science Foundation of China(grant numbers:62172181,62272189,62072133,U21A20465,61922045,U1836115); Central China Normal University 2024 Outstanding Graduate Education Innovation Funding Project(grant numbers:2024CXZZ035); ","https://ieeexplore.ieee.org/stamp/stamp.jsp?arnumber=11173259","Privacy-preserving protocol;implicit authentication;connected vehicles;Jaccard similarity;Weighted MinHash;AVISPA","Authentication;Security;Protocols;Privacy;Protection;Connected vehicles;QR codes;Servers;Time complexity;Cloud computing","","","","39","IEEE","19 Sep 2025","Oct. 2025","","IEEE","IEEE Journals"
"Security and Privacy of Artificial Intelligence with Ethical Concerns","Y. Li","Department of Electrical and Computer Engineering, University of Toronto",2024 IEEE 9th International Conference on Data Science in Cyberspace (DSC),"4 Feb 2025","2024","","","660","667","In recent years, artificial intelligence has entered the public eye across various fields, enhancing productivity and increasing social welfare. However, it has also raised significant security and privacy concerns due to the ethical uncertainties associated with this technology, requiring researchers to establish and refine the rules. This paper aims to categorize the security and privacy issues brought by AI and their relation to social ethics, analyze this complex topic from technical, social, and legal perspectives, and propose the current optimal solutions while predicting future developments.","","979-8-3503-9136-7","10.1109/DSC63484.2024.00098","","https://ieeexplore.ieee.org/stamp/stamp.jsp?arnumber=10859036","artificial intelligence (ai);security;privacy;ethical challenges;data protection","Productivity;Ethics;Privacy;Technological innovation;Uncertainty;Law;Transforms;Regulation;Security;Artificial intelligence","","2","","26","IEEE","4 Feb 2025","23-26 Aug. 2024","23-26 Aug. 2024","IEEE","IEEE Conferences"
"An Overview of Privacy-Preserving and Security Methods for Deep Learning","P. K. Goel; S. Verma; L. S. Mahur; A. Aeron; C. Jayant; K. Komal","Department of CSE, Raj Kumar Goel Institute of Technology, Ghaziabad, U.P., India; Department of CSE, Raj Kumar Goel Institute of Technology, Ghaziabad, U.P., India; Department of CSE, Raj Kumar Goel Institute of Technology, Ghaziabad, U.P., India; Department of CSE, Meerut Institute of Engg. & Technology, Meerut, U.P., India; Department of CSE, Raj Kumar Goel Institute of Technology, Ghaziabad, U.P., India; Department of CSE, Meerut Institute of Technology, Meerut, U.P., India",2024 International Conference on Innovations and Challenges in Emerging Technologies (ICICET),"6 Aug 2024","2024","","","1","6","The advent of deep learning has revolutionized diverse domains, showcasing remarkable performance in tasks such as image recognition, natural language processing, and autonomous systems. Despite its widespread adoption and myriad advantages, concerns about privacy and security loom large, especially when handling sensitive data. This research paper surveys the challenges, proposes countermeasures, and sheds light on open issues and potential threats within the industry. We present a comprehensive overview of privacy-preserving and security methods for deep learning, addressing the deployment challenges in privacy-sensitive applications.","","979-8-3503-1901-9","10.1109/ICICET59348.2024.10616340","","https://ieeexplore.ieee.org/stamp/stamp.jsp?arnumber=10616340","Deep learning;image recognition;natural language processing;autonomous systems;privacy concerns;security challenges;sensitive data;potential threats;privacy-preserving methods;security methods","Deep learning;Training;Data privacy;Privacy;Technological innovation;Protocols;Computational modeling","","1","","19","IEEE","6 Aug 2024","7-8 June 2024","7-8 June 2024","IEEE","IEEE Conferences"
"The Role of Sensors in Autonomous Vehicles and its Impact on Smart Transportation Systems","A. Wunnava; H. Kalra; A. Pattanaik; S. Lalithakumari; R. K. Yadav; L. Khanna","Department of Electronics and Communication Engineering, Siksha ‘O’ Anusandhan (Deemed to be University), Bhubaneswar, Odisha, India; Chitkara Centre for Research and Development, Chitkara University, Baddi, Himachal Pradesh, India; School of Engineering and Technology, Mechaical Engineering JAIN (Deemed to be University), Bangalore, Karnataka; Department of Electrical and Electronics Engineering, Sathyabama Institute of Science and Technology, Chennai, Tamil Nadu, India; Maharishi School of Engineering & Technology, Maharishi University of Information Technology, Uttar Pradesh, India; Centre of Research Impact and Outcome, Chitkara University, Rajpura, Punjab, India",2025 International Conference on Automation and Computation (AUTOCOM),"16 Apr 2025","2025","","","431","435","Once at the forefront of a transformation in the transportation industry, autonomous vehicles have all but disappeared from our collective discourse. Most autonomous vehicles depend on sensors to detect what is around and make some decisions without human interference. Sensors are paramount in functioning AVs since they give real-time information regarding the vehicle's location, rate, and surrounding objects. The sensors here are for all purposes; some use cameras, while others use lidar, radar, and several ultrasonic sensors. Combining both gives the vehicle a 360-degree view and helps it maneuver safely through even the most complex environments. AV-cum-smart transport systems can help improve traffic flow and road safety and increase overall transportation efficiency. Sensors are critical to harnessing these benefits and allow the AVs to work by way of other vehicles or organization, such as circulation signals and road ciphers. This communication gets dynamic route planning so that the time of travel and fuel can be saved. Nevertheless, several challenges remain to be addressed with sensor reliability under any conditions; however adverse, they may still face serious opposition and cybersecurity. Further research and development in the area of sensor technology are imperative to bring AVs into common use, as well as for using smart transportation systems effectively.","","979-8-3315-4237-5","10.1109/AUTOCOM64127.2025.10956194","","https://ieeexplore.ieee.org/stamp/stamp.jsp?arnumber=10956194","Cameras;Sensors;Cybersecurity;Autonomous Vehicles;Transportation Efficiency","Transportation industry;Cameras;Sensor systems;Road safety;Smart transportation;Reliability;Computer security;Vehicle dynamics;Intelligent sensors;Autonomous vehicles","","","","29","IEEE","16 Apr 2025","4-6 March 2025","4-6 March 2025","IEEE","IEEE Conferences"
"Blockchain-Based Internet of Vehicles (IoV): An Efficient Secure Ad Hoc Vehicular Networking Architecture","S. Sharma; K. K. Ghanshala; S. Mohan","Graphic Era Deemed to be University, Dehradun, UK, India; Graphic Era Deemed to be University, Dehradun, UK, India; University of Arkansas at Little Rock, Little Rock, Arkansas, USA",2019 IEEE 2nd 5G World Forum (5GWF),"28 Nov 2019","2019","","","452","457","With the transformation of connected vehicles into the Internet of Vehicles (IoV), the time is now ripe for paving the way for the next generation of connected vehicles with novel applications and innovative security measures. The connected vehicles are experiencing prenominal growth in the auto industry, but are still studded with many security and privacy vulnerabilities. Today's IoV applications are part of cyber physical communication systems that collect useful information from thousands of smart sensors associated with the connected vehicles. The technology advancement has paved the way for connected vehicles to share significant information among drivers, auto manufacturers, auto insurance companies and operational and maintenance service providers for various applications. The critical issues in engineering the IoV applications are effective to use of the available spectrum and effective allocation of good channels an opportunistic manner to establish connectivity among vehicles, and the effective utilization of the infrastructure under various traffic conditions. Security and privacy in information sharing are the main concerns in a connected vehicle communication network. Blockchain technology facilitates secured communication among users in a connected vehicles network. Originally, blockchain technology was developed and employed with the cryptocurrency. Bitcoin, to provide increased trust, reliability, and security among users based on peer-to-peer networks for transaction sharing. In this paper, we propose to integrate blockchain technology into ad hoc vehicular networking so that the vehicles can share network resources with increased trust, reliability, and security using distributed access control system and can benefit a wider scope of scalable IoV applications scenarios for decision making. The proposed architecture is the faithful environment for information sharing among connected vehicles. Blockchain technology allows multiple copies of data storage at the distribution cloud. Distributed access control system is significantly more secure than a traditional centralized system. This paper also describes how important of ad hoc vehicular networking in human life, possibilities in real-world implementation and its future trends. The ad hoc vehicular networking may become one of the most trendy networking concepts in the future that has the perspective to bring out much ease human beneficial and secured applications.","","978-1-7281-3627-1","10.1109/5GWF.2019.8911664","","https://ieeexplore.ieee.org/stamp/stamp.jsp?arnumber=8911664","IoV;smart city;blockchain;intelligent sensors;security;privacy","Blockchain;Intelligent sensors;Security;Connected vehicles;Privacy;Reliability","","58","","19","IEEE","28 Nov 2019","30 Sept.-2 Oct. 2019","30 Sept.-2 Oct. 2019","IEEE","IEEE Conferences"
"Friday Forum","",,2019 Symposium on VLSI Technology,"25 Jul 2019","2019","","","xvii","xvii","The following topics are dealt with: MOSFET; silicon; elemental semiconductors; field effect transistors; SRAM chips; random-access storage; neural nets; learning (artificial intelligence); low-power electronics; CMOS memory circuits.","2158-9682","978-4-86348-719-2","10.23919/VLSIT.2019.8776476","","https://ieeexplore.ieee.org/stamp/stamp.jsp?arnumber=8776476","","Autonomous vehicles;Sensors;Safety;Security;Heart;Automobiles;Automotive engineering","","","","","","25 Jul 2019","9-14 June 2019","9-14 June 2019","IEEE","IEEE Conferences"
"Public Perceptions Regarding Data Privacy in Use of Smart Speaker","F. Gabriel; J. Cornelis; G. S. Handaja; A. Gui","School of Information Systems, Bina Nusantara University, Jakarta, Indonesia; School of Information Systems, Bina Nusantara University, Jakarta, Indonesia; School of Information Systems, Bina Nusantara University, Jakarta, Indonesia; School of Information Systems, Bina Nusantara University, Jakarta, Indonesia",2024 International Conference on Intelligent Cybernetics Technology & Applications (ICICyTA),"11 Mar 2025","2024","","","796","801","This study aims to determine public perceptions of smart speakers regarding data privacy. Digital technology such as artificial intelligent (AI) are growing every year and implemented in many devices, which includes smart speakers. Smart speaker as virtual assistant makes people can interact with system using internet of things. There are several issues related with this, one of them is data privacy because smart speakers track user voice input and processed it through the internet. This research uses quantitative methods through online questionnaires and the population are Indonesia citizens that have not yet use smart speakers with the sample size of 187 samples. A modified Technology Acceptance Model (TAM), is used for this research. which consists variable factors such as perceived privacy (PP), perceived enjoyment (PE), perceived usefulness (PU), perceived ease of use (PEOU), attitudes (AT), behavior intention (BI), and perceived trust (PT). This research revealed that perceived trust does not influence on attitude toward using smart speaker, but perceived usefulness, perceived ease of use, perceived privacy, and perceived enjoyment positively influence the attitude towards smart speakers. Perceived usefulness and attitude positively also influence the respondent intention in using smart speakers. The limitation of this study is small sample size and limited survey area.","","979-8-3315-0649-0","10.1109/ICICYTA64807.2024.10913028","Bina Nusantara University; ","https://ieeexplore.ieee.org/stamp/stamp.jsp?arnumber=10913028","artificial intelligent;data privacy;internet of things;smart speaker;virtual assistant","Surveys;Privacy;Data privacy;Technology acceptance model;Virtual assistants;Regulation;User experience;Internet of Things;Security;Artificial intelligence","","","","19","IEEE","11 Mar 2025","17-19 Dec. 2024","17-19 Dec. 2024","IEEE","IEEE Conferences"
"Voice Design and Trust in Automated Vehicles: Findings and a Research Agenda","J. Chen; Q. Zhang","Human Systems Engineering, Arizona State University, Mesa, Arizona; Human Systems Engineering, Arizona State University, Mesa, Arizona","2025 IEEE 7th International Conference on Trust, Privacy and Security in Intelligent Systems, and Applications (TPS-ISA)","3 Mar 2026","2025","","","688","696","Most work on human-automated vehicle (AV) interaction has asked what an AV should explain rather than how it should sound while explaining. Building on this gap, we test how voice gender, user-voice gender similarity, and gender-role congruity shape cognitive and affective trust in AVs. In an online experiment with 326 U.S. drivers who viewed six driving scenarios with “what + why” explanations delivered by synthetic male or female voices, we found that gender similarity increased affective trust but did not change cognitive trust; this affective gain appeared only when the voice fit the role participants perceived the AVs to occupy, and it disappeared under role incongruity. Interpreted through Computers Are Social Actors (CASA), similarity attraction, and role congruity theory, the results identify distinct pathways for trust formation: emotional comfort is sensitive to social alignment and role expectations, whereas competence judgments rely on informational quality. We propose a research agenda that separates cognitive and affective trust, advances fairness-aware voice design beyond binary gender through non-gendered and androgynous options, and specifies context-adaptive communication that adjust tone, framing, and explanation depth to situational demands while preserving user agency. Methodologically, we recommend using validated instruments to measure both facets of trust, incorporating behavioral metrics that capture calibration and safety relevance, developing reproducible voice datasets with detailed parametric metadata, and conducting pre-registered, multi-site studies. The goal is to develop AV voices that earn trust appropriately by clarifying reasoning when needed, offering social reassurance when helpful, and remaining inclusive across users and contexts.","","979-8-3315-9691-0","10.1109/TPS-ISA67132.2025.00085","","https://ieeexplore.ieee.org/stamp/stamp.jsp?arnumber=11410318","human-AI collaboration;automated vehicles;cognitive trust;affective trust;voice design;fairness-aware design;stereotype-free interfaces;trust evaluation metrics","Measurement;Privacy;Shape;Instruments;Buildings;Metadata;Safety;Security;Intelligent systems;Vehicles","","","","63","IEEE","3 Mar 2026","12-14 Nov. 2025","12-14 Nov. 2025","IEEE","IEEE Conferences"
"A LoRa-Powered Secure Vehicular Communication System: Internet of Vehicles (IoV)","T. Sharma; R. Daruwala","Electronics Engineering, Veermata Jijabai Technological Institute, Mumbai, India; Electronics Engineering, Veermata Jijabai Technological Institute, Mumbai, India",2024 IEEE World Forum on Public Safety Technology (WFPST),"30 Jul 2024","2024","","","149","152","The implications of the Internet of Vehicles (IoV) concept grow with the number and variety of connected vehicles. Safe transportation becomes important when vehicle users seek comfort on the road. Vehicle-to-everything (V2X) communication technology enhances communication between vehicles and infrastructure. To meet the growing demand for connected vehicles, network speed, energy efficiency, and spectrum consumption must be improved over ad-hoc or cellular connectivity. The current research utilizes Low-Power, Wide-Area Networking (LPWAN) technology as Long-Range (LoRa). Scalability, flexibility, long-range, and low power consumption are all provided by LoRa communication over the Long Range-Wide Area Network (LoRaWAN). The current work is a proof-of-concept for a hardware prototype on a Vehicular Ad- Hoc Network (VANET) that employs LoRa modules and a LoRaWAN gateway. The proposed system is tested for Vehicle-to-Vehicle (V2V) and Vehicle-to-Infrastructure (V2I) communication between LoRa devices, and it sends data to a LoRaWAN server via the gateway. The test results significantly support the usefulness of the proposed method for establishing a secure connection in connected vehicles. The acquired metrics of the better-received Signal Strength Indicator (RSSI) and Signal Noise Ratio (SNR), support the proposed method for enhanced communication utilizing LoRaWAN for connected vehicles.","","979-8-3503-2914-8","10.1109/WFPST58552.2024.00005","","https://ieeexplore.ieee.org/stamp/stamp.jsp?arnumber=10607049","Communication;LoRaWAN;protocol;security;VANET","Measurement;Connected vehicles;Vehicle-to-infrastructure;LoRaWAN;Vehicular ad hoc networks;Logic gates;User experience","","1","","15","IEEE","30 Jul 2024","14-15 May 2024","14-15 May 2024","IEEE","IEEE Conferences"
"Driving Safety Risk Analysis and Assessment in a Mixed Driving Environment of Connected and Non-Connected Vehicles: A Systematic Survey","Z. Cheng; J. Zhu; Z. Feng; M. Yang; W. Zhang; J. Chen","School of Automotive and Transportation Engineering, Hefei University of Technology, Hefei, China; School of Automotive and Transportation Engineering, Hefei University of Technology, Hefei, China; School of Automotive and Transportation Engineering, Hefei University of Technology, Hefei, China; School of Vehicle and Mobility, Tsinghua University, Beijing, China; School of Automotive and Transportation Engineering, Hefei University of Technology, Hefei, China; School of Automotive and Transportation Engineering, Hefei University of Technology, Hefei, China",IEEE Transactions on Intelligent Transportation Systems,"5 May 2025","2025","26","5","5747","5781","With the continuous development of intelligent networks and autonomous driving technologies, heterogeneous traffic flow represented by conventional vehicles (CV), autonomous vehicles (AV), and connected and autonomous vehicles (CAV) have emerged, and consequently, the driving safety risk issues in this mixed driving environment have become increasingly complex. In a mixed and connected environment, different traffic streams in complex driving scenarios are intertwined with each other, and driving behaviours such as steering and lane-changing between various traffic streams are frequent, thus increasing the crash risk of vehicles. To understand the research methods, theoretical models, and system architectures in the field of driving safety analysis in this mixed-connected environment, this article reviews the driving safety risk progress from four major aspects: driving safety risk perception and identification, driving safety risk prediction, driving safety risk quantification, and driving safety risk early warning. By summarizing the existing research, it can be found that academics have achieved many achievements in urban driving safety risk evaluation in mixed-connected environments. Still, there are several problems and challenges that need to be solved, such as the stability and reliability of collaborative sensing systems of AV and CAV in complex traffic environments, the accuracy of object detection, the vehicle information security, the limitations of a single factor analysis used in driving safety risk assessment, and the accuracy of trajectory prediction for both the CV, AV, and CAV. By analyzing the limitations of the existing research, this article proposes a future research direction, which provides a reference for the development of driving safety risk research.","1558-0016","","10.1109/TITS.2025.3526820","National Natural Science Foundation of China(grant numbers:52202411,52372326); State Key Laboratory of Intelligent Green Vehicle and Mobility(grant numbers:KFY2418); in part by the Fundamental Research Funds for the Central Universities(grant numbers:JZ2024HGTB0238); Anhui Province Philosophy and Social Science Planning Program(grant numbers:52202411,52372326,KFY2418,JZ2024HGTB0238,AHSKQ2023D020); ","https://ieeexplore.ieee.org/stamp/stamp.jsp?arnumber=10847634","Heterogeneous traffic flow;autonomous driving;driving safety risk perception and identification;driving safety risk prediction;driving safety risk quantification;driving safety risk early warning","Safety;Accidents;Risk management;Collaboration;Automobiles;Analytical models;Information exchange;Collision avoidance;Real-time systems;Intelligent sensors","","39","","152","IEEE","20 Jan 2025","May 2025","","IEEE","IEEE Journals"
"Neural networks as a motivation for humanity to evolve and survive","N. Nosov; S. M. V. Lomonosov","Moscow State University, Moscow, Russia; Moscow State University, Moscow, Russia",2021 International Conference Engineering Technologies and Computer Science (EnT),"29 Nov 2021","2021","","","130","132","the article discusses the directions and prospects for the development of such a direction as neural networks, as well as the consequences of their implementation for daily use.","","978-1-6654-2674-9","10.1109/EnT52731.2021.00030","","https://ieeexplore.ieee.org/stamp/stamp.jsp?arnumber=9622957","neural networks;security;self-driving cars","Computer science;Neural networks;Autonomous automobiles;Security","","","","9","IEEE","29 Nov 2021","18-19 Aug. 2021","18-19 Aug. 2021","IEEE","IEEE Conferences"
"Is Greece Ready for Autonomous Vehicles? A Methodological Approach","C. Mylonas; E. Mitsakis; A. Dolianitis; C. Chalkiadakis","Hellenic Institute of Transport of the Centre for Research and Technology Hellas 6th km. Charilaou – Thermis Rd., Greece; Hellenic Institute of Transport of the Centre for Research and Technology Hellas 6th km. Charilaou – Thermis Rd., Greece; Hellenic Institute of Transport of the Centre for Research and Technology Hellas 6th km. Charilaou – Thermis Rd., Greece; Hellenic Institute of Transport of the Centre for Research and Technology Hellas 6th km. Charilaou – Thermis Rd., Greece",2020 IEEE 23rd International Conference on Intelligent Transportation Systems (ITSC),"24 Dec 2020","2020","","","1","6","Despite the debate regarding the timeframe and rate of penetration of Autonomous Vehicles, their potential benefits and implications have been widely recognized. Therefore, assessing the readiness of individual countries to adopt such technologies and adapt to their introduction is of particular importance. This paper aims to enrich our understanding of EU readiness regarding the introduction of autonomous vehicle technologies by assessing the case of Greece. Thus, through a literature review, the criteria upon which such an assessment should be based are established and analyzed. Subsequently, the case of Greece is assessed based on those criteria by finding relevant sources that support and justify any assessment. Regardless of the outcome concerning the readiness of Greece, such an assessment should help identify areas in which focus should be given in order to ensure a smoother transition to such technologies. This contribution is expected to assist policy makers worldwide.","","978-1-7281-4149-7","10.1109/ITSC45102.2020.9294428","","https://ieeexplore.ieee.org/stamp/stamp.jsp?arnumber=9294428","","Roads;Autonomous vehicles;Security;Guidelines;Data privacy;Certification;Automobiles","","1","","21","IEEE","24 Dec 2020","20-23 Sept. 2020","20-23 Sept. 2020","IEEE","IEEE Conferences"
"Formal Methods for Connected Vehicle Protocols","B. Stojanović; K. Hofer-Schmitz","DIGITAL, JOANNEUM RESEARCH Forschungsgesellschaft mbH, Graz, Austria; DIGITAL, JOANNEUM RESEARCH Forschungsgesellschaft mbH, Graz, Austria",2019 27th Telecommunications Forum (TELFOR),"30 Jan 2020","2019","","","1","4","A significant growth in connected vehicles industry arises new security issues. Security-by-design framework, including formal methods, has the potential to offer a higher security level in this domain. This paper provides an overview of the formal methods for connected vehicle protocols, including three most important formal verification fields in this domain, namely qualitative and quantitative analysis, functional correctness and security properties. It includes a systematic overview of formal methods categorized by these fields, used tools and considered protocols, including a short summary and open challenges for future work.","","978-1-7281-4790-1","10.1109/TELFOR48224.2019.8971034","","https://ieeexplore.ieee.org/stamp/stamp.jsp?arnumber=8971034","Formal methods;connected cars;automotive industry;formal verification;model checkers;security","Industries;Protocols;Connected vehicles;Systematics;Statistical analysis;Telecommunications;Delays;Security;Formal verification;Automotive engineering","","5","","24","IEEE","30 Jan 2020","26-27 Nov. 2019","26-27 Nov. 2019","IEEE","IEEE Conferences"
"Impact of AI Driven Predictive Privacy Mechanisms in UAV Integrated V2X 6G Networks","N. K. Bairwa; G. Jain; S. Umrao; P. Ponde","Artificial intelligence, Noida Institute of Engineering & Technology, Greater Noida, UP, India; Computer Science and Business Systems, Noida Institute of Engineering & Technology, Greater Noida, UP, India; Computer Science & Engineering, ITS Engineering College, Greater Noida, UP, India; Department of CS, Nowrosjee Wadia College, Pune, India",2024 International Conference on Emerging Technologies and Innovation for Sustainability (EmergIN),"21 Apr 2025","2024","","","135","139","The integration of unmanned aerial vehicles (UAVs) with vehicle-to-everything (V2X) communications in the forthcoming 6G networks presents unprecedented opportunities for connectivity and automation. However, this technological advancement also introduces significant privacy risks. In this work, privacy problems in V2X-6G networks with UAV integration are predicted and mitigated through the use of artificial intelligence (AI). By leveraging machine learning models, the research aims to develop predictive privacy mechanisms capable of detecting potential privacy breaches and autonomously adjusting privacy settings or alerting users in real-time. The methodology involves the creation and training of sophisticated machine learning algorithms for the purpose of analyzing large volumes of data that are transferred across V2X-6G networks. These models are designed to identify patterns indicative of privacy threats, such as unauthorized data access or information leakage, and respond proactively to protect user privacy. The study also explores the ethical considerations surrounding the deployment of AI in privacy management, addressing concerns related to AI biases, transparency, and user trust. This research contributes to the ongoing discourse on privacy protection in emerging communication networks and underscores the potential of AI in creating safer and more secure digital environments.","","979-8-3503-9126-8","10.1109/EmergIN63207.2024.10961785","","https://ieeexplore.ieee.org/stamp/stamp.jsp?arnumber=10961785","AI-driven privacy;UAV-integrated V2X-6G networks;machine learning;predictive privacy mechanisms","6G mobile communication;Privacy;Ethics;Data privacy;Machine learning algorithms;Machine learning;Autonomous aerial vehicles;Real-time systems;Data models;Vehicle-to-everything","","1","","30","IEEE","21 Apr 2025","20-21 Dec. 2024","20-21 Dec. 2024","IEEE","IEEE Conferences"
"A Zero-Trust Empowered Continuous Authentication System for Drivers: Integrating Federated Learning with Conditional Transformer GAN","L. Ge; Z. Cao; M. Jiang; L. Zhao","School of Artificial Intelligence, Guangxi Minzu University, Nanning, China; School of Artificial Intelligence, Guangxi Minzu University, Nanning, China; School of Artificial Intelligence, Guangxi Minzu University, Nanning, China; School of Computer Science, Shenyang Aerospace University, Shenyang, China","2025 IEEE 24th International Conference on Trust, Security and Privacy in Computing and Communications (TrustCom)","2 Feb 2026","2025","","","996","1006","To address the challenges of data insufficiency, model complexity, privacy protection, and zero-trust continuous authentication in intelligent connected vehicle driver identification, this paper proposes a Zero-Trust Driver Continuous Authentication System that integrates Federated Learning with Conditional Transformer GAN (FCG). FCG employs a structurally concise Memory-Augmented Autoencoder to achieve efficient feature learning, and proposes a Transformer-based GAN model for data augmentation. It innovatively utilizes existing sensor data as conditional input to generate cross-physical quantity data, which both alleviates the data scarcity problem and preserves the natural correlations between different data types. For privacy protection, FCG combines the Memory-Augmented Autoencoder with a federated learning framework, achieving distributed collaborative training where 'models move instead of data,' while simultaneously meeting the requirements of continuous verification under the zero-trust security model. Extensive experiments on authoritative datasets demonstrate that FCG significantly outperforms existing methods in terms of false alarm rate and authentication accuracy. The research results of this paper are expected to promote the development and application of identity authentication technology for intelligent connected vehicles.","2324-9013","979-8-3315-6532-9","10.1109/Trustcom66490.2025.00115","","https://ieeexplore.ieee.org/stamp/stamp.jsp?arnumber=11354662","Anomaly Detection;Conditional Transformer GAN;Federated Learning;Privacy Protection Framework","Training;Privacy;Data privacy;Connected vehicles;Federated learning;Authentication;Transformers;Data models;Security;Protection","","","","41","IEEE","2 Feb 2026","14-17 Nov. 2025","14-17 Nov. 2025","IEEE","IEEE Conferences"
"Public Accountability: Understanding Sentiments towards Artificial Intelligence across Dispositional Identities","B. Richardson; D. Prioleau; K. Alikhademi; J. E. Gilbert","Computer & Information Science & Engineering, University of Florida Gainesville, USA; Computer & Information Science & Engineering, University of Florida Gainesville, USA; Computer & Information Science & Engineering, University of Florida Gainesville, USA; Computer & Information Science & Engineering, University of Florida Gainesville, USA",2020 IEEE International Symposium on Technology and Society (ISTAS),"28 Jun 2021","2020","","","489","496","Artificial Intelligence (Al) and Machine Learning (ML) have been influential across many industries. Companies, nearly every day, are finding new means and methods of benefiting from these technologies. Despite this prevalence, individuals still report a significant level of distrust towards Al and its applications. To rehabilitate the relationship between Al and its consumers, developers must expose these new technologies to consumers and include them in the process of critiquing and assisting in the improvement of such technologies. The goal of this work is to introduce a new initiative towards an Ethical Al society. Participants are given the opportunity to learn about modem applications of Al and the space to reflect on these technologies. It is found that across the exampled technologies, differences of opinions are significantly correlated to specific dispositional identities, such as gender and computing experience. Furthermore, trends of trust across the general public are compared to that of students enrolled in a computer science course. These results depict vastly differing opinions across technologies which validate the need for public exposure and critique. This work highlights the need for researchers and developers to investigate opinions across dispositional identities, including race, gender, socioeconomic status, etc. The study has shown to be beneficial, with over 70% of individuals reporting having learned about a new application of Al.","2158-3412","978-1-6654-1507-1","10.1109/ISTAS50296.2020.9462184","","https://ieeexplore.ieee.org/stamp/stamp.jsp?arnumber=9462184","Al;ML;ethics;fairness;algorithmic bias;trust inAI","Industries;Computer science;Electric breakdown;Companies;Machine learning;Modems;Market research","","3","","31","IEEE","28 Jun 2021","12-15 Nov. 2020","12-15 Nov. 2020","IEEE","IEEE Conferences"
"Exploring Ethical Issues and Challenges of Autonomous Vehicles in Different Countries and Cultures","K. Shah; E. Guven","Whiting School of Engineering EP Program, Johns Hopkins University, Laurel, MD, USA; Whiting School of Engineering EP Program, Johns Hopkins University, Laurel, MD, USA",2025 59th Annual Conference on Information Sciences and Systems (CISS),"4 Apr 2025","2025","","","1","6","Autonomous vehicles (AVs) promise a revolutionary future of transportation, but ethical considerations pose significant challenges to widespread adoption. This paper delves into the intricate ethical challenges surrounding AVs, encompassing the perplexing ""trolley problem"" of unavoidable accidents, the thorny issue of liability attribution, the paramount concern of data privacy, the chilling prospect of hacking vulnerabilities, and the potential for widespread job displacement. We embark on a global exploration, examining how these ethical dilemmas manifest differently across the United States, Europe, Australia, China, and developing countries.By dissecting the ethical landscape in each region, we highlight the diverse cultural, legal, and societal contexts that influence the perception and management of these challenges. Each region offers a unique tapestry of approaches and solutions, from implementing robust regulatory frameworks and cultivating cutting-edge technological advancements to fostering community engagement and prioritizing educational initiatives. This analysis unveils the profound impact of cultural perspectives, highlighting how deeply ingrained values, such as individualism versus collectivism and risk tolerance, shape the understanding of ethical dilemmas and the formulation of solutions.Furthermore, the paper investigates the possibility of creating a universally compliant self-driving car. We acknowledge the formidable challenges posed by the complex and challenging nature of international traffic laws, the heterogeneity of safety standards, and the disparities in infrastructure across the globe. The paper recognizes the crucial need for global collaboration and developing culturally sensitive solutions to ensure a future for autonomous vehicles grounded in safety, ethical principles, and responsible implementation. Through this comprehensive exploration, the paper strives to deepen our understanding of the moral dimensions of autonomous driving technology and ignite a global discourse on the responsible development and deployment of AVs.","2837-178X","979-8-3315-1326-9","10.1109/CISS64860.2025.10944682","","https://ieeexplore.ieee.org/stamp/stamp.jsp?arnumber=10944682","autonomous;self-driving;vehicles;ethical;dilemma","Ethics;Law;Shape;Transportation;Europe;Safety;Cultural differences;Global communication;Standards;Accidents","","6","","39","IEEE","4 Apr 2025","19-21 March 2025","19-21 March 2025","IEEE","IEEE Conferences"
"Bridging Innovation and Inclusivity: User Perceptions of Autonomous Shuttles in Luxembourg","M. Picone; F. Viti; A. Cartenì","Department of Engineering, University of Campania “Luigi Vanvitelli”, Aversa, Italy; Department of Engineering, University of Luxembourg, Esch-sur-Alzette, Luxembourg; Department of Architecture and Industrial Design, University of Campania “Luigi Vanvitelli”, Aversa, Italy",2025 9th International Conference on Models and Technologies for Intelligent Transportation Systems (MT-ITS),"11 Nov 2025","2025","","","1","7","Autonomous shuttles are regarded as a concrete application of Intelligent Transport Systems (ITS) by combining automated driving with V2I communication and real-time monitoring, offering one of the most promising service innovations in public transport. Yet their large-scale deployment still faces significant technological and social challenges, and the impact of this technology to the perceived quality of service is still unclear. This study investigates user perceptions of an autonomous shuttle service operating in Luxembourg, based on a dedicated mobility survey. Two main findings emerge from the analysis. First, results highlight an ongoing transition phase toward the acceptance of this innovative autonomous driving technology. Although curiosity and interest in experiencing the service are evident, concerns about safety and reliability persist. In this context, the presence of an on-board supervisor emerges as a key factor in fostering user trust and improving service acceptability. Second, the survey data collection campaign revealed that the service is predominantly used by elderly individuals and people with reduced mobility, suggesting that autonomous shuttles hold significant potential to improve accessibility for these user groups, and hence can contribute to promote inclusive urban mobility. These insights can guide the future development of autonomous public transport services, supporting the design of solutions more closely aligned with the needs of vulnerable user groups and more widely accepted by the public.","","979-8-3315-8063-6","10.1109/MT-ITS68460.2025.11223564","EU-Horizon Europe(grant numbers:101103808); ","https://ieeexplore.ieee.org/stamp/stamp.jsp?arnumber=11223564","Shared Autonomous Vehicles (SAVs);Users perceptions;Accessibility and social equity;Sustainable and inclusive mobility","Surveys;Technological innovation;Uncertainty;Urban areas;Data collection;Safety;Reliability;Older adults;Socioeconomics;Autonomous vehicles","","","","39","IEEE","11 Nov 2025","8-10 Sept. 2025","8-10 Sept. 2025","IEEE","IEEE Conferences"
"Integrating AI With Cyber Security for Smart Industry 4.0 Application","S. B. Goyal; A. S. Rajawat; R. K. Solanki; M. A. Majmi Zaaba; Z. A. Long","City University, Petaling Jaya, Malaysia; School of Computer Science and Engineering, Sandip University, Nashik, India; School of Computer Science and Engineering, Sandip University, Nashik, India; Universiti Kuala Lumpur, Malaysian Institute of Information Technology, Malysia; Universiti Kuala Lumpur, Malaysian Institute of Information Technology, Malysia",2023 International Conference on Inventive Computation Technologies (ICICT),"1 Jun 2023","2023","","","1223","1232","The advent of Smart Industry 4.0 has brought about significant advances in automation, efficiency, and productivity in industrial environments. However, these technological advances also pose new challenges for cybersecurity. The increasing interconnectivity of devices and systems within Smart Industry 4.0 environments makes them vulnerable to cyber attacks and security breaches. To address these challenges, there is a need to integrate AI with cybersecurity in Smart Industry 4.0 applications. AI can be used to analyze large amounts of data from sensors and devices within the industrial environment to detect and prevent cyber threats. Machine learning algorithms can be trained to identify patterns of normal behavior and flag any deviations as potential security threats. There are different AI-based cybersecurity techniques that can be used, such as anomaly detection, intrusion detection, and predictive analytics. These techniques can be used in conjunction with other cybersecurity measures, such as firewalls, intrusion detection systems, and security information and event management (SIEM) tools, to provide a comprehensive approach to cybersecurity for Smart Industry 4.0 applications. Integrating AI with cybersecurity for Smart Industry 4.0 applications can help improve the security posture of industrial environments and reduce the risk of cyber attacks and data breaches. However, it is important to ensure that these technologies are properly implemented and configured to avoid unintended consequences and potential vulnerabilities. By carefully designing and implementing AI-based cybersecurity solutions, organizations can protect their industrial environments from cyber threats and ensure the reliability and safety of their operations.","2767-7788","979-8-3503-9849-6","10.1109/ICICT57646.2023.10134374","","https://ieeexplore.ieee.org/stamp/stamp.jsp?arnumber=10134374","Cyber Security;Industry 4.0;Artificial Intelligence;machine learning;Deep Learning","Privacy;Social networking (online);Intrusion detection;Fourth Industrial Revolution;Safety;Artificial intelligence;Computer security","","18","","32","IEEE","1 Jun 2023","26-28 April 2023","26-28 April 2023","IEEE","IEEE Conferences"
"Designing an IoT Framework for Automated Driving Impact Analysis","F. Bellotti; R. Berta; A. Kobeissi; N. Osman; E. Arnold; M. Dianati; B. Nagy; A. De Gloria","DITEN, Università degli Studi di Genova, Genova, Italy; DITEN, Università degli Studi di Genova, Genova, Italy; DITEN, Università degli Studi di Genova, Genova, Italy; DITEN, Università degli Studi di Genova, Genova, Italy; Warwick Manufacturing Group, The University of Warwick, Coventry, U.K.; Warwick Manufacturing Group, The University of Warwick, Coventry, U.K.; Assisted & Automated Driving, Jaguar Land Rover, Gaydon, United Kingdom; Universita degli Studi di Genova, Genova, Liguria, IT",2019 IEEE Intelligent Vehicles Symposium (IV),"29 Aug 2019","2019","","","1111","1117","Automated Driving (AD) technology is rapidly advancing and being tested in large-scale pilots. The L3Pilot project will test AD functions at SAE automation level 3 and 4 in 100 cars, from 12 vehicle owners (car manufacturers and suppliers), with 1,000 drivers across 10 different countries in Europe. The project will thus generate a huge amount of data, part of which will be aggregated and shared among project participants and publicly for answering a set of research questions about the evaluation of such aspects as technical and traffic issues, user acceptance, impact, socio-economic impact. This paper investigates the design of an Internet of Things (IoT) framework aimed at storing data collected from the prototype vehicles and pre-processed in the various test sites, in order to protect privacy and intellectual property (IP). The framework is expected to make such aggregated information easily available to analysts through a web interface. The framework, of which we present also a pre-pilot lab test, is accessible through a RESTful API and features different user roles to meet the different information access requirements.","2642-7214","978-1-7281-0560-4","10.1109/IVS.2019.8813989","","https://ieeexplore.ieee.org/stamp/stamp.jsp?arnumber=8813989","Automated driving;IoT;data modeling;REST API;database;MongoDB;NodeJs","Data privacy;Automation;Intelligent vehicles;Restful API;Prototypes;Europe;Intellectual property;Internet of Things;Automobiles;Socioeconomics","","6","","25","IEEE","29 Aug 2019","9-12 June 2019","9-12 June 2019","IEEE","IEEE Conferences"
"Risks and Ethical Concerns in Cyber Security with Advancements of Artificial Intelligence - A Systematic Review","A. Perez; S. Anwar","Department of Multidisciplinary Engineering, Texas A&M University, College Station, USA; Department of Multidisciplinary Engineering, Texas A&M University, College Station, USA",2024 IEEE Frontiers in Education Conference (FIE),"26 Feb 2025","2024","","","1","5","Contribution: This study offers an analysis of cybersecurity for continuing advancements in artificial intelligence (AI). Specifically, we synthesized the literature and highlighted the possible cybersecurity risks and ethical concerns associated with advancements in AI. Background: Recent advancements in AI have implicated various risks and ethical concerns regarding cybersecurity. Prior literature studies have highlighted a plethora of these issues. We have conducted a systematic review to analyze the issues presented in the prior literature. Analyzing the issues presented has allowed us to answer one research question. Research Question: Our study answered one research question: Given the continuous advancements in artificial intelligence, what are cybersecurity's potential risks and ethical concerns? Methodology: We utilized the IEEE Xplore database to answer the research question. After setting the search criteria to journal articles posted between 2019 and 2024, we found 67 articles relevant to our keywords. After screening, we finalized 16 articles to address our research question. The articles selected were analyzed using qualitative thematic analysis. Articles were then categorized into three different themes: (1) social engineering, (2) misinformation and fake news, and (3) hacking. Findings: Our findings indicate that researchers have informed us about the malicious use of AI in cybersecurity by classifying attacks into three themes. These themes indicate the manner of attack. Furthermore, we find that the major risks and ethical concerns regarding the application of AI in cybersecurity relate to the preservation of privacy. As the field of artificial intelligence continues to grow, we see that it is imperative to continue monitoring the safety of this technology. For researchers to serve the public, future work should aim to translate technical terminology into more digestible phrases for those not knowledgeable in the field.","2377-634X","979-8-3503-5150-7","10.1109/FIE61694.2024.10893551","Texas A&M University; ","https://ieeexplore.ieee.org/stamp/stamp.jsp?arnumber=10893551","cybersecurity risk;ethical concerns;artificial intelligence;privacy;cyber attacks","Ethics;Deepfakes;Translation;Terminology;Large language models;Safety;Computer security;Artificial intelligence;Computer crime;Systematic literature review","","3","","16","IEEE","26 Feb 2025","13-16 Oct. 2024","13-16 Oct. 2024","IEEE","IEEE Conferences"
"V2X Message Multi-Label Classification: A Deep Learning Approach","C. F. Lazaga; M. A. Rosales; G. P. Tan","Master of Science in Electronics Engineering With Specialization in Artificial Intelligence and Automation Graduate School, Polytechnic University of the Philippines, Manila, Philippines; Department of Electronics Engineering, Graduate School, Polytechnic University of the Philippines, Manila, Philippines; De La Salle University, Manila, Philippines",2025 1st International Conference on Artificial Intelligence Technology (ICoAIT),"30 Dec 2025","2025","","","137","142","This is a simulation study created to provide insights into using deep learning models to improve Vehicle-To-Everything (V2X) communications security by classifying the types of messages transmitted or received. The dataset is provided in the IEEE Data Port, pre-processed by one-hot encoding, tokenizer, post-padding, and embedding layer. After text preprocessing, the dense vectorize values are inputted into these four deep learning algorithms: Bidirectional Recurrent Neural Network (BRNN), Convolutional – Bidirectional Recurrent Neural Network (CNN-BRNN), Bidirectional Long Short-Term Memory (BLSTM), and Convolutional Bidirectional Long Short-Term Memory (CNN-BLSTM). Researchers use the TensorFlow and Keras python libraries using their default parameters of these models. A flatten and dense layer with a Softmax activation function is also used in its output layer for multilabel classification. The results of the classification metrics observed that the CNN-BRNN produced a superior performance than the rest of the models using the V2X Dataset, having an accuracy of 90%, precision of 98.46%, recall of 80.12%, f1-score of 84.49%, and loss value of 0.45. It has also been observed that BRNN has a better performance than BLSTM models with or without Convolutional Layers.","","979-8-3315-8679-9","10.1109/ICoAIT67446.2025.11308890","","https://ieeexplore.ieee.org/stamp/stamp.jsp?arnumber=11308890","V2X;Deep Learning Models;Bidirectional Recurrent Neural Networks;Convolutional – Bidirectional Recurrent Neural Networks;Bidirectional Long Short-Term Memory;Convolutional – Bidirectional Long Short-Term Memory","Deep learning;Measurement;Recurrent neural networks;Accuracy;Multi label classification;Libraries;Convolutional neural networks;Security;Long short term memory;Vehicle-to-everything","","","","15","IEEE","30 Dec 2025","10-11 Sept. 2025","10-11 Sept. 2025","IEEE","IEEE Conferences"
"Extraction and Analysis of Highway On-Ramp Merging Scenarios from Naturalistic Trajectory Data","L. Klitzke; K. Gimm; C. Koch; F. Köster","German Aerospace Center (DLR), Institute of Transportation Systems, Braunschweig, Germany; German Aerospace Center (DLR), Institute of Transportation Systems, Braunschweig, Germany; Hochschule Emden/Leer, University of Applied Sciences, Emden, Germany; German Aerospace Center (DLR), Institute for AI Safety and Security, Sankt Augustin / Ulm, Germany",2022 IEEE 25th International Conference on Intelligent Transportation Systems (ITSC),"1 Nov 2022","2022","","","654","660","Automated Vehicles are envisioned to transform the future industrial and private transportation sectors. However, due to the system's enormous complexity, functional verification and validation of safety aspects are essential before the technology merges into the public domain. In recent years, a scenario-driven approach has gained acceptance, emphasizing the requirement of a solid data basis of scenarios. The large-scale research facility Test Bed Lower Saxony (TFNDS) of the German Aerospace Center (DLR) enables the provision of ample information for a database of scenarios on highways. For that purpose, however, the scenarios of interest must be identified and extracted from the collected Naturalistic Trajectory Data (NTD). This work addresses this problem and proposes a methodology for on-ramp scenario extraction, enabling scenario categorization and assessment. A Hidden Markov Model and Dynamic Time Warping is utilized for extraction and a decision tree with the Surrogate Measure of Safety Post Encroachment Time for categorization and assessment. The efficacy of the approach is shown with a dataset of NTD collected on the TFNDS.","","978-1-6654-6880-0","10.1109/ITSC55140.2022.9922191","","https://ieeexplore.ieee.org/stamp/stamp.jsp?arnumber=9922191","Highway On-Ramp Merging;Naturalistic Trajectory Data;Scenario Extraction;Connected and Automated Vehicles","Road transportation;Merging;Transportation;Transforms;Time measurement;Trajectory;Safety","","7","","28","IEEE","1 Nov 2022","8-12 Oct. 2022","8-12 Oct. 2022","IEEE","IEEE Conferences"
"Digital Disruption at the Edge: A Review of Barriers to Drone Technology in Last-Mile Delivery","M. S. Dildar Awan; S. Menon; S. R. Shah","Greater Manchester Business School, University of Greater, Manchester, UK; Greater Manchester Business School, University of Greater, Manchester, UK; Engineering Management, Royal Holloway University of London, United Kingdom","2025 IEEE International Conference on Technology Management, Operations and Decisions (ICTMOD)","9 Feb 2026","2025","","","1","6","Emerging technologies in the era of digital supply chain have fostered the development of innovative strategies to enhance the last mile delivery system within logistics to improve overall efficiency within the supply chain. Among these, drone technology is gaining prominence due to its distinctive attributes such as rapid delivery capabilities, cost effectiveness and high operational flexibility thus providing competitive edge to the businesses to respond to customer delivery requirements. While drone technology contributes to achieving a responsive supply chain, several challenges impact their commercial deployment and scalability of drones logistics network. This paper identifies the critical challenges that impact the implementation and utilisation of the drone technology within last mile delivery encompassing various external and internal factors. The findings underscore the necessity for a nuanced understanding of these multifaceted barriers to ensure successful integration of drone into the last mile delivery system for an efficient and responsive supply chain.","2159-5119","978-1-6654-7808-3","10.1109/ICTMOD66732.2025.11372024","","https://ieeexplore.ieee.org/stamp/stamp.jsp?arnumber=11372024","Drone technology;Last Mile Delivery;Logistics;Digital Supply Chain","Weather;Technological innovation;Costs;Technology management;Reviews;Scalability;Supply chains;Urban areas;Safety;Drones","","","","78","IEEE","9 Feb 2026","20-22 Oct. 2025","20-22 Oct. 2025","IEEE","IEEE Conferences"
"Autonomous and Security-Aware Dynamic Vehicular Platoon Formation","D. Phillips; T. Halabi; M. Zulkernine","Queen's University, Kingston, ON, Canada; Laval University, Québec, QC, Canada; Queen's University, Kingston, ON, Canada",2023 10th International Conference on Dependable Systems and Their Applications (DSA),"14 Nov 2023","2023","","","770","781","As vehicles increasingly embed digital systems, new security vulnerabilities are also being introduced. Computational constraints make it challenging to add security oversight layers on top of core vehicle systems, especially when the security layers rely on additional deep learning models for anomaly detection. To improve security-aware decision-making for autonomous vehicles (AV), this paper proposes a bi-level security framework. The first security level consists of a one-shot resource allocation game that enables a single vehicle to fend off an attacker by optimizing the configuration of its intrusion prevention system based on risk estimation. The second level relies on a reinforcement learning (RL) environment where an agent is responsible for forming and managing a platoon of vehicles on the fly while also dealing with a potential attacker. We solve the first problem using a minimax algorithm to identify optimal strategies for each player. Then, we train RL agents and analyze their performance in forming security-aware platoons. The trained agents demonstrate superior performance compared to our baseline strategies that do not consider security risk.","2767-6684","979-8-3503-0477-0","10.1109/DSA59317.2023.00109","","https://ieeexplore.ieee.org/stamp/stamp.jsp?arnumber=10314345","Vehicular platoons;security;platoon formation;risk estimation;reinforcement learning;game theory","Deep learning;Digital systems;Heuristic algorithms;Decision making;Estimation;Reinforcement learning;Games","","1","","41","IEEE","14 Nov 2023","10-11 Aug. 2023","10-11 Aug. 2023","IEEE","IEEE Conferences"
"Federated Learning for Image Captioning: A Comprehensive Review of Privacy-Preserving Collaborative Model Training in Distributed Environments","R. Padate; M. Kalla; A. Gupta; A. Sharma","Deparment of Computer Science and Engineering, Sir padampat singhania university, Rajasthan, India; Deparment of Computer Science and Engineering, Sir padampat singhania university, Rajasthan, India; Deparment of Computer Science and Engineering, Sir padampat singhania university, Rajasthan, India; Deparment of Computer Science and Engineering, Sir padampat singhania university, Rajasthan, India",2023 2nd International Conference on Edge Computing and Applications (ICECAA),"16 Aug 2023","2023","","","857","865","This study presents a comprehensive review of the use of federated learning in the context of image captioning in distributed environments. It focuses on key aspects such as privacy preservation, data locality, and collaborative model training. The evolution of federated learning and its unique characteristics are explored, along with an examination of available open-source frameworks specific to image captioning. The study categorizes different approaches to federated learning for image captioning and showcases recent applications in diverse domains, including medical imaging, edge computing, autonomous vehicles, social media, and cross-domain image analysis. Additionally, optimization techniques, security analysis, and research challenges are discussed, encompassing data heterogeneity, privacy preservation, communication efficiency, limited labeling, scalability, and robustness against adversarial attacks. This comprehensive review contributes to a deeper understanding of federated learning for image captioning and highlights areas for further research and advancement in the field.","","979-8-3503-4757-9","10.1109/ICECAA58104.2023.10212161","","https://ieeexplore.ieee.org/stamp/stamp.jsp?arnumber=10212161","Federated Learning;Data Privacy;Image Captioning;Data Security;Privacy preservation","Training;Data privacy;Analytical models;Federated learning;Social networking (online);Scalability;Collaboration","","2","","37","IEEE","16 Aug 2023","19-21 July 2023","19-21 July 2023","IEEE","IEEE Conferences"
"Implemented Vehicular Communication Systems: Overview and Comparative Analysis","N. Yakusheva; A. Proletarsky; M. Basarab","Department of Mathematics, University of Udine, Udine, Italy; Department of Information security, Moscow Bauman State Technical University, Moscow, Russia; Department of Informatics and Control Systems, Moscow Bauman State Technical University, Moscow, Russia",2019 27th Telecommunications Forum (TELFOR),"30 Jan 2020","2019","","","1","4","This paper is intended to the applied Vehicle Network Systems, such as Intelligent Transportation Systems (ITS) and Vehicle Ad-Hoc Networks (VANET). The paper brushed up on the history and state-of-the-art of communications for Vehicle Networks. The paper provides the detailed analysis of implemented Vehicle Network architectures and communications in order to realistically assess the scale of deployment and range of applied technologies for the real existing Vehicle Network Systems. Existing ITSs, VANETs and DASs were evaluated and compared in the article.","","978-1-7281-4790-1","10.1109/TELFOR48224.2019.8971275","","https://ieeexplore.ieee.org/stamp/stamp.jsp?arnumber=8971275","ADAS;ITS;VANET;V2V communication;V2X communication","Satellites;Vehicular ad hoc networks;Network architecture;Market research;Telecommunications;Safety;Reliability;Vehicle-to-everything;Wireless fidelity;Network systems","","2","","27","IEEE","30 Jan 2020","26-27 Nov. 2019","26-27 Nov. 2019","IEEE","IEEE Conferences"
"Approach of an advanced autonomous vehicle with data optimization and cybersecurity for enhancing vehicle's capabilities and functionality for smart cities","V. Saini1; A. Jain; A. Dodia; M. K. Prasad","Symbiosis Institute of Technology (SIT), Symbiosis International (Deemed University) (SIU), Pune, India; Symbiosis Institute of Technology (SIT), Symbiosis International (Deemed University) (SIU), Pune, India; Symbiosis Institute of Technology (SIT), Symbiosis International (Deemed University) (SIU), Pune, India; Symbiosis Institute of Technology (SIT), Symbiosis International (Deemed University) (SIU), Pune, India",7th IET Smart Cities Symposium (SCS 2023),"30 Apr 2024","2023","2023","","236","241","Autonomous competition is a brand-new area of technological advancement that has just emerged because of the increasing acceptance of self-driving vehicles, particularly after 2015. For high-performance automobiles designed to drive autonomously in extremely unpredictable, dynamic, and hostile contexts, researchers are creating hardware and software algorithms that work precisely. Our Research mainly focused on the balanced approach for System Architecture, Data optimization in autonomous vehicle to enhance the smart cities. The most important abilities and features such as communication, autonomous path planning, path following control, navigation, obstacle detection and depth estimation are regarded as the foundational knowledge of agents. These conditions include high speeds, high safety and security, data optimization, slow reaction times, and antagonistic real-world surroundings. This study is the first comprehensive and deep analysis of the research on autonomous vehicles, including their architectural design, data optimization, safety & security and Internet of Things for high end applications. Autonomous vehicle cybersecurity is also important to assure the safe and secure deployment of these vehicles. Industry 4.0 can assist maintain the safety and security of autonomous vehicles by deploying effective cybersecurity solutions that address the essential qualities of confidentiality, integrity, availability, and non-repudiation. Finally, this research study emphasizes the balanced integration approach of System Architecture, Safety & security and the ""software-hardware"" co-evolution to the current level while providing a thorough review of the current autonomous vehicle systems.","","978-1-83953-993-0","10.1049/icp.2024.0930","","https://ieeexplore.ieee.org/stamp/stamp.jsp?arnumber=10510750","","","","","","","","30 Apr 2024","3-5 Dec. 2023","3-5 Dec. 2023","IET","IET Conferences"
"Security challenges in Internet of Vehicles (IoV) environment","N. Sharma; N. Chauhan; N. Chand","Department of Computer Science and Engineering, National Institute of Technology, Hamirpur; Department of Computer Science and Engineering, National Institute of Technology, Hamirpur; Department of Computer Science and Engineering, National Institute of Technology, Hamirpur",2018 First International Conference on Secure Cyber Computing and Communication (ICSCCC),"2 May 2019","2018","","","203","207","With recent advancements in technology, different devices that are used in our day-to-day lives are able to connect to internet, communicate and exchange messages with each other. This new paradigm is called “Internet of Things” and is providing services such as smart hospitals, smart city, home automation etc. “Internet of Things” has changed conventional small scale Vehicular Ad-hoc Network (VANET) to a highly scalable, manageable internet based “Internet of Vehicle” (IoV). IoV is a vehicular network model consisting of vehicles, users and other smart devices connected to network and aims to provide various safety as well as entertainment services. Vehicles in IoV system are equipped with different sensors that collect different types of data and send it to computation unit for computation and analysis, based on which directions and other information is sent to each vehicle. We present a model overview of IoV system in this paper. Security in IoV becomes of paramount importance as any system failure directly affects user safety. In this paper, we discuss security issues, various security attacks and their countermeasures from IoV perspective. We also propose an authentication mechanism for Vehicle-to-Infrastructure (V2I) communication in IoV.","","978-1-5386-6373-8","10.1109/ICSCCC.2018.8703272","","https://ieeexplore.ieee.org/stamp/stamp.jsp?arnumber=8703272","Connected Vehicles;Intelligent Transportation System;Internet of Vehicles;Security;V2V communication","Cloud computing;Sensors;Safety;Internet of Things;Computer hacking","","50","","15","IEEE","2 May 2019","15-17 Dec. 2018","15-17 Dec. 2018","IEEE","IEEE Conferences"
"Applied Post-Quantum Secure Method for IoT Devices: A Case Study for Autonomous Vehicles Communication","G. R. Figlarz; F. P. Hessel","School of Technology, Pontifícia Universidade Católica do Rio Grande do Sul, PUCRS, Porto Alegre, Brazil; School of Technology, Pontifícia Universidade Católica do Rio Grande do Sul, PUCRS, Porto Alegre, Brazil",2022 IEEE 8th World Forum on Internet of Things (WF-IoT),"22 Jun 2023","2022","","","1","6","Autonomous vehicles (AV) have as one of their characteristics the constant exchange of data with other vehicles, radio base stations, pedestrians and infrastructure. Despite this data exchange using the most modern security techniques, vehicles have been the target of constant cyber-attacks. Emerging technologies such as quantum computing have been tested to minimize these attacks. Particularly, this work investigates the possibility of using post-quantum computing techniques in IoT (Internet of Things) devices, more specifically in AVs. Considering the functionalities of a vehicle nowadays, it is possible to say that a vehicle is composed of a set of IoT devices. Therefore, in this paper, we propose a post-quantum secure method to be used in IoT devices for data exchange between AVs and a 5G base station. In this method, the post-quantum algorithm NTRU is implemented in an edge computing IoT architecture between the source of the CVs data and the edge layer, which is a vulnerable spot for quantum-attacks. We simulated the implementation of the algorithm in a case study and monitored how the algorithm performed. The proposed methodology was capable of providing secure communication between IoT and edge layer. However, the message length and parameters from the algorithm can slow down the communication.","","978-1-6654-9153-2","10.1109/WF-IoT54382.2022.10152075","","https://ieeexplore.ieee.org/stamp/stamp.jsp?arnumber=10152075","post-quantum cryptography;NTRU;IoT;edge computing;autonomous vehicles","Performance evaluation;Base stations;Quantum computing;Computer architecture;Internet of Things;Cryptography;Autonomous vehicles","","2","","24","IEEE","22 Jun 2023","26 Oct.-11 Nov. 2022","26 Oct.-11 Nov. 2022","IEEE","IEEE Conferences"
"A Lightweight 5G-V2X Intra-Slice Intrusion Detection System Using Knowledge Distillation","S. Hossain; A. Boualouache; B. Brik; S. -M. Senouci","DRIVE Lab, University of Burgundy, Nevers, France; FSTM, University of Luxembourg, Luxembourg; DRIVE Lab, University of Burgundy, Nevers, France; DRIVE Lab, University of Burgundy, Nevers, France",ICC 2023 - IEEE International Conference on Communications,"23 Oct 2023","2023","","","1112","1117","As the automotive industry grows, modern vehicles will be connected to 5G networks, creating a new Vehicular-to-Everything (V2X) ecosystem. Network Slicing (NS) supports this 5G-V2X ecosystem by enabling network operators to flexibly provide dedicated logical networks addressing use case specific-requirements on top of a shared physical infrastructure. Despite its benefits, NS is highly vulnerable to privacy and security threats, which can put Connected and Automated Vehicles (CAVs) in dangerous situations. Deep Learning-based Intrusion Detection Systems (DL-based IDSs) have been proposed as the first defense line to detect and report these attacks. However, current DL-based IDSs are processing and memory-consuming, increasing security costs and jeopardizing 5G-V2X acceptance. To this end, this paper proposes a lightweight intrusion detection scheme for 5G-V2X sliced networks. Our scheme leverages DL and Knowledge Distillation (KD) for training in the cloud and offloading knowledge to slice-tailored lightweight DL models running on CAVs. Our results show that our scheme provides an optimal trade-off between detection accuracy and security overhead. Specifically, it can reduce security overhead in computation and memory complexity to more than 50% while keeping almost the same performance as heavy DL-based IDSs.","1938-1883","978-1-5386-7462-8","10.1109/ICC45041.2023.10279212","","https://ieeexplore.ieee.org/stamp/stamp.jsp?arnumber=10279212","5G-V2X;Security;Deep learning;IDS;Knowledge Distillation;Network Slicing","Knowledge engineering;Deep learning;Training;Industries;Privacy;Network slicing;Biological system modeling","","7","","25","IEEE","23 Oct 2023","28 May-1 June 2023","28 May-1 June 2023","IEEE","IEEE Conferences"
"Can social media shape the security of next-generation connected vehicles?","N. Scarano; L. Mannella; A. Savino; S. D. Carlo; P. D. Torino","Department of Control, Computer Engineering, Turin, Italy; Department of Control, Computer Engineering, Turin, Italy; Department of Control, Computer Engineering, Turin, Italy; Department of Control, Computer Engineering, Turin, Italy; Department of Control, Computer Engineering, Turin, Italy",2024 IEEE 30th International Symposium on On-Line Testing and Robust System Design (IOLTS),"5 Aug 2024","2024","","","1","4","abstract-The increasing adoption of connectivity and electronic components in vehicles makes these systems valuable targets for attackers. While automotive vendors prioritize safety, there remains a critical need for comprehensive assessment and analysis of cyber risks. In this context, this paper proposes a Social Media Automotive Threat Intelligence (SOCMATI) framework, specifically designed for the emerging field of automotive cybersecurity. The framework leverages advanced intelligence techniques and machine learning models to extract valuable insights from social media. Four use cases illustrate The framework’s potential by demonstrating how it can significantly enhance threat assessment procedures within the automotive industry.","1942-9401","979-8-3503-7055-3","10.1109/IOLTS60994.2024.10616053","European Commission; ","https://ieeexplore.ieee.org/stamp/stamp.jsp?arnumber=10616053","Online Social Networks;Cyber Threat Intelligence;Automotive Security;Threat assessment","Industries;Social networking (online);Shape;Machine learning;Threat assessment;Safety;System analysis and design","","","","18","IEEE","5 Aug 2024","3-5 July 2024","3-5 July 2024","IEEE","IEEE Conferences"
"Enhanced Machine Learning Algorithms for Validating the Biometrics in VANET","P. Chithaluru; L. Jena; B. Patra; N. Panda","Department of Computer Science and Engineering, Koneru Lakshmaiah Education Foundation (KLEF), Vaddeswaram, Andhra Pradesh, India; Department of Computer Science and Engineering, Koneru Lakshmaiah Education Foundation (KLEF), Vaddeswaram, Andhra Pradesh, India; Department of Computer Applications, Siksha ‘O’ Anusandhan (Deemed to be) University, Bhubaneswar, Odisha, India; Department of Computer Science and Engineering, Siksha ‘O’ Anusandhan (Deemed to be) University, Bhubaneswar, Odisha, India","2022 International Conference on Machine Learning, Computer Systems and Security (MLCSS)","28 Mar 2023","2022","","","11","16","In this rapidly sprouting technological era, trans-portation is also becoming intelligent and driverless. Ad hoc networking plays an essential role in making the vehicle to vehicle and vehicle to infrastructure communication environment compatible with all types of users. As technology grows, the risk of security and privacy also grows side by side. However, the intruders can easily find out holes in the security network and gather information from them. The scope of the paper is to propose a methodology that inflates the security of stored data in the hardware of vehicular networks and identity verification of vehicles in communication easier. The importance of the present research is that these proposed simulation techniques help in maintaining the security of temper proof devices used in VANETs for the storage of private data. Authors communicate all sensitive data like bank details, vehicle details and personal details over wireless networks during communication. Biometric data and many other cryptographic techniques are used to secure the communication. Proposed methodologies are very efficient, less time consuming and less cost effective too which can be used in any type of intelligent vehicle with no extra hardware requirement.","","978-1-6654-5493-3","10.1109/MLCSS57186.2022.00011","","https://ieeexplore.ieee.org/stamp/stamp.jsp?arnumber=10076708","Biometrics;Wireless networks;Vehicular network;Cryptographic technique;Security","Privacy;Machine learning algorithms;Biometrics (access control);Intelligent vehicles;Wireless networks;Vehicular ad hoc networks;Machine learning","","","","31","IEEE","28 Mar 2023","5-6 Aug. 2022","5-6 Aug. 2022","IEEE","IEEE Conferences"
"Explainable Edge Computing in a Distributed AI - Powered Autonomous Vehicular Networks","P. Mahajan; G. S. Aujla; C. R. Krishna","Computer Science and Engineering Department, NITTTR, Chandigarh, India; Department of Computer Science, Durham University, United Kingdom; Computer Science and Engineering Department, NITTTR, Chandigarh, India",2024 IEEE International Conference on Communications Workshops (ICC Workshops),"12 Aug 2024","2024","","","1195","1200","In the ever-dynamic landscape of autonomy and un-paralleled intelligence, the vehicles moving across any geospatial terrain create an Artificial Intelligence (AI)-powered vehicular network that can interact quickly to make autonomous decisions. However, the efficient working of autonomous vehicles (AV s) relies on seamless data integration from various resources, including Vehicle-to-vehicle (V2V), Vehicle-to-Infrastructure (V2I), and other communications in the AI-powered networks. In such scenarios, the velocity and pattern of vehicle mobility and motion require high effectiveness and efficiency in AI-enabled decision-making. Additionally, understanding the critical basis or feature data that triggers a particular decision from an AI model is also essential to enhance user acceptance and trust. This paper introduces an explainable edge computing-based solution to enhance the performance of AVs in an AI-powered vehicular network. The solution focuses on harnessing the power of local edge through Explainable Artificial Intelligence (XAI). This data is sourced from local edge computing nodes and is efficiently disseminated to the global edge. A comprehensive approach is designed for identifying and amalgamating important feature data from the local edge to the global edge. Through this cooperative approach, autonomous vehicular networks attain elevated efficiency, accuracy, and adaptability, making the driving experience of an AV more reliable and secure.","2694-2941","979-8-3503-0405-3","10.1109/ICCWorkshops59551.2024.10615824","Engineering and Physical Sciences Research Council; ","https://ieeexplore.ieee.org/stamp/stamp.jsp?arnumber=10615824","Autonomous Vehicles;Edge Computing;Explainable Artificial Intelligence;Vehicular Networks","Explainable AI;Conferences;Vehicle-to-infrastructure;Decision making;Vehicular ad hoc networks;Data integration;Data models","","7","","21","IEEE","12 Aug 2024","9-13 June 2024","9-13 June 2024","IEEE","IEEE Conferences"
"Toward Robust 3D Perception for Autonomous Vehicles: A Review of Adversarial Attacks and Countermeasures","K. T. Yasas Mahima; A. G. Perera; S. Anavatti; M. Garratt","School of Engineering and Technology, University of New South Wales, Canberra, ACT, Australia; School of Engineering, University of Southern Queensland, Brisbane, QLD, Australia; School of Engineering and Technology, University of New South Wales, Canberra, ACT, Australia; School of Engineering and Technology, University of New South Wales, Canberra, ACT, Australia",IEEE Transactions on Intelligent Transportation Systems,"27 Nov 2024","2024","25","12","19176","19202","At present the perception system of autonomous vehicles is grounded on 3D vision technologies along with deep learning to process depth information. Although deep learning models for 3D perception give promising results, recent research demonstrates that they are also vulnerable to adversarial attacks similar to deep learning models trained on 2D images. As a result, it is essential to further explore the vulnerabilities of 3D perception models in autonomous vehicles and find methods to cope with the risks associated with these adversarial vulnerabilities, in order to improve the social acceptance of commercial autonomous vehicles. This study aims to provide an in-depth overview of the recent adversarial attacks and countermeasures against 3D perception models on autonomous vehicles. Further, challenges associated with the research domain and future research directions are highlighted to make autonomous vehicles robust against adversarial attacks.","1558-0016","","10.1109/TITS.2024.3456293","","https://ieeexplore.ieee.org/stamp/stamp.jsp?arnumber=10682109","Adversarial attacks;autonomous vehicles;3D perception;deep learning;LiDAR","Three-dimensional displays;Solid modeling;Sensors;Adversarial machine learning;Autonomous vehicles;Security;Reviews","","20","","245","IEEE","17 Sep 2024","Dec. 2024","","IEEE","IEEE Journals"
"Validation of Assurance Case for Dynamic Systems","U. D. Ferrell; A. H. A. Anderegg","The MITRE Corporation, McLean, Virginia, USA; The MITRE Corporation, McLean, Virginia, USA",2022 IEEE/AIAA 41st Digital Avionics Systems Conference (DASC),"31 Oct 2022","2022","","","1","11","Aviation safety has accrued and applied decades of understanding on known risks and effective mitigations. That knowledge captured in compliance standards - can be tested for predictable outcomes. Autonomy that involves learning systems tend to be dynamic and may continuously be adapting to their environment. Such continuous adaptation has inherent unknown risks depending upon the guardrails imposed on the learning systems. Design assurance and use of traditional standards are inadequate for these dynamic systems.Assurance Cases are used to present an argument for the assurance of systems. Dynamic systems require that assurance cases be continuously validated. One method of validation is using real time collection of Safety Performance Indicators (SPIs) which are crafted during the development of the system. This paper presents the need for SPIs and methods for creating and nurturing the SPIs to help all stakeholders. This method shadows regulations and allows risk-based approvals that may be applied for both conventional and for novel technology.Aviation is facing enormous growth in autonomous technology, reuse of components of unknown pedigree, and new aircraft designs that do not fit into Type classification. Mitigations are more heavily connected to operations, training, and other components of the ecosystem itself. The challenge is to make an assurance case for vehicles within the ecosystem. The automobile industry, which is similarly challenged by dynamically changing autonomous systems, is finding some possible solutions to build safer systems.UL 4600, a Standard for Safety for the Evaluation of Autonomous Products applies to fully autonomous road vehicles. The goal-based, technology-neutral features of UL 4600 have been extended to apply to aviation. So applied, the assurance process is adaptable to innovation and discovery while encouraging the current practices of standards compliance and taking a System of Systems (SoS) view. It proposes an assurance case that is an organized argument that a system is acceptable for its intended use with respect to specified concerns (such as safety, security, correctness). This paper gives guidance for validation of an assurance case through monitoring SPI within the operational context. The method by monitoring safety performance indices in the operational environment provides continued validation even as the ecosystem, components and controls change.For approval of novel systems including UAS and AAM, with features that do not lend themselves to traditional compliance methods, regulators have embraced the Safety Continuum perspective, which focuses on safety performance achieving expected outcomes. The performance-based assurance methods can be used with initially wider performance margins for certification of novel products, components of unknown pedigree, and autonomous vehicles. As the performance range is better known the margins can be decreased.Further, this paper recognizes that a one-time initial approval/acceptance is not adequate for learning systems and novel features. The continued validation through performance supports fast-paced development and product evolution. The initial assurance case for a product can limit risk through a closed environment until the margin for some unknowns is validated. for example, if the performance of collision avoidance function using new technology is not known, larger alert limits may be implemented until more confidence is gained after validating the assurance case via SPIs.The approach of monitored SPI throughout the life of the product is now feasible with the aid of big data processing. The aviation industry is already using similar methods for identifying maintenance problems. As systems grow more autonomous, more machine-to-machine exchanges are involved, making it easy to extend the monitoring and prediction practices to SPI.The method also allows for variants and derivatives of the baseline to have their own assurance case within the context of the baseline argument. The key is replacing design approval with through-life assurance that connects continuous operational safety into both the design and airworthiness determinations. The determination is predicated on the monitored SPIs and predicted performance of the product remaining consistent with the assurance argument predictions. This enables even complex automated products to be audited for airworthiness with an evolving ecosystem based on monitored and predictive data.Another advantage of the performance-based assurance case is the public comprehensibility of safety. With SPIs and predictions of performance the automobile segment has paved the way for public scrutiny of automated vehicles. The use of SPIs in aeronautical product assurance will facilitate transparency. This could be accomplished through appropriate dashboards to aid public perception and explain events and precautions taken during the evolution toward more autonomous aviation vehicles. This could reflect a stepwise evolution of complexity.This paper explores how the aviation industry can apply performance-based assurance case methods to assure new and novel as well as systems of unknown pedigree. The same framework could then be extended to autonomous systems and new types of aircraft which do not fit the current Type classification. One of the major benefits of this technology agnostic method are faster risk-based approvals of novel technology within a Safety Continuum.","2155-7209","978-1-6654-8607-1","10.1109/DASC55683.2022.9925731","","https://ieeexplore.ieee.org/stamp/stamp.jsp?arnumber=9925731","Safety Performance Indicators;Safety Performance Based Assurance Case;Goal-based Regulatory Oversight;Complexity;Safety;Dynamic Systems;System-of-Systems;Certification;Epistemic Safety;UAS;AAM;UAM;Autonomous Systems;AI;Machine Learning;Uncertainty in Performance","Industries;Learning systems;Regulators;Ecosystems;Safety;Predictive analytics;Dynamical systems","","2","","22","IEEE","31 Oct 2022","18-22 Sept. 2022","18-22 Sept. 2022","IEEE","IEEE Conferences"
"Enhancing Privacy in 6G Networks with Federated Learning for Data Analytics","H. Gao; Y. Yu; Z. Pang","Consulting and Designing Institute of Telecommunication, Guangdong Planning and Designing Institute of Telecommunications CO., LTD., Guangzhou, China; Consulting and Designing Institute of Telecommunication, Guangdong Planning and Designing Institute of Telecommunications CO., LTD., Guangzhou, China; Consulting and Designing Institute of Telecommunication, Guangdong Planning and Designing Institute of Telecommunications CO., LTD., Guangzhou, China",2025 IEEE 11th World Forum on Internet of Things (WF-IoT),"8 Dec 2025","2025","","","1","6","This paper proposes a federated learning-based framework specifically designed for privacy-preserving data analytics in 6G networks. Federated learning enables data to remain local on edge devices while only transmitting model updates, ensuring sensitive user data is not exposed. Our experimental results demonstrate that this framework not only maintains high privacy standards but also improves the speed and accuracy of data analytics when compared to traditional centralized methods. The proposed framework addresses the privacy challenges of handling vast, heterogeneous data in 6G environments. By enhancing privacy preservation and processing efficiency, federated learning is positioned as a critical enabler for next-generation networks.","2768-1734","979-8-3315-1522-5","10.1109/WF-IoT64238.2025.11270609","","https://ieeexplore.ieee.org/stamp/stamp.jsp?arnumber=11270609","6G networks;federated learning;data analytics;privacy preservation;decentralized computing","6G mobile communication;Data privacy;Privacy;Data analysis;Accuracy;Federated learning;Heuristic algorithms;Real-time systems;Standards;Next generation networking","","","","13","IEEE","8 Dec 2025","27-30 Oct. 2025","27-30 Oct. 2025","IEEE","IEEE Conferences"
"Exploring Artificial Intelligence (AI) Impact on Businesses: Perspectives from Big Data and Security","S. Gopalkrishnan; A. Reddipogu","Symbiosis Institute of Business Management–Pune Symbiosis International University, Pune, India; Expert in Artificial Intelligence, Director, RKode Limited, Aberdeen, United Kingdom",2023 International Conference On Cyber Management And Engineering (CyMaEn),"28 Feb 2023","2023","","","12","17","The concept of Artificial Intelligence (AI) has changed with time, and with the advent of Big Data, Machine Learning, Deep Learning, and Artificial Neural Networks, the fundamentals of AI and the way it is perceived in today’s life have undergone a sea-change. However, along with this, the perception of Data and Security has also come a long way. Security earlier meant being in a secure, safe, risk-free zone; it has now metamorphosed itself into a concept of perimeter-driven layers of security – which changes from person to person. Against this backdrop, some of the pertinent questions that face us today are: Does AI aim to replace Human Intelligence? Would AI overtake Human Intelligence? Can AI ‘learn’ on its own – thereby teaching itself new concepts and mechanisms – while on the fly? This article takes us through the various concepts of AI, its types and modes of growth and expected future development, leading to its impact on society, businesses, culture and people. Further, this study leads to impact points of AI development and progress on points like data and security and possible costs of security and whether they would be restricted to financial costs alone. Towards the end, the authors put forth thoughts to ponder on whether Big Data and AI are the answers to all questions that lie ahead; and how AI can play a role in the betterment of Data and Security available to global citizens of future societies; with a responsible impact on businesses, economies, people and culture.","","978-1-6654-9329-1","10.1109/CyMaEn57228.2023.10051065","","https://ieeexplore.ieee.org/stamp/stamp.jsp?arnumber=10051065","Artificial Intelligence Experiences;Business Impact of AI;Data and Security;Big Data vs Small Data","Deep learning;Costs;Human intelligence;Education;Artificial neural networks;Big Data;Security","","1","","15","IEEE","28 Feb 2023","26-27 Jan. 2023","26-27 Jan. 2023","IEEE","IEEE Conferences"
"Autonomous vehicle ultrasonic sensor vulnerability and impact assessment","B. S. Lim; S. L. Keoh; V. L. L. Thing","School of Computing Science, University of Glasgow; School of Computing Science, University of Glasgow; Cyber Security Cluster, A*STAR",2018 IEEE 4th World Forum on Internet of Things (WF-IoT),"7 May 2018","2018","","","231","236","Vehicles today are relying more on technologies to bring about fully autonomous features. The conventional wirings within are being simplified into a network of electronic components, and this network is controlled via advanced sensing of the environment to make decisions in real-time. However, with the heavy reliance on the sensor readings, any inaccurate reading from the sensors could result in decisions that may cause life-threatening incidents. As such, this research focuses on the in-depth assessment of potential vulnerabilities of an important and commonly used obstacle sensing device, which is the ultrasonic sensor, in modern as well as autonomous vehicles. This research will help bring awareness to the car manufacturers and AV researchers so as to mitigate such issues.","","978-1-4673-9944-9","10.1109/WF-IoT.2018.8355132","","https://ieeexplore.ieee.org/stamp/stamp.jsp?arnumber=8355132","","Acoustics;Light emitting diodes;Autonomous vehicles;Pins;Sensors;Roads","","60","","21","IEEE","7 May 2018","5-8 Feb. 2018","5-8 Feb. 2018","IEEE","IEEE Conferences"
"Combined Cloud and Deep Learning Models for Enhanced Decision Support","V. A; M. R. Borade; S. Kannimuthu; A. Singla; X. M. Raajini; S. Rampal","School of Mangement - UG Management, JAIN (Deemed to be University), Bangalore, Karnataka, India; AI & Ds, Vishwakarma Institute of Technology, Pune, India; Department of Information Technology, Karpagam College of Engineering, Coimbatore; Centre of Research Impact and Outcome, Chitkara University, Rajpura, Punjab, India; Department of ECE, Prince Shri Venkateshwara Padmavathy Engineering College, Chennai; Chitkara Centre for Research and Development, Chitkara University, Himachal Pradesh, India",2024 IEEE 4th International Conference on ICT in Business Industry & Government (ICTBIG),"13 Mar 2025","2024","","","1","6","Cloud computing and deep learning are changing decision-support systems. This combination was driven by cloud computing and deep learning models’ complimentary data processing capabilities. Traditional decision-support systems typically fail due to the complexity and variety of current information, particularly unstructured and semi-structured data. Innovative methods are required to overcome this restriction and exploit big data’s immense potential. Cloud computing is essential for handling and storing huge amounts of data because to its design, scalability, and storage capacity. Company data is securely accessed, processed, and stored while being cost-effective and flexible. Deep learning models—a subset of AI—offer a great toolbox of neural networks and algorithms for analyzing complex data patterns. These models are versatile, train well, and can find patterns in unstructured data. However, ideal outcomes demand a lot of processing power. Deep learning and cloud computing operate together better than traditional decision-support systems. Instead of static, rule-based models, the decision-support system may now react to complicated, ever-changing data. Modern cloud-based algorithms enable organizations to make accurate, personalized choices in real time. These changes will affect healthcare, finance, manufacturing, and autonomous automobiles. Convergence causes actual concerns. Data security, privacy, and equality are key concerns. Cloud systems are difficult to balance between usability and safety. Since deep learning algorithms may be prejudiced and provide unfair outcomes, we must continue to promote fairness and transparency. Additional challenges to the effective implementation of these converged systems include controlling scalability, ensuring compliance with laws, and addressing interoperability.","","979-8-3315-1898-1","10.1109/ICTBIG64922.2024.10911261","","https://ieeexplore.ieee.org/stamp/stamp.jsp?arnumber=10911261","Cloud computing;Deep learning;Decision support;Data analysis;Data processing;Machine learning;Artificial intelligence;Big data;Scalability;Data privacy","Deep learning;Decision support systems;Cloud computing;Data privacy;Computational modeling;Scalability;Data security;Government;Data models;Real-time systems","","","","20","IEEE","13 Mar 2025","13-14 Dec. 2024","13-14 Dec. 2024","IEEE","IEEE Conferences"
"A Blockchain Framework for Incentivized Data Sharing in Autonomous Vehicle Networks*","G. Olivieri; A. M. Mangini; M. Pia Fanti","Department of Electrical and Information Engineering, Polytechnic University of Bari, Bari, Italy; Department of Electrical and Information Engineering, Polytechnic University of Bari, Bari, Italy; Department of Electrical and Information Engineering, Polytechnic University of Bari, Bari, Italy","2025 11th International Conference on Control, Decision and Information Technologies (CoDIT)","14 Jan 2026","2025","1","","1177","1182","Autonomous vehicles (AVs) continuously generate high-resolution sensor data on road conditions, infrastructure updates, and traffic dynamics. Despite their critical relevance for real-time navigation and urban planning, these datasets remain siloed within manufacturer-specific platforms. Motivated by the necessity to overcome such fragmentation, this paper introduces a novel decentralized, blockchain-based framework whose key innovation is a dynamic voting threshold integrated into a modular smart contract architecture. In our model, AVs can submit and validate road events –such as newly detected closures or construction sites– through a modular smart contract system employing dynamic voting thresholds that adapt acceptance criteria based on different factors. This allows urgent changes to achieve consensus while quickly minimizing malicious or erroneous reporting. Upon reaching a consensus regarding the specific event, the proposer is granted token-based incentives redeemable for operational cost reductions (e.g., charging or parking discounts). The proposed approach is validated via a Hardhat simulation on an Ethereum Virtual Machine compatible test network, demonstrating our design’s feasibility, robustness, and responsiveness under diverse scenarios.","2576-3555","979-8-3315-0338-3","10.1109/CoDIT66093.2025.11321686","Horizon Europe; ","https://ieeexplore.ieee.org/stamp/stamp.jsp?arnumber=11321686","Autonomous Vehicles;Blockchain;Decentralized Architecture;Token-based Incentives;Distributed Validation","Roads;Smart contracts;Urban planning;Traffic control;Real-time systems;Robustness;Virtual machines;Blockchains;Vehicle dynamics;Autonomous vehicles","","","","18","IEEE","14 Jan 2026","15-18 July 2025","15-18 July 2025","IEEE","IEEE Conferences"
"Cooperative Intelligent Transport Systems Solution: a Cooperative Safety Application","N. Dimokas; P. Spanidis; I. Tsetsinas; I. Gkragkopoulos; M. Gemou; P. Karvelis","Department of Informatics, University of Western Macedonia, Kastoria, Greece; Hellenic Institute of Transport Centre for Research and Technology Hellas, Thessaloniki, Greece; Hellenic Institute of Transport Centre for Research and Technology Hellas, Thessaloniki, Greece; Hellenic Institute of Transport Centre for Research and Technology Hellas, Thessaloniki, Greece; Hellenic Institute of Transport Centre for Research and Technology Hellas, Thessaloniki, Greece; Department of Informatics and Telecommunications, University of Ioannina, Arta, Greece","2022 7th South-East Europe Design Automation, Computer Engineering, Computer Networks and Social Media Conference (SEEDA-CECNSM)","1 Nov 2022","2022","","","1","8","Recent advances in wireless communications enable the communication between vehicles, infrastructure and road users. Although the vehicles become safer and smarter due to Advanced Driver Assistance Systems, Cooperative Intelligent Transport Systems have an important role to ensure that every vehicle recognizes properly the road environment. Cooperative Intelligent Transport Systems applications aims to collect data from different resources like sensors, cameras, vehicles, road infrastructure, road users and analyze them to improve traffic management and road safety. The proposed system provides an innovative technological solution that implements Cooperative Intelligent Transport Systems applications without substantial and costly roadway interventions, including novel Vehicle to Infrastructure, Vehicle to Vehicle and Variable Message Signs functions. This is achieved via low-cost, integrated strips on the road pavement coupled with a cooperative communication framework. The paper presents the overall system and the Cooperative Safety application. The results attested the realization of the system with low latency.","","979-8-3503-9858-8","10.1109/SEEDA-CECNSM57760.2022.9932930","European Regional Development Fund; ","https://ieeexplore.ieee.org/stamp/stamp.jsp?arnumber=9932930","cooperative intelligent transport system;wireless communication;vehicle to vehicle;vehicle to infrastructure;strip;cooperative awareness;sensors","Strips;Privacy;Social networking (online);Sensor systems and applications;Road safety;Safety;Low latency communication","","","","16","IEEE","1 Nov 2022","23-25 Sept. 2022","23-25 Sept. 2022","IEEE","IEEE Conferences"
"Challenges in Cyber Physical Social Systems and Internet of Things","S. Revathi; J. Raja; M. Mohanraj; K. Malathi; B. Mallala; R. G. Vidhya","Department of Computer Science Engineering, B.S. Abdur Rahman Crescent Institute of Science and Technology, Chennai, India; Department of Computer Science and Engineering, School of Computing, Vel Tech Rangarajan Dr. Sagunthala R&D Institute of Science and Technology, Chennai, India; Department of Computer Science and Business Systems, Sri Eshwar college of engineering, Coimbatore, India; Department of Artificial Intelligence and Machine Learning, Saveetha Engineering College, Chennai, India; Department of Electrical and Electronics Engineering, Chaitanya Bharathi Institute of Technology, Hyderabad, Telangana, India; Department of ECE, HKBK College of Engineering, Bangalore, India",2024 5th International Conference on Smart Electronics and Communication (ICOSEC),"24 Oct 2024","2024","","","409","413","This research analyses the complex dynamics of Cyber-Physical-Social Systems (CPSS), encompassing cyber-physical systems, cybersecurity, the Internet of Things (IoT), and social media. By exploring the interactions among these elements, this study analyses the vulnerabilities, risks, and potential benefits within the CPSS framework. This research study analyses the evolving landscape of cybersecurity by considering various aspects such as data integrity, privacy in the IoT era, and the influence of social media on user behaviour and influence dynamics. The study also introduces innovative strategies to enhance CPSS resilience, including methods to mitigate cyber threats and enhance overall system integrity. Additionally, we investigate how social media shapes CPSS behaviours, offering valuable insights into influence dynamics. This research advances the comprehensive understanding of CPSS to support future studies and advancements in the protection and improvement of interconnected systems.","","979-8-3315-0440-3","10.1109/ICOSEC61587.2024.10722103","","https://ieeexplore.ieee.org/stamp/stamp.jsp?arnumber=10722103","Cyber-Physical-Social Systems (CPSS);Cyber-Physical Systems;Cybersecurity;Internet of Things (IoT);Social Media","Data privacy;Social networking (online);Shape;Media;Real-time systems;Internet of Things;Protection;Predictive analytics;Monitoring;Resilience","","4","","18","IEEE","24 Oct 2024","18-20 Sept. 2024","18-20 Sept. 2024","IEEE","IEEE Conferences"
"IoT Based Human Biometric System Using Alcohol Level Detection for Driver Security","A. Sinha; N. Kumar; A. Ticku; V. Modi; M. Shah; K. Shrivastava","School of Computing and Information Sciences IGNOU, New Delhi, India; Department of Computer Science, Lovely Professional University, Phagwara, Punjab, India; Bharti Vidyapeeth's College of Engineering, India, India; Faculty of Engineering Marwadi Education Foundation, Rajkot, Gujarat, India; Department of Computer Science & Engineering, Charotar University of Science & Technology, Gujarat, India; Department of Computer Engineering and Applications, GLA University, Mathura, India",2023 International Conference on Artificial Intelligence for Innovations in Healthcare Industries (ICAIIHI),"15 Apr 2024","2023","1","","1","7","In today's society, driving after intoxication has become a major factor in traffic accidents. It is common knowledge that operating a vehicle while intoxicated is a major contributing factor in a significant number of accidents. The effects of drunk driving go beyond the drunk driver; they also affect other drivers and passengers in the same vehicle. As a result, this growing threat needs to be addressed immediately. Our project's goal is to create a system that uses the Internet of Things (IoT) to find traces of alcohol in someone's breath and apply preventive measures in order to effectively address this issue. Although there are laws against drunk driving, it is difficult to enforce them widely because law enforcement cannot constantly be present on the roads to spot drunk drivers. This restriction increases the chance of accidents significantly. In order to reduce future risks, a trustworthy system that can recognize and discourage drunk drivers is urgently needed. Drunk driving deaths are increasing, so we need to figure out how to reduce these kinds of deaths. The breath analyzing sensor used in the suggested system is the MQ-3, which calculates the breath alcohol content of an individual. The amount of alcohol that is allowed in the blood in India is 0.03. The engine won't start if the person's blood alcohol content is higher than this limit, making it impossible for them to drive. Additionally, the system will send an alert, possibly through a Raspberry Pi, to a friend or relative, providing the exact location using GPS coordinates. This notification serves as a precautionary measure to keep others informed about the situation. Implementing such a system can contribute significantly to reducing accidents related to alcohol consumption. In conclusion, detectors like the one proposed in this project hold immense significance in preventing the loss of life and property caused by reckless driving under the influence of alcohol.","","979-8-3503-3091-5","10.1109/ICAIIHI57871.2023.10489696","","https://ieeexplore.ieee.org/stamp/stamp.jsp?arnumber=10489696","IoT,HCI;System;driver security;Alcohol level","Technological innovation;Solids;Software;User experience;Security;Internet of Things;Blood;Vehicles;Accidents;Global Positioning System","","1","","20","IEEE","15 Apr 2024","29-30 Dec. 2023","29-30 Dec. 2023","IEEE","IEEE Conferences"
"Smart city mobility: Investigation of RFID adoption within transportation management","M. N. Alrafaei; A. Bushager","University of Bahrain, Sukhair - Bahrain; University of Bahrain, Sukhair - Bahrain",​Smart Cities Symposium 2018,"17 Feb 2019","2018","","","1","6","Smart cities era requires changes in the life style of the citizens technically and technologically. Mobility is one of the main domains in smart cities, hence, transportation is the area of focus in this research. Embedding Radio Frequency Identification RFID tags into all vehicles driving in the Kingdom of Bahrain allows tracking and controlling traffic in addition to reducing it at the same time. The study aims at investigating the readiness and acceptance in Bahrain to establish RFID traffic control and enforce it upon all drivers, while measuring the level of awareness of security risk, privacy violation, and their alignment with legislation and policies in the country. Considering all aspects that might affect the decision of the citizen, the study focuses on understanding their willingness to use it, and which parts of the implementation is more acceptable than others. The results of the study show that the citizens are ready and accept the adoption of the technology to reduce and manage traffic, however, they were not quite concerned about the security and privacy issues related to this new technology. Further study is required in the future to spread awareness of the importance of information security and privacy while using new technologies.","","978-1-78561-942-7","10.1049/cp.2018.1403","","https://ieeexplore.ieee.org/stamp/stamp.jsp?arnumber=8643209","Smart City;Mobility;Security Risk;Awareness;RFID tags;Traffic Control","","","","","","","17 Feb 2019","22-23 April 2018","22-23 April 2018","IET","IET Conferences"
"Ethical Concerns With Regards to Artificial Intelligence: A National Public Poll in Taiwan","W. Li-Yun Chang; S. -Y. Liu; Y. -K. Liao; T. S. -H. Lee","Department of Chinese as a Second Language, College of International Studies and Social Sciences, National Taiwan Normal University, Taipei, Taiwan; Graduate Institute of Science Education, College of Science, National Taiwan Normal University, Taipei, Taiwan; Graduate Institute of Science Education, College of Science, National Taiwan Normal University, Taipei, Taiwan; Department of Health Promotion and Health Education, College of Education, National Taiwan Normal University, Taipei, Taiwan",IEEE Access,"30 Sep 2024","2024","12","","133595","133605","Ethical concerns about how artificial intelligence (AI) impacts individuals and society are increasing rapidly, but few studies have systematically investigated the public awareness of AI ethics. This research collected and analyzed data from a public poll in Taiwan, an Asian region with a developed economy and specific social conditions, to identify societal views on AI ethics. The analysis of 84 AI ethics guidelines worldwide provided the survey framework covering five ethical principles: transparency, fairness, privacy, nonmaleficence, and accountability. The overarching goal was to determine the commonalities and differences in the ethical concerns of Taiwanese laypersons toward AI. Participants aged from 20 to 70 ( $N =1$ ,200) completed a computer-assisted random-digit-dial telephone survey, which utilized ethical scenarios to capture social views, and item validity was confirmed using focus-group interviews. Results found that respondents concerned about nonmaleficence the most, emphasizing that AI applications should not harm humans. Taiwanese people therefore tended to support strict AI technology regulation. It was particularly interesting that different patterns of public concern emerged about accountability, with the opinions on attributing responsibility to stakeholders varying with scenarios and the public’s backgrounds. Those with higher education levels tended to attribute more responsibility to the industry, whereas those who had only received elementary-school education attributed accountability to AI developers. For self-driving cars, accountability was attributed to AI developers, whereas for medical decision-making, the accountability was attributed to the hospitals. These findings may help to elucidate the associations between societal views and the ethical principles of AI worldwide.","2169-3536","","10.1109/ACCESS.2024.3458893","Chinese Language and Technology Center of National Taiwan Normal University within the Higher Education Sprout Project by the Ministry of Education; National Science and Technology Council, Taiwan(grant numbers:MOST108-2634-F-003-005,NSTC109-2634-F-003-008,NSTC110-2634-F-003-008,NSTC111-2634-F-003-002); ","https://ieeexplore.ieee.org/stamp/stamp.jsp?arnumber=10677428","Artificial intelligence;ethical concerns;ethical principles;ethics;public perception;society","Artificial intelligence;Ethics;Surveys;Guidelines;Regulation;Privacy;Stakeholders","","4","","60","CCBYNCND","11 Sep 2024","2024","","IEEE","IEEE Journals"
"How Do Starship Robots Affect Everyday Campus Life? An Exploratory Posting Board Analysis and Interview-Based Study","A. Schneider; A. Robinson; C. Grimm; N. T. Fitter","Collaborative Robotics and Intelligent Systems (CoRIS) Institute, Oregon State University, Corvallis, Oregon, USA; Collaborative Robotics and Intelligent Systems (CoRIS) Institute, Oregon State University, Corvallis, Oregon, USA; Collaborative Robotics and Intelligent Systems (CoRIS) Institute, Oregon State University, Corvallis, Oregon, USA; Collaborative Robotics and Intelligent Systems (CoRIS) Institute, Oregon State University, Corvallis, Oregon, USA",2024 33rd IEEE International Conference on Robot and Human Interactive Communication (ROMAN),"30 Oct 2024","2024","","","528","534","The rapid emergence of food delivery robots in public spaces has raised important questions regarding public perceptions and policy creation. One method for addressing these questions is examining the relationship between delivery robots and the communities they already serve. We assessed our university community’s experiences with, and perceptions of, the Starship Technologies robots (robots that currently operate on campus) using two efforts: analysis of online posting board content related to the robots and interviews of campus community members about the robots. Perspectives captured in the online post analysis tended to be negative, while views tended to be positive in the interview results. At the same time, both results showed differing opinions and complexity; one tension that emerged in both efforts, for example, is the potential of the robots to both benefit and impede disability communities on campus. Further, there were fundamental misunderstandings about what data the robots can and do record. This research can help to inform roboticists and policymakers whose work relates to autonomous robots in public spaces.","1944-9437","979-8-3503-7502-2","10.1109/RO-MAN60168.2024.10731287","","https://ieeexplore.ieee.org/stamp/stamp.jsp?arnumber=10731287","","Complexity theory;Interviews;Robots;Autonomous robots","","3","","23","IEEE","30 Oct 2024","26-30 Aug. 2024","26-30 Aug. 2024","IEEE","IEEE Conferences"
"CarLINK: AI Driven Traffic Adviser for Automobiles","J. Gangurde; G. Ubale; P. Ghante; A. Fulsundar; S. Divate; V. Dalvi","Vishwakarma Institute of Technology, Pune, India; Vishwakarma Institute of Technology, Pune, India; Vishwakarma Institute of Technology, Pune, India; Vishwakarma Institute of Technology, Pune, India; Vishwakarma Institute of Technology, Pune, India; Vishwakarma Institute of Technology, Pune, India",2024 International Conference on Innovations and Challenges in Emerging Technologies (ICICET),"6 Aug 2024","2024","","","1","7","The transformation in autonomous vehicles has seen huge advancements in innovation, with tech organizations heavily investing in research and development in self-driving technology. The earlier ten years saw an important ascent in the progression of autonomous vehicles, fundamentally supported by improvements in deep learning and artificial intelligence. However, when we saw the boundless reception of autonomous vehicles on our streets, we encountered many anomalies in the framework and some accident cases as well. Decision-making is a critical and complex aspect of self-driving cars, being essential to guaranteeing the effectiveness, safety, and adaptability of autonomous cars. Effective decision-making is at the core of the success and acceptance of self-driving cars. The development of robust algorithms, ethical considerations, adaptability to various conditions, and compliance with legal standards are all crucial elements that contribute to the overall functionality and safety of autonomous vehicles. The crust of any self-driving vehicle is its neural network as it is ultimately responsible for decision-making. As the traditional Neural Network Architectures fail to achieve efficient decision-making in self-driving cars we propose a new Neural Network to achieve effective decision making thus lowering the number of accidents gradually leading to safe driving.","","979-8-3503-1901-9","10.1109/ICICET59348.2024.10616337","","https://ieeexplore.ieee.org/stamp/stamp.jsp?arnumber=10616337","autonomous vehicles;traffic congestion;neural network;decision making;model","Technological innovation;Decision making;Neural networks;Transportation;Traffic control;Safety;Autonomous automobiles","","","","15","IEEE","6 Aug 2024","7-8 June 2024","7-8 June 2024","IEEE","IEEE Conferences"
"Ascertaining Factors Affecting Autonomous Driving in New Zealand - A Framework for HMI Design","A. U. Rehman; A. Ghaffarianhoseini; N. Naismith; J. Tookey; A. Ghaffarianhoseini; S. Urréhman","Department of Built Environment Engineering, School of Engineering Computer and Mathematical Sciences, AUT University, Auckland, New Zealand; Geely Innovation Centre, China Euro Vehicle Technology AB, Göteborg, Sweden; Department of Built Environment Engineering, School of Engineering Computer and Mathematical Sciences, AUT University, Auckland, New Zealand; Department of Built Environment Engineering, School of Engineering Computer and Mathematical Sciences, AUT University, Auckland, New Zealand; Department of Built Environment Engineering, School of Engineering Computer and Mathematical Sciences, AUT University, Auckland, New Zealand; Geely Innovation Centre, China Euro Vehicle Technology AB, Göteborg, Sweden","2021 5th International Conference on Vision, Image and Signal Processing (ICVISP)","8 Feb 2022","2021","","","1","8","Autonomous Vehicles [AVs] will emerge as a powerful catalyst, thus forming a potentially disruptive technology opening doors to technological, socio-cultural and legal challenges. Present-day research is mainly focused on technological orientation, lacking the predominant social and behavioural linkages. NZ being a testbed of innovative technologies, is facing significant challenges in growing population and traffic congestions. Auckland ranks 47th globally in terms of traffic congestion costing $\$1.3$b a year to the economy. Therefore, harnessing AV technology will be a significant step to remain competitive. The people’s readiness for acceptance influences AVs successful implementation. In this background, it is quintessential to ascertain and evaluate critical factors affecting the successful deployment of AVs in NZ. This exploratory research study is a part of a larger project of realizing a trust dynamics and governance framework for humanizing driverless technology. It is being carried out in collaboration with BMW NZ Group using Autonomous Level 2 Vehicle in Auckland on high, medium and low-density roads with level 3 functions mostly. Drawing on systematic qualitative evidence, this study attempted to find out key determinants/variables affecting user acceptance, including anthropomorphism, training, feedback, safety, security, privacy, customization and adaptive automation for AVs deployment in NZ and their role in garnering users’ trust besides suggesting an HMI Autonomous Driving Events Relationship Framework for AVs.","","978-1-6654-0770-0","10.1109/ICVISP54630.2021.00011","","https://ieeexplore.ieee.org/stamp/stamp.jsp?arnumber=9700830","Autonomous Vehicle (AV);Human-Machine Interaction (HMI);Autonomous Driving (AD)","Training;Systematics;Sociology;Signal processing;Safety;Security;Vehicle dynamics","","","","76","IEEE","8 Feb 2022","18-20 Dec. 2021","18-20 Dec. 2021","IEEE","IEEE Conferences"
"The Challenges and Opportunities of Human-Centered AI for Trustworthy Robots and Autonomous Systems","H. He; J. Gray; A. Cangelosi; Q. Meng; T. M. McGinnity; J. Mehnen","School of Computer Science and Informatics, De Montfort University, Leicester, U.K; Department of Electronics and Electrical Engineering, The University of Manchester, Manchester, U.K; Department of Computer Science, The University of Manchester, Manchester, U.K; Department of Computer Science, Loughborough University, Loughborough, U.K; Intelligent Systems Research Centre, Ulster University, Londonderry, U.K; Manufacturing and Engineering Management, University of Strathclyde, Glasgow, Design, U.K",IEEE Transactions on Cognitive and Developmental Systems,"8 Dec 2022","2022","14","4","1398","1412","The trustworthiness of robots and autonomous systems (RASs) has taken a prominent position on the way toward full autonomy. This work is the first to systematically explore the key facets of human-centered AI (HAI) for trustworthy RAS (TRAS). We identified five key properties of a TRAS, i.e., RAS must be: 1) safe in any uncertain and dynamic environment; 2) secure, i.e., protect itself from cyber threats; 3) healthy and fault tolerant; 4) trusted and easy to use to enable effective human–machine interaction (HMI); and 5) compliant with the law and ethical expectations. While the applications of RAS have mainly focused on performance and productivity, not enough scientific attention has been paid to the risks posed by advanced artificial intelligence (AI) in RAS. We analytically examine the challenges of implementing TRAS with respect to the five key properties and explore the role and roadmap of AI technologies in ensuring the trustworthiness of RAS in respect of safety, security, health, HMI, and ethics. A new acceptance model of RAS is provided as a framework for HAI requirements and for implementing TRAS by design. This approach promotes human-level intelligence to augment human capabilities and focuses on contribution to humanity.","2379-8939","","10.1109/TCDS.2021.3132282","Air Force Office of Scientific Research, USAF(grant numbers:FA9550-19-1-7002); UKRI TAS Node on Trust; ","https://ieeexplore.ieee.org/stamp/stamp.jsp?arnumber=9632826","Acceptance model;cybersecurity;human-centered artificial intelligence (HAI);human–robot interaction (HRI);performance of robots and autonomous system (RAS);safety;system health;trustiness;trustworthiness of RAS;worthiness","Artificial intelligence;Safety;Robots;Autonomous systems;Robot sensing systems;Ethics;Sensors;Computer security;Human-robot interaction;Autonomous systems;Trust computing","","105","","116","IEEE","2 Dec 2021","Dec. 2022","","IEEE","IEEE Journals"
"A Comprehensive Survey on AI in Counter-Terrorism and Cybersecurity: Challenges and Ethical Dimensions","I. Syllaidopoulos; K. S. Ntalianis; I. Salmon","Department of Business Administration, University of West Attica, Athens, Greece; Department of Business Administration, University of West Attica, Athens, Greece; Department of Business Administration, University of West Attica, Athens, Greece",IEEE Access,"30 May 2025","2025","13","","91740","91764","The advanced capabilities in threat detection and mitigation brought about by the rapid development of Artificial Intelligence (AI) significantly impact the fight against terrorism and cybersecurity threats. However, critical concerns such as algorithmic bias, data quality limitations, and governance challenges introduce significant obstacles to their deployment. This paper provides a comprehensive overview of AI methodologies, such as predictive analytics, Natural Language Processing (NLP), and machine learning architectures (e.g., Support Vector Machines – SVM and Long Short-Term Memory – LSTM), and optimization algorithms (e.g., Particle Swarm Optimization – PSO), assessing their effectiveness in security applications. Additionally, AI-based approaches to surveillance, misinformation management, and anomaly detection are explored, focusing on their impacts on national security. Beyond the technical aspects, the paper highlights ethical concerns and policy issues, putting forward frameworks such as Explainable Artificial Intelligence (XAI) and crowdsourced intelligence (Crosint) to ensure the responsible and transparent deployment of AI. The integration of the technical, ethical, and operational perspectives addressed in this research contributes to a holistic understanding of the potential of AI in cybersecurity, while also ensuring adherence to AI governance standards.","2169-3536","","10.1109/ACCESS.2025.3572348","","https://ieeexplore.ieee.org/stamp/stamp.jsp?arnumber=11008653","Artificial intelligence;counter-terrorism;cybersecurity;machine learning;explainable artificial intelligence (XAI);misinformation management;natural language processing (NLP);threat detection","Artificial intelligence;Computer security;Natural language processing;Machine learning;Ethics;Threat assessment;Fake news;Deep learning;Biological system modeling;Surveys","","10","","213","CCBY","21 May 2025","2025","","IEEE","IEEE Journals"
"GoComfort: Comfortable Navigation for Autonomous Vehicles Leveraging High-Precision Road Damage Crowdsensing","L. Chen; X. He; X. Zhao; H. Li; Y. Huang; B. Zhou; W. Chen; Y. Li; C. Wen; C. Wang","Fujian Key Laboratory of Sensing and Computing for Smart Cities (SCSC), School of Informatics, Xiamen University, Xiamen, Fujian, China; Fujian Key Laboratory of Sensing and Computing for Smart Cities (SCSC), School of Informatics, Xiamen University, Xiamen, Fujian, China; Trinity College Dublin, Dublin, Ireland; Fujian Key Laboratory of Sensing and Computing for Smart Cities (SCSC), School of Informatics, Xiamen University, Xiamen, Fujian, China; Fujian Key Laboratory of Sensing and Computing for Smart Cities (SCSC), School of Informatics, Xiamen University, Xiamen, Fujian, China; Department of Computer Science and Computing, Zhejiang University City College, Hangzhou, China; Xiamen Meiya Pico Information Co., Ltd, Xiamen, China; Fujian Key Laboratory of Sensing and Computing for Smart Cities (SCSC), School of Informatics, Xiamen University, Xiamen, Fujian, China; Fujian Key Laboratory of Sensing and Computing for Smart Cities (SCSC), School of Informatics, Xiamen University, Xiamen, Fujian, China; Fujian Key Laboratory of Sensing and Computing for Smart Cities (SCSC), School of Informatics, Xiamen University, Xiamen, Fujian, China",IEEE Transactions on Mobile Computing,"3 Oct 2023","2023","22","11","6477","6494","Recent years have witnessed rapid advances in autonomous driving technologies. Autonomous vehicles are more likely to be accepted if they drive comfortably to avoid potholes, bumps, and other road damage conditions, especially when there are elderly and disabled passengers on board. Traditionally, sensing road damage conditions is either labor-intensive by field investigation and reporting, or inaccurate by surveillance cameras and driving recorders due to limited perspective. In this paper, we propose GoComfort, a crowdsensing-based framework to provide low-cost and fine-grained comfortable navigation for autonomous vehicles with road damage identification leveraging high-precision road sensing data. First, we propose to exploit city-wide autonomous vehicle fleets as crowdsensing participants, and employ an edge-cloud-hybrid computing paradigm to efficiently collect high-precision road damage-related data, including 3D LiDAR point clouds and street view images. Second, we design an accurate road damage identification model fusing spatial structures of point clouds and texture features of street view images, and use an active learning-based method to address the sparse labels issue. Finally, we devise two comfortable navigation scenarios, i.e., fine-grained road damage avoidance and coarse-grained city-wide navigation, and propose a hierarchical road damage assessment diagram for comfortable route planning. Experiments using real-world road sensing data in Xiamen, China show that our approach identifies road damage conditions with an accuracy of 87.5%, and achieves a user acceptance rate of 93.8% in riding comfort evaluation, outperforming the state-of-the-art baselines.","1558-0660","","10.1109/TMC.2022.3198089","National Natural Science Foundation of China(grant numbers:61802325); FuXiaQuan National Independent Innovation Demonstration Zone Collaborative Innovation Platform(grant numbers:3502ZCQXT2021003); ","https://ieeexplore.ieee.org/stamp/stamp.jsp?arnumber=9861719","Comfortable route planning;mobile crowdsensing;road damage identification;urban computing","Roads;Sensors;Navigation;Autonomous vehicles;Urban areas;Crowdsensing;Point cloud compression","","25","","58","IEEE","18 Aug 2022","1 Nov. 2023","","IEEE","IEEE Journals"
"How Trustworthy are Over-The-Air (OTA) Updates for Autonomous Vehicles (AV) to Ensure Public Safety?: A Threat Model-based Security Analysis","N. M. Istiak Chowdhury; R. Hasan","Dept. of Computer Science, University of Alabama at Birmingham, Birmingham, AL; Dept. of Computer Science, University of Alabama at Birmingham, Birmingham, AL",2024 IEEE World Forum on Public Safety Technology (WFPST),"30 Jul 2024","2024","","","87","92","The rise of autonomous vehicles (AV) has transformed our transportation sectors in recent years. The evolution of technology has made AVs more popular among users. The Over-The-Air (OTA) updates for AVs are widely adopted by the AV industry. These updates are used to deliver improved functionality and security patches to ensure public safety. However, this system is susceptible to security threats since the wireless communication link between the car, the manufacturer, and the cloud-based web server is inherently insecure. While there are studies that explored multiple cybersecurity frameworks and tools for OTA updates, many challenges remain unaddressed. To build a robust trustworthy system, we need to perform a thorough security analysis by creating a threat model. In this study, we use the CIAA and STRIDE threat modeling process to analyze the OTA updates security. Our analysis demonstrates numerous dangers and vulnerabilities. To increase the security of OTA updates, we also suggest several corrective mitigation steps.","","979-8-3503-2914-8","10.1109/WFPST58552.2024.00025","","https://ieeexplore.ieee.org/stamp/stamp.jsp?arnumber=10607113","OTA Update;threat model;attacker;security;public safety","Threat modeling;Systematics;Prevention and mitigation;Wireless networks;Transportation;Public security;Web servers","","7","","24","IEEE","30 Jul 2024","14-15 May 2024","14-15 May 2024","IEEE","IEEE Conferences"
"Understanding User Perspectives: Exploring Product Services, Development, and Sentiment Analysis","G. B. Jagnade; K. Kumbhare; R. Agrawal; C. Dhule","Department of Data Science, G H Raisoni College of Engineering, Nagpur, India; Department of Data Science, IoT and Cyber Security (DIC), G H Raisoni College of Engineering, Nagpur, India; Department of Data Science, IoT and Cyber Security (DIC), G H Raisoni College of Engineering, Nagpur, India; Department of Data Science, IoT and Cyber Security (DIC), G H Raisoni College of Engineering, Nagpur, India",2024 International Conference on Innovations and Challenges in Emerging Technologies (ICICET),"6 Aug 2024","2024","","","1","6","The automotive industry’s dynamic landscape is increasingly shaped by customer satisfaction, preferences, and the quality of auto care services. This research endeavours to unravel the intricacies of customer experiences through one-to-one calls and sentiment analysis. A comprehensive dataset, encompassing diverse demographic variables and detailed ownership attributes, was analysed to discern patterns and insights. Our findings reveal multifaceted aspects of automotive ownership, customer expectations, and the role of auto care services. Demographic information, such as gender, occupation, and vehicle details, has been meticulously examined. Moreover, sentiment analysis was employed to gauge customer sentiment regarding their vehicles, auto care, and service providers. The study unveils distinctive clusters of car owners based on their attitudes and expectations. We also scrutinise the factors that drive vehicle expenses and influence budgeting decisions. The implications of our research are far-reaching, shedding light on the evolving landscape of automotive ownership and customer satisfaction. We discuss how auto care services can better align with the preferences and expectations of car owners. This study contributes to the broader understanding of customer-centric approaches within the automotive industry and lays the foundation for further research in this domain.","","979-8-3503-1901-9","10.1109/ICICET59348.2024.10616345","","https://ieeexplore.ieee.org/stamp/stamp.jsp?arnumber=10616345","Machine Learning Algorithms;Customer Satisfaction;Automotive Industry Auto Care Services;Enhancement Strategies","Industries;Training;Sentiment analysis;Recurrent neural networks;Accuracy;Customer satisfaction;Data models","","2","","20","IEEE","6 Aug 2024","7-8 June 2024","7-8 June 2024","IEEE","IEEE Conferences"
"Security Considerations on 5G-Enabled Back-Situation Awareness for CCAM","M. Centenaro; S. Berlato; R. Carbone; G. Burzio; G. F. Cordella; S. Ranise; R. Riggio","Center for Information and Communication Technology, Fondazione Bruno Kessler, Trento, Italy; Center for Information and Communication Technology, Fondazione Bruno Kessler, Trento, Italy; Center for Information and Communication Technology, Fondazione Bruno Kessler, Trento, Italy; DriveSec S.r.l., Torino, Italy; DriveSec S.r.l., Torino, Italy; Center for Information and Communication Technology, Fondazione Bruno Kessler, Trento, Italy; Center for Information and Communication Technology, Fondazione Bruno Kessler, Trento, Italy",2020 IEEE 3rd 5G World Forum (5GWF),"13 Oct 2020","2020","","","245","250","The increasing demand for cooperative, connected, and automated mobility (CCAM) services should proceed at the same pace with the enforcement of security mechanisms that would make CCAM services secure. The first contribution of this paper resides in a review of the ongoing regulatory and standardization activities related to cybersecurity of autonomous vehicles. Then, referring to the ongoing piloting activities funded by the European Union, we focus on the security threats for back-situation awareness (BSA), i.e., a safety-related CCAM service dealing with emergency scenarios. We propose a practical strong authentication method for BSA, and extensively discuss how existing standards can mitigate the security threats of this prominent CCAM service.","","978-1-7281-7299-6","10.1109/5GWF49715.2020.9221064","","https://ieeexplore.ieee.org/stamp/stamp.jsp?arnumber=9221064","","5G mobile communication;Europe;Authentication;Standards;Autonomous vehicles","","4","","27","IEEE","13 Oct 2020","10-12 Sept. 2020","10-12 Sept. 2020","IEEE","IEEE Conferences"
"Understanding Citizens’ Emotional Pulse in a Smart City Using Artificial Intelligence","A. Adikari; D. Alahakoon","Centre for Data Analytics and Cognition, La Trobe University, Melbourne, VIC, Australia; Centre for Data Analytics and Cognition, La Trobe University, Melbourne, VIC, Australia",IEEE Transactions on Industrial Informatics,"11 Jan 2021","2021","17","4","2743","2751","Over the past decade, smart city applications have gained significant attention in industrial informatics. However, little attention has been given to perceiving the emotions and perceptions of citizens who have a direct impact on smart city initiatives. In this article, we propose the use of publicly available abundant social media conversations that contain contextual information encompassing citizens' emotions and perceptions, which could be considered to provide the means to feel the “emotional pulse” of a city. We propose an automated AI-based observation framework to detect the emergence of public emotions and negativity in conversations. We evaluated the applicability of the framework using 29 928 social media conversations toward the much-debated topic of self-driving vehicles which will become increasingly relevant to smart cities. The patterns and transitions of citizens' collective emotions were modeled using the Natural Language Processing and Markov models while the negativity (toxicity) in conversations was evaluated using a deep learning based classifier. The framework could be adopted by industry leaders and government officials for smart observation of citizen opinions to improve security, communication, and policymaking.","1941-0050","","10.1109/TII.2020.3009277","La Trobe University; ","https://ieeexplore.ieee.org/stamp/stamp.jsp?arnumber=9140400","Deep learning;emotions modeling;Markov models;Natural Language Processing (NLP);smart city","Smart cities;Twitter;Informatics;Artificial intelligence;Computational modeling","","29","","31","IEEE","14 Jul 2020","April 2021","","IEEE","IEEE Journals"
"Autonomous Driving Security: A Comprehensive Threat Model of Attacks and Mitigation Strategies","M. A. Hoque; R. Hasan","Dept. of Computer Science, University of Alabama at Birmingham, Birmingham, AL; Dept. of Computer Science, University of Alabama at Birmingham, Birmingham, AL",2022 IEEE 8th World Forum on Internet of Things (WF-IoT),"22 Jun 2023","2022","","","1","6","Autonomous vehicles (AVs) are envisioned to enhance safety and efficiency on the road, increase productivity, and positively impact the urban transportation system. Due to recent developments in autonomous driving (AD) technology, AVs have started moving on the road. However, this promising technology has many unique security challenges that have the potential to cause traffic accidents. Though some researchers have exploited and addressed specific security issues in AD, there is a lack of a systematic approach to designing security solutions using a comprehensive threat model. A threat model analyzes and identifies potential threats and vulnerabilities. It also identifies the attacker model and proposes mitigation strategies based on known security solutions. As an emerging cyber-physical system, the AD system requires a well-designed threat model to understand the security threats and design solutions. This paper explores security issues in the AD system and analyzes the threat model using the STRIDE threat modeling process. We posit that our threat model-based analysis will help improve AVs' security and guide researchers toward developing secure AVs.","","978-1-6654-9153-2","10.1109/WF-IoT54382.2022.10152219","National Science Foundation(grant numbers:ACI-1642078,CNS-1351038); ","https://ieeexplore.ieee.org/stamp/stamp.jsp?arnumber=10152219","autonomous vehicles;threat model;security","Threat modeling;Productivity;Systematics;Roads;Transportation;Cyber-physical systems;Safety","","8","","42","IEEE","22 Jun 2023","26 Oct.-11 Nov. 2022","26 Oct.-11 Nov. 2022","IEEE","IEEE Conferences"
"What is Stopping Digital Agricultural Production Technologies from Farmers","E. Vuka; Y. Wu","Department of Information Technology, Mediterranean University of Albania, Tirana, Albania; Bánki Donát Faculty of Mechanical and Safety Engineering, Obuda University, Budapest, Hungary",2024 IEEE 24th International Symposium on Computational Intelligence and Informatics (CINTI),"13 Jan 2025","2024","","","179","184","With the increasing challenges in agriculture and the pressing need for food security, from the evidence of our previous work and other researchers' investigation, digital agricultural technologies are promising sustainable agricultural production and reducing environmental impact. However, the adoption of digital agriculture is still lagging behind and leaves a research gap. To gain insights into the barriers to the uptake of these technologies, we conducted a content analysis of relevant literature. Our analysis innovatively introduced a “Three Parties” concept that simplifies the barriers to adoption by examining the interplay between farmers, technology, and external factors. We identified several key barriers, including education level, age, and risk perception of farmers, as well as cyber and data security, and access threshold of technology itself. External policy and market influences were also found to be critical factors. Our findings highlighted the most important risks from the technology itself are stability, reliability or accuracy, and access. We also suggested the need for further research to overcome these barriers and accelerate the adoption of digital technologies in farming.","2471-9269","979-8-3503-5343-3","10.1109/CINTI63048.2024.10830897","","https://ieeexplore.ieee.org/stamp/stamp.jsp?arnumber=10830897","agriculture;production;digital;technology;security;sustainable","Smart agriculture;Content management;Accuracy;Reviews;Data security;Education;Food security;Production;Stability analysis;Reliability","","1","","35","IEEE","13 Jan 2025","19-21 Nov. 2024","19-21 Nov. 2024","IEEE","IEEE Conferences"
"Performance Analysis of Ring Oscillator PUF for Robust Security in Smart Transportation","P. K. Sadhu; V. P. Yanambaka; A. Abdelgawad; K. Yelamarthi","College of Science and Engineering, Central Michigan University; College of Science and Engineering, Central Michigan University; College of Science and Engineering, Central Michigan University; College of Science and Engineering, Central Michigan University",2021 IEEE 7th World Forum on Internet of Things (WF-IoT),"9 Nov 2021","2021","","","301","302","In smart cities, smart transportation (ST) is one of the critical infrastructures for efficient traffic routing, congestion-free roads, and for development of sustainable transportation. The advancement of vehicular technologies, Internet of Things (IoT), high-speed communication channel, allows ST to become a major application of IoT system and an important area for research. Unlike traditional transport systems, ST demands secure communication and rapid validation for ensuring data integrity. In this context, a 64-bit Physical Unclonable Function (PUF) was developed for use in the ST. In this work, PUF shows 94.14% reliability, 34.02% uniqueness, and the time required to generate key is 95.8ms.","","978-1-6654-4431-6","10.1109/WF-IoT51360.2021.9596038","","https://ieeexplore.ieee.org/stamp/stamp.jsp?arnumber=9596038","Smart transportation;Physical Unclonable Function;Internet of Things;Security","Ring oscillators;Vehicular and wireless technologies;Smart cities;Roads;Physical unclonable function;Routing;Smart transportation","","6","","6","IEEE","9 Nov 2021","14 June-31 July 2021","14 June-31 July 2021","IEEE","IEEE Conferences"
"Privacy Preservation in IoT: Anonymization Methods and Best Practices","M. Vardalachakis; M. Tampouratzis","Dept. of Electrical and Computer Engineering (ECE), Hellenic Mediterranean University, Heraklion GR, Greece; Dept. of Electrical and Computer Engineering (ECE), Hellenic Mediterranean University, Heraklion GR, Greece","2024 5th International Conference on Communications, Information, Electronic and Energy Systems (CIEES)","31 Dec 2024","2024","","","1","6","The Internet of Things (IoT) offers the most intense technological attempt, allowing objects to collect and exchange vast amounts of information efficiently. While this interconnectivity has various advantages, it also brings severe risks to each individual or organization regarding privacy. As the population of connected devices increases, so does the opportunity to abuse sensitive information, which needs reinforced privacy strategies. Risk masking has become one of the most effective strategies for data leaks. This study will examine various anonymization methods, such as homomorphic encryption, data masking, aggregation methods, pseudonymization, and differential privacy, that could be implemented with IoT data. Looking at each method using its performance, pros, and cons offers a comprehensive view of how various methods might be used to protect the user's privacy without compromising the data's utility. In addition to the introduction of multiple methods for anonymization, this study also highlights the privacy preservation methods in IoT environments based on the best practices described. It stresses the importance of determining the value of data, acquiring user acceptance, and following the law, particularly the CCPA and the GDPR. Moreover, it also discusses the importance of building initial privacy in the industry guided by businesses, developers, and users who are shaping the privacy industry’s initial norms. Given the problem and solution for ensuring privacy in IoT, this study aims to provide theoretical depth with some practical examples. Powerful anonymization practices can help stakeholders gain more trust from users, increasing the ethical expansion of IoT (in a privacy-focused direction) and good business practices.","","979-8-3503-5286-3","10.1109/CIEES62939.2024.10811203","","https://ieeexplore.ieee.org/stamp/stamp.jsp?arnumber=10811203","privacy preservation in IoT;anonymization techniques;homomorphic encryption;aggregation methods;pseudonymization;differential privacy;risk masking;CCPA compliance;GDPR compliance","Industries;Privacy;Differential privacy;Information filtering;Internet of Things;Protection;Homomorphic encryption;Stress;Best practices;Information integrity","","3","","23","IEEE","31 Dec 2024","20-22 Nov. 2024","20-22 Nov. 2024","IEEE","IEEE Conferences"
"Technological Opportunities Discovery for Safety Through Topic Modeling and Opinion Mining in the Fourth Industrial Revolution: The Case of Artificial Intelligence","I. Park; B. Yoon; S. Kim; H. Seol","College of IT Engineering, Hansung University, Seoul, South Korea; Department of Industrial and Systems Engineering, Dongguk University, Seoul, South Korea; Department of Industrial and Systems Engineering, Dongguk University, Seoul, South Korea; School of Integrated National Security, Chungnam National University, Daejeon, South Korea",IEEE Transactions on Engineering Management,"13 Jul 2021","2021","68","5","1504","1519","In this article, the fourth industrial revolution (4th IR) has features that are distinct from the previous three industrial revolutions in terms of a paradigm shift. Although 4th IR relevant technologies may have positive impacts in many fields, they may also create harmful impacts, just as every previous industrial revolution has. Most studies dealing with the 4th IR have focused on its positive impacts; the present research concentrates on its negative impacts and suggests technological opportunities to hedge against expected risks in the future. To this end, future societal topics are first identified through latent Dirichlet allocation based topic modeling using textual information of futuristic data, which is retrieved from the website, including information on future-related insights. Second, the risk topics related to the future are selected with the help of a weighting score using predefined risk keywords and sentiment analysis. Finally, safe technological opportunities are identified based on textual information derived from patent data related to risk topics with the perspectives on risk analysis that have prior (prediction, prevention) and posterior perspectives (response, recovery). To illustrate technology relevant to the 4th IR, artificial intelligence (AI) is selected. As a result, 36 topics related to future society and six future risk-related topics are suggested that reflects security-relevant properties of AI and three types of threats. Opportunities to ensure or safety through technology are also proposed in four perspectives. Technological opportunities related to safety are explored in two perspectives. One is to expand existing threats, and the other is to suggest new threats. This research can be utilized to plan future safety technology by taking a data-driven approach under the huge paradigm shift of the 4th IR and proposing potential technological solutions that are not future societal scenarios and policy solutions suggested in the previous studies.","1558-0040","","10.1109/TEM.2019.2928366","Electronics and Telecommunications Research Institute; Basic Science Research Program; National Research Foundation of Korea; Ministry of Science and ICT, South Korea(grant numbers:NRF-2017R1D1A1B03036213); ","https://ieeexplore.ieee.org/stamp/stamp.jsp?arnumber=8790974","Artificial intelligence (AI);fourth industrial revolution (4th IR);future risk-related topic;latent Dirichlet allocation (LDA);risk analysis;technological opportunities;topic modeling","Fourth Industrial Revolution;Artificial intelligence;Data models;RIsk management;Analytical models;Resource management;Risk analysis","","37","","60","IEEE","7 Aug 2019","Oct. 2021","","IEEE","IEEE Journals"
"Innovation and I4.0 Management in Connected and Autonomous Automotive Manufacturing","S. Shah; E. N. Ganji; O. Mabbott; J. Bate","Applied Engineering and Management, University of Greenwich, Chatham, United Kingdom; Applied Engineering and Management, University of Greenwich, Chatham, United Kingdom; Applied Engineering and Management, University of Greenwich, Chatham, United Kingdom; Applied Engineering and Management, University of Greenwich, Chatham, United Kingdom","2018 IEEE International Conference on Engineering, Technology and Innovation (ICE/ITMC)","16 Aug 2018","2018","","","1","8","The paper aims to present the holistic view on the principles and practices of innovation, innovation management and industry 4.0 within connected and autonomous automotive manufacturing environments. It has been seen through literature that innovation management practices enable companies to compete within the autonomous and connected vehicle market and is considered as an emerging and competitive differentiator towards the growth of the product and that of meeting customer demands within the changing markets. Similarly, industry 4.0 has the capabilities to offer new and innovative insights within manufacturing processes, allowing organisations to exchange data across systems and enable them to utilise the information more effectively and efficiently towards future decision-making capabilities. Virtualization of the process and that of the supply ensures more smooth operations between intra-organisations and external partners and hence more advanced data sharing systems are going to be provide the functionality within the global environments. The paper examines the linkage of innovation management and industry 4.0 practices within connected and autonomous vehicles in automotive sector.","","978-1-5386-1469-3","10.1109/ICE.2018.8436262","","https://ieeexplore.ieee.org/stamp/stamp.jsp?arnumber=8436262","Innovation management;information technology;connected and autonomous vehicles;I4.0","Technological innovation;Manufacturing;Industries;Innovation management;Companies;Automotive engineering","","2","","26","IEEE","16 Aug 2018","17-20 June 2018","17-20 June 2018","IEEE","IEEE Conferences"
"A Review of Adversarial Machine Learning for Cyber security in Intelligent Systems using Image Classification & Signal Classification Analysis","T. Jahan","Department of Computer Science & Engineering, LNCT University, Bhopal, India",2023 IEEE International Conference on ICT in Business Industry & Government (ICTBIG),"19 Mar 2024","2023","","","1","3","Machine learning models with adversarial examples must be trained to differentiate between genuine and invading data. Cyber computing technology and tools face huge intrusion attacks and malicious programs. Tampered QR code for online payments, malicious face and biometric detection, incorrect facial recognition, object and sign detection are the adversarial examples in real-life scenarios. Convolutional neural networks often fail to image classification tasks due to high vulnerability. The Intelligent systems comprising computer vision, self-driving cars, radio signals, IoT Devices, industrial production and automation are prone to cyber attack with adversarial data in machine learning models. The goal of this paper is to summarize the various Convolutional Neural Network models and Recurrent Neural Network approaches used in machine learning for malicious image classification. The analysis aims to identify the area of attacks using adversarial machine learning in cyber physical systems and intrusion detection systems.","","979-8-3503-4327-4","10.1109/ICTBIG59752.2023.10456232","","https://ieeexplore.ieee.org/stamp/stamp.jsp?arnumber=10456232","Adversarial Machine Learning;Cyber Security;CNN;RNN;Malware Detection","Recurrent neural networks;Reviews;Face recognition;Computational modeling;Data models;Adversarial machine learning;Convolutional neural networks","","2","","28","IEEE","19 Mar 2024","8-9 Dec. 2023","8-9 Dec. 2023","IEEE","IEEE Conferences"
"Framework for planning the mobility service based on autonomous vehicles","D. Földes; C. Csiszár","Department of Transport Technology and Economics (KUKG), Budapest University of Technology and Economics (BME), Budapest, Hungary; Department of Transport Technology and Economics (KUKG), Budapest University of Technology and Economics (BME), Budapest, Hungary",2018 Smart City Symposium Prague (SCSP),"5 Jul 2018","2018","","","1","6","Autonomous vehicles (AVs) facilitate alteration in the passenger transportation. Shared, demand-driven mobility services based on small-capacity AVs emerge in urban areas. In order to provide highly personalized services and to enhance the acceptance of AVs, the user expectations are to be revealed. The research question is what kind of information is needed to plan various service types with the consideration of user expectations and operational constraints. Accordingly, the planning functions, as well as their input and output data have been identified. Then, the connections between the functions have been explored. In order to provide input data for planning functions, we have elaborated a data collection method applying a questionnaire survey with stated preferences. Based on the survey data correlations could be revealed between socio-demographic characteristics or mobility habits and expected mobility service attributes. The results can be used as a framework for planning mobility services based on AVs.","","978-1-5386-5017-2","10.1109/SCSP.2018.8402651","","https://ieeexplore.ieee.org/stamp/stamp.jsp?arnumber=8402651","autonomous vehicles;service planning;questionnaire survey;user expectation;stated preference","Planning;Public transportation;Automobiles;Information systems;Personnel;Legged locomotion","","25","","26","EU","5 Jul 2018","24-25 May 2018","24-25 May 2018","IEEE","IEEE Conferences"
"A Perspective Study Towards Biometric-based Rider Authentication Schemes For Driverless Taxis","S. Gupta; B. Crispo","University of Trento, Trento, Italy; University of Trento, Trento, Italy","2019 International Conference on Innovation and Intelligence for Informatics, Computing, and Technologies (3ICT)","25 Nov 2019","2019","","","1","6","Driverless vehicles exploit Artificial Intelligence (AI) to offer rides to their users with minimal or no human input. Driverless vehicles as taxis are indeed evolving an entirely new transportation concept, Transportation-As-A-Service (TAAS), steered by well-proven client-server infrastructures. Typically, the servers, managed by multinational companies (e.g., Waymo), operate driverless taxis for public transportation, whereas the clients are simply the smartphone-based applications that can be used by customers for one-time registration and booking rides with driverless taxis anytime anywhere. In this paper, we perform a perspective study towards secure and usable biometric-based rider authentication schemes for driverless taxis. Our study is complemented by an online survey that comprises 75 responses from participants, worldwide. We published the survey on social media platforms like Linkedin, Facebook, Twitter, and various public transport users groups to collect public poll for rider authentication for driverless taxis. Approximately, 90% of the overall participants in our survey either strongly agreed or agreed with the necessity to deploy biometric-based rider authentication for driverless taxis. Then, considering the survey's results, we proposed the design of a possible solution for riders biometric authentication.","","978-1-7281-3012-5","10.1109/3ICT.2019.8910310","","https://ieeexplore.ieee.org/stamp/stamp.jsp?arnumber=8910310","Rider authentication;physiological and behavioral biometric traits;human-computer interaction;TAAS","Authentication;Public transportation;Physiology;Safety;Face;Sensors","","4","","24","EU","25 Nov 2019","22-23 Sept. 2019","22-23 Sept. 2019","IEEE","IEEE Conferences"
"From Principles to Practice: Responsible Implementation of Emerging Technologies Through Innovation Dilemmas","C. Carbajal-Pina; N. Acur","Adam Smith Business School, University of Glasgow, Glasgow, U.K.; Adam Smith Business School, University of Glasgow, Glasgow, U.K.",IEEE Transactions on Engineering Management,"6 Jan 2025","2025","72","","18","28","This article explores the imperative role of responsible innovation (RI) in guiding the development and integration of emerging technologies within society. With technological progress rapidly advancing, it becomes ever more imperative to confront the complex ethical, social, economic, and environmental challenges that accompany these innovations. This research highlights the significance of RI practices, advocating for a principle-based approach to technology development. It asserts that such an approach, which is rooted in societal values and ethical standards, is crucial for nurturing long-term societal well-being and fostering trust in new technologies, as opposed to relying solely on rule-based technology development governed by regulations. Our analysis begins with the definition of each RI principle, followed by an exploration of its relevance in addressing innovation dilemmas. Our case studies involve various sectors, including artificial intelligence, connected autonomous vehicles, and quantum computing, to showcase the practical application of these principles in real-world contexts. Through these instances, we highlight the efficacy of RI in both mitigating risks and maximizing the benefits of new technologies. In addition, the article investigates the dynamics of implementing RI within organizational frameworks and innovation processes. It provides strategic recommendations for technology managers and policymakers on how to operationalize RI principles effectively, emphasizing the need for an adaptive approach that is responsive to the rapid changes in the technology landscape. The study contributes to the academic discourse by highlighting that proactive engagement with RI can lead to more sustainable and socially acceptable technology outcomes. Ultimately, this research underscores the importance of responsible practices in innovation, proposing that a principled approach to technology development is essential for fostering long-term societal well-being and trust in new technologies.","1558-0040","","10.1109/TEM.2024.3479413","UK Research and Innovation; Driving Innovation Responsibly: Commercializing CAV Services in the Scottish Highlands and Islands(grant numbers:10085345); European Space Agency, Responsible Connected Autonomous Vehicle(grant numbers:RD_CMHC_20200604); ","https://ieeexplore.ieee.org/stamp/stamp.jsp?arnumber=10738489","Connected autonomous vehicles (CAV);emerging technologies;innovation dilemmas;principles-based innovation;quantum computing;responsible innovation (RI)","Technological innovation;Ethics;Uncertainty;Business;Faces;Standards;Socioeconomics;Regulation;Quantum computing;Navigation","","13","","53","IEEE","30 Oct 2024","2025","","IEEE","IEEE Journals"
"The Future of Smart Roads: Technology, Challenges and Potential","A. Badshah; A. Daud; T. Alsahfi; M. Ramzan; S. Raza; T. Saleem","Department of Software Engineering, University of Sargodha, Sargodha, Pakistan; Faculty of Resilience, Rabdan Academy, Abu Dhabi, United Arab Emirates; Department of IST College of CSE, University of Jeddah, Jeddah, Saudi Arabia; Department of Software Engineering, University of Sargodha, Sargodha, Pakistan; Department of Software Engineering, University of Sargodha, Sargodha, Pakistan; Department of Computing, Hamdard University, Islamabad, Pakistan","2025 International Conference on Emerging Technologies in Electronics, Computing, and Communication (ICETECC)","14 Jul 2025","2025","","","1","6","The rapid vehicle growth and the resulting traffic congestion have significantly intensified safety concerns. Road accidents cause around 1.19 million deaths each year, with an additional 20 to 50 million people injured. Furthermore, congestion results in the loss of 50 billion hours each year, with an additional 3 billion gallons of fuel wasted. These critical challenges highlight the urgent need for solutions that can enhance road safety, efficiency, and sustainability. This study investigates Emerging Computing Technologies (ECT) integrated into smart roads as potential solutions. Key technologies (e.g., advanced communication systems, the Internet of Things (IoT), sensors, Artificial Intelligence (AI), big data, blockchain, and energy harvesting) are explored for their ability to address these challenges. By reviewing the applications, we examine how smart roads can provide sustainable solutions for transportation systems, including smart traffic lights, road damage detection and maintenance, intelligent street lighting, and energy-efficient infrastructure. Additionally, we discuss the challenges associated with smart roads, including technical, financial, regulatory, cyber-security, privacy concerns, and social acceptance. Finally, we look ahead to the future of smart roads by exploring advancements in emerging communication technologies, AI, blockchain, and energy harvesting solutions that could revolutionize the efficiency, safety, and sustainability of road networks.","","979-8-3315-4338-9","10.1109/ICETECC65365.2025.11071111","","https://ieeexplore.ieee.org/stamp/stamp.jsp?arnumber=11071111","Smart roads;Autonomous Vehicle;Intelligent Transportation System;Urban Mobility","Communication systems;Big Data;Road safety;Blockchains;Safety;Energy harvesting;Internet of Things;Artificial intelligence;Sustainable development;Autonomous vehicles","","1","","50","IEEE","14 Jul 2025","23-25 April 2025","23-25 April 2025","IEEE","IEEE Conferences"
"Investigating External Interaction Modality and Design Between Automated Vehicles and Pedestrians at Crossings","S. Bai; D. D. Legge; A. Young; S. Bao; F. Zhou","Department of Industrial and Manufacturing, Systems Engineering, University of Michigan, Dearborn, MI, USA; Department of Industrial and Manufacturing, Systems Engineering, University of Michigan, Dearborn, MI, USA; Department of Industrial and Manufacturing, Systems Engineering, University of Michigan, Dearborn, MI, USA; Department of Industrial and Manufacturing, Systems Engineering, University of Michigan, Dearborn, MI, USA; Department of Industrial and Manufacturing, Systems Engineering, University of Michigan, Dearborn, MI, USA",2021 IEEE International Intelligent Transportation Systems Conference (ITSC),"25 Oct 2021","2021","","","1691","1696","In this study, we investigated the effectiveness and user acceptance of three external interaction modalities (i.e., visual, auditory, and visual+auditory) in promoting communications between automated vehicle systems (AVS) and pedestrians at a crosswalk through a large number of combined designs. For this purpose, an online survey was designed and distributed to 68 participants. All participants reported their overall preferences for safety, comfort, trust, ease of understanding, usability, and acceptance towards the systems. Results showed that the visual+auditory interaction modality was the mostly preferred, followed by the visual interaction modality and then the auditory one. We also tested different visual and auditory interaction methods, and found that “Pedestrian silhouette on the front of the vehicle” was the best preferred option while middle-aged participants liked “Chime” much better than young participants though it was overall better preferred than others. Finally, communication between the AVS and pedestrians' phones was not well received due to privacy concerns. These results provided important interface design recommendations in identifying better combination of visual and auditory designs and therefore improving AVS communicating their intention with pedestrians.","","978-1-7281-9142-3","10.1109/ITSC48978.2021.9564867","","https://ieeexplore.ieee.org/stamp/stamp.jsp?arnumber=9564867","","Visualization;Privacy;Conferences;Animation;Safety;Human voice;Usability","","5","","14","IEEE","25 Oct 2021","19-22 Sept. 2021","19-22 Sept. 2021","IEEE","IEEE Conferences"
"Deep Learning for Lane Discipline: AI-Powered Traffic Enforcement in Smart Cities","T. Vaishnavi; P. Paulraj; K. S. Krishnamohan; K. T. Al-Assaf; A. Dutt; G. Karthikeyan","Department of ECE, Vel Tech Rangarajan Dr. Sagunthala R&D Institute of Science and Technology, Chennai, India; Department of Mathematics, St.Joseph College of Engineering, Sriperumbudur, Chennai, India; Department of Mathematics, Rajah Serfoji Government college, Thanjavur, India; Faculty of Economics and Administrative Sciences, Electronic Marketing and Social Media, Zarqa University, Zarqa, Jordan; School of Electronics and Electrical Engineering, Lovely Professional University, Phagwara, India; Department of VLSI Microelectronics, Saveetha School of Engineering, Saveetha Institute of Medical and Technical Sciences (SIMATS), Saveetha University, Chennai, India","2025 8th International Conference on Circuit, Power & Computing Technologies (ICCPCT)","9 Oct 2025","2025","","","530","536","Connected vehicles are poised to revolutionize future transportation systems by enabling seamless communication and real-time data exchange, enhancing safety, and optimizing traffic flow. This study proposes a novel data-driven AI framework for real-time lane enforcement in connected vehicle ecosystems, aiming to ensure compliance with lane restrictions and traffic rules while minimizing manual intervention. The proposed algorithm integrates advanced AI techniques, stochastic modelling, and real-time monitoring to create a robust and scalable model. By combining probabilistic reasoning, adaptive learning, and optimization strategies, the framework achieves higher efficiency and accuracy than existing methods. The experimental results demonstrate the superior performance of the proposed methodology in reducing violations, improving response times, and enhancing overall traffic safety, making it a promising solution for modern intelligent transportation systems. Keywords: Connected vehicles, AI-driven framework, real-time lane enforcement, stochastic modelling, traffic safety, probabilistic reasoning, adaptive learning, intelligent transportation systems.","","979-8-3315-4317-4","10.1109/ICCPCT65132.2025.11176748","","https://ieeexplore.ieee.org/stamp/stamp.jsp?arnumber=11176748","Connected vehicles;AI-driven framework;real-time lane enforcement;stochastic modelling;traffic safety;probabilistic reasoning;adaptive learning;Infrastructure management;Intelligent Transportation System (ITS)","Adaptation models;Adaptive learning;Connected vehicles;Biological system modeling;Stochastic processes;Probabilistic logic;Real-time systems;Cognition;Safety;Artificial intelligence","","","","11","IEEE","9 Oct 2025","7-8 Aug. 2025","7-8 Aug. 2025","IEEE","IEEE Conferences"
"The Impact of Gender, Seniority, Knowledge, and Interest on Attitudes to Artificial Intelligence","A. Kovačević; E. Demić","Faculty of Security Studies, University of Belgrade, Belgrade, Serbia; Faculty of Philosophy, University of Belgrade, Belgrade, Serbia",IEEE Access,"24 Sep 2024","2024","12","","129765","129775","Artificial intelligence (AI) has become deeply rooted in our lives, yet uncertainties persist regarding public attitudes to it, particularly among young individuals poised to engage with AI in their future careers. Understanding their perspectives is crucial not only for shaping educational frameworks, but also for assessing students’ readiness to navigate the rapidly evolving technological landscape in the modern workspace. This paper examines students’ attitudes to AI, as well as their interest in and knowledge about it. An adapted version of the Pew Research Center survey was used in our study to explore how gender and student seniority influence attitudes to AI generally and in specific applications such as facial recognition and self-driving cars. Our aim was to test the effects of these factors on AI attitudes, and to discover how various factors such as socio-demographics, knowledge, and interest may individually or collectively impact on AI attitudes in general, as well as in specific areas such as self-driving cars, facial recognition, or social media algorithms for fake news. We also investigated whether knowledge of AI and interest in it may serve to predict attitudes beyond the impacts of student seniority and gender. Our findings indicate that males self-report greater interest than females, but similar knowledge and general attitudes as female participants. Senior students possessed more AI knowledge compared to freshmen, but similar attitudes towards AI in general and self-driving cars. Interest in AI emerged as a significant predictor of general attitudes to AI and to self-driving cars, suggesting that increased interest correlates with more positive attitudes.","2169-3536","","10.1109/ACCESS.2024.3454801","Science Fund of the Republic of Serbia within the Framework of the “IDEAS” Program—Management of New Security Risks Research and Simulation Development, NEWSiMR&D(grant numbers:7749151); ","https://ieeexplore.ieee.org/stamp/stamp.jsp?arnumber=10666688","Artificial intelligence;education;technological innovation","Artificial intelligence;Education;Emotion recognition;Behavioral sciences;Gender issues;Psychology","","23","","35","CCBYNCND","5 Sep 2024","2024","","IEEE","IEEE Journals"
"Required Trustworthiness Level based on Threat Analysis and Risk Assessment (TARA)","A. R. Ferraz de Lucena; A. Hermann; N. Trkulja; A. Kiening; A. Petrovska; F. Kargl","DENSO Automotive Deutschland GmbH, Eching, Germany; Ulm University, Germany, Ulm, Germany; Ulm University, Germany, Ulm, Germany; DENSO Automotive Deutschland GmbH, Eching, Germany; Huawei Munich Research Center, Munich, Germany; Ulm University, Germany, Ulm, Germany",2024 IEEE Future Networks World Forum (FNWF),"12 Jun 2025","2024","","","519","526","Automated vehicles communicating with each other or their surroundings are expected to exchange a large amount of data. With that, the trustworthiness of a shared data item concerning its integrity is raised, as well as the trustworthiness of a vehicle component not having been tampered with by an attacker. Traditional security mechanisms, such as misbehavior detection, can help identify some security violations but cannot assess the overall consequences of a range of vehicle attacks. For this purpose, previous work has already introduced the Trust Assessment Framework, which computes a target entity’s Actual Trustworthiness Level (ATL). This paper focuses on the concept of Required Trustworthiness Level (RTL), which represents the numerical thresholds an ATL needs to reach for an entity to be considered trustworthy. We present a risk-based method to calculate the belief component of an RTL based on the well-established and standardized Threat Analysis and Risk Assessment (TARA). We provide an in-vehicle use case to demonstrate our belief calculation method and discuss the impact of using risk ratings.","2770-7679","979-8-3503-7949-5","10.1109/FNWF63303.2024.11028144","","https://ieeexplore.ieee.org/stamp/stamp.jsp?arnumber=11028144","Trust Assessment;Trust Requirement;Belief Calculation;Threat Analysis and Risk Assessment","Risk management;Security","","","","13","IEEE","12 Jun 2025","15-17 Oct. 2024","15-17 Oct. 2024","IEEE","IEEE Conferences"
"On the detection of grey hole and rushing attacks in self-driving vehicular networks","K. M. Ali Alheeti; A. Gruebler; K. D. McDonald-Maier","School of Computer Sciences and Electronic Engineering, University of Essex, Colchester, UK; School of Computer Sciences and Electronic Engineering, University of Essex Colchester, Colchester, United Kingdom; School of Computer Sciences and Electronic Engineering, University of Essex Colchester, Colchester, United Kingdom",2015 7th Computer Science and Electronic Engineering Conference (CEEC),"23 Nov 2015","2015","","","231","236","Vehicular ad hoc networks play an important role in the success of a new class of vehicles, i.e. self-driving and semi self-driving vehicles. These networks provide safety and comfort to passengers, drivers and vehicles themselves. These vehicles depend heavily on external communication to predicate the surrounding environment through the exchange of cooperative awareness messages (CAMs) and control data. VANETs are exposed to many types of attacks such as black hole, grey hole and rushing attacks. In this paper, we present an intelligent Intrusion Detection System (IDS) which relies on anomaly detection to protect external communications from grey hole and rushing attacks. Many researchers agree that grey hole attacks in VANETs are a substantial challenge due to them having their distinct types of behaviour: normal and abnormal. These attacks try to prevent transmission between vehicles and roadside units and have a direct and negative impact on the wide acceptance of this new class of vehicles. The proposed IDS is based on features that have been extracted from a trace file generated in a network simulator. In our paper, we used a feed-forward neural network and a support vector machine for the design of the intelligent IDS. The proposed system uses only significant features extracted from the trace file. Our research, concludes that a reduction in the number of features leads to a higher detection rate and a decrease in false alarms.","","978-1-4673-9481-9","10.1109/CEEC.2015.7332730","","https://ieeexplore.ieee.org/stamp/stamp.jsp?arnumber=7332730","security;vehicular ad hoc networks;intrusion detection system;self-driving car;semi self-driving car","Vehicles;Feature extraction;Routing protocols;Ad hoc networks;Intrusion detection;Roads","","29","","20","IEEE","23 Nov 2015","24-25 Sept. 2015","24-25 Sept. 2015","IEEE","IEEE Conferences"
"Work-in-Progress: Crash Course: Can (Under Attack) Autonomous Driving Beat Human Drivers?","F. Marchiori; A. Brighente; M. Conti","University of Padua, Padua, Italy; University of Padua, Padua, Italy; University of Padua, Padua, Italy",2024 IEEE European Symposium on Security and Privacy Workshops (EuroS&PW),"20 Aug 2024","2024","","","367","372","Autonomous driving is a research direction that has gained enormous traction in the last few years thanks to advancements in Artificial Intelligence (AI). Depending on the level of independence from the human driver, several studies show that Autonomous Vehicles (AVs) can reduce the number of on-road crashes and decrease overall fuel emissions by improving efficiency. However, security research on this topic is mixed and presents some gaps. On one hand, these studies often neglect the intrinsic vulnerabilities of AI algorithms, which are known to compromise the security of these systems. On the other, the most prevalent attacks towards AI rely on unrealistic assumptions, such as access to the model parameters or the training dataset. As such, it is unclear if autonomous driving can still claim several advantages over human driving in real-world applications. This paper evaluates the inherent risks in autonomous driving by examining the current landscape of AV sand establishing a pragmatic threat model. Through our analysis, we develop specific claims highlighting the delicate balance between the advantages of AVs and potential security challenges in real-world scenarios. Our evaluation serves as a foundation for providing essential takeaway messages, guiding both researchers and practitioners at various stages of the automation pipeline. In doing so, we contribute valuable insights to advance the discourse on the security and viability of autonomous driving in real-world applications.","2768-0657","979-8-3503-6729-4","10.1109/EuroSPW61312.2024.00047","","https://ieeexplore.ieee.org/stamp/stamp.jsp?arnumber=10628792","","Threat modeling;Training;Automation;Security;Fuels;Artificial intelligence;Autonomous vehicles","","2","","28","IEEE","20 Aug 2024","8-12 July 2024","8-12 July 2024","IEEE","IEEE Conferences"
"Trustworthy and Efficient P2P Updates in Drones and Autonomous Aircrafts to Ensure Public Safety","N. M. I. Chowdhury; S. N. Zisad; R. Hasan","Dept. of Computer Science, University of Alabama at Birmingham, Birmingham, AL; Dept. of Computer Science, University of Alabama at Birmingham, Birmingham, AL; Dept. of Computer Science, University of Alabama at Birmingham, Birmingham, AL",2025 IEEE World Forum on Public Safety Technology (WF-PST),"4 Mar 2026","2025","","","143","148","In public safety applications, drones and autonomous aircraft are frequently deployed for mission-critical tasks. Ensuring the integrity and trustworthiness of their operational software-particularly during updates-is essential to maintaining system reliability and safety. Traditional centralized update mechanisms present significant vulnerabilities, including inefficiency, susceptibility to single points of failure, and security breaches, rendering them inadequate for such highstakes environments. To address these challenges, we propose a decentralized, peer-to-peer (P2P) update framework that incorporates a Merkle hash tree-based protocol for integrity verification. This approach not only ensures the authenticity and integrity of software updates but also enhances system resilience by eliminating reliance on centralized infrastructure. We conduct a comprehensive evaluation of our method, comparing it against conventional centralized update architectures. Our findings demonstrate that the proposed solution offers superior scalability, robustness, and security. This research contributes a novel, decentralized update mechanism tailored for autonomous systems, underpinned by cryptographic integrity guarantees provided by the Merkle tree structure.","","979-8-3315-8977-6","10.1109/WF-PST65083.2025.00028","","https://ieeexplore.ieee.org/stamp/stamp.jsp?arnumber=11415744","P2P;drone;verification;security;update","Protocols;Trees (botanical);Scalability;Rendering (computer graphics);Public security;Software;Robustness;Peer-to-peer computing;Aircraft;Drones","","","","26","IEEE","4 Mar 2026","23-25 Sept. 2025","23-25 Sept. 2025","IEEE","IEEE Conferences"
"The Dark Side of AI: Large Language Models as Tools for Cyber Attacks on Vehicle Systems","Y. Usman; P. K. Gyawali; S. Gyawali; R. Chataut","School of Computing and Engineering, Quinnipiac University, Hamden, CT, USA; LANE Department of Computer Science, West Virginia University, Morgantown, WV, USA; Department of Technology Systems, East Carolina University, Greenville, NC, USA; Department of Computer Science, Texas Christian University, Fort Worth, TX, USA","2024 IEEE 15th Annual Ubiquitous Computing, Electronics & Mobile Communication Conference (UEMCON)","20 Nov 2024","2024","","","169","175","The rapid evolution of autonomous vehicles (AVs) presents significant opportunities for enhancing transportation safety and efficiency. However, with increasing connectivity and complex electronic systems, AVs also become vulnerable to cyberattacks. This paper investigates cybersecurity challenges in the realm of AVs, highlighting the role of artificial intelligence (AI), specifically Large Language Models (LLMs), in exploiting vulnerabilities. We analyze various attack vectors, including Controller Area Network (CAN) manipulation, Bluetooth vulnerabilities, and Key Fob hacking, emphasizing the need for proactive cybersecurity measures. Recent incidents, such as the remote compromise of various vehicle models, underscore the urgent need for robust security solutions in the automotive industry. By leveraging LLMs, attackers can craft sophisticated cyber threats targeting AVs, posing risks to both safety and privacy. We introduce HackerGPT, a customized LLM tailored for cyber attack generation, and demonstrate attacks on virtual CAN networks, Bluetooth systems, and Key Fobs. At the same time, our experiments reveal successful compromises in certain vehicle models; limitations exist, particularly in vehicles with advanced encryption and robust signal transmission protocols. However, this research underscores the broader need for increased awareness and proactive security measures in the automotive sector. Our findings aim to contribute significantly to the ongoing discourse on automotive cybersecurity, offering actionable insights for manufacturers and cybersecurity professionals to safeguard the future of mobility.","","979-8-3315-4090-6","10.1109/UEMCON62879.2024.10754676","","https://ieeexplore.ieee.org/stamp/stamp.jsp?arnumber=10754676","Artificial Intelligence;Large Language Model;Cyberattacks;Cybersecurity;Autonomous Vehicle","Training;Industries;Ethics;Bluetooth;Protocols;Large language models;Vectors;Safety;Cyberattack;Automotive engineering","","10","","18","IEEE","20 Nov 2024","17-19 Oct. 2024","17-19 Oct. 2024","IEEE","IEEE Conferences"
"A Review Study of IEEE 802.11p On-Board Unit for V2X Deployment","C. C. Fung; S. Yogarayan; S. F. Abdul Razak; A. Azman","Faculty of Information Science and Technology (FIST), Multimedia University (MMU), Melaka, Malaysia; Faculty of Information Science and Technology (FIST), Multimedia University (MMU), Melaka, Malaysia; Faculty of Information Science and Technology (FIST), Multimedia University (MMU), Melaka, Malaysia; School of Computer Science, Faculty of Innovation and Technology, Taylors University, Selangor, Malaysia",2023 11th International Conference on Information and Communication Technology (ICoICT),"29 Sep 2023","2023","","","165","171","Intelligent transportation systems (ITS) are increasing in popularity as a way to improve road safety and efficiency. A critical component of ITS is the use of wireless communication systems, such as the dedicated short-range communication (DSRC) IEEE 802.11p standard, to enable communication between vehicles and infrastructure. This project aims to evaluate the performance of an on-board unit (OBU) utilizing the IEEE 802.11p standard in a vehicular communication system. The project contributes to a better understanding of the capabilities and limitations of the IEEE 802.11p standard in the context of ITS applications. The project will certainly also be useful for researchers and the community working in this field. Besides, the project also provides valuable insights into the performance of an OBU utilizing the IEEE 802.11p standard and can be used to convey the optimization and improvement of vehicular communication systems for the use of ITS applications.","","979-8-3503-2198-2","10.1109/ICoICT58202.2023.10262808","Research and Development; ","https://ieeexplore.ieee.org/stamp/stamp.jsp?arnumber=10262808","V2X;IEEE 802.11p;OBU;communication","Privacy;Protocols;Pedestrians;Transportation;IEEE 802.11p Standard;Road safety;Security","","5","","26","IEEE","29 Sep 2023","23-24 Aug. 2023","23-24 Aug. 2023","IEEE","IEEE Conferences"
"Comparative Study of Attention among Drivers with Varying Driving Experience","B. Adhikari; Z. Durić; D. Wijesekera; B. Yu","Department of Computer Science, George Mason University, Virginia, USA; Department of Computer Science, George Mason University, Virginia, USA; Department of Computer Science and Department of Cybersecurity, George Mason University, Virginia, USA; Department of Cybersecurity, George Mason University, Virginia, USA",2024 IEEE Intelligent Vehicles Symposium (IV),"15 Jul 2024","2024","","","1353","1360","Advancements in Intelligent Transportation Systems (ITS) enhance driver safety, comfort, and traffic flow. However, because human drivers remain integral to operating human-driven vehicles, their perception and attention are of significant importance in real-world traffic conditions. Previous studies have highlighted the increased accident susceptibility of novice drivers, but there has been limited research on how experience and perception affect each other. This study analyzes driver behavior in real-world traffic conditions based on driver experience, time of day, traffic congestion, and route familiarity. Our findings indicate that novice drivers exhibit lower spatial awareness, while intermediate drivers demonstrate improved awareness in moderate traffic. Conversely, experienced drivers consistently perform well across all conditions. Familiarity with routes enhances performance for all drivers, with experienced drivers adapting more quickly in unfamiliar situations. The study also contributes to existing data by providing continuous driver fixations in various driving scenarios and gaze-enhanced saliency maps, gaze-focused object detection, and saliency ranking to advance driver perception and autonomous vehicles.","2642-7214","979-8-3503-4881-1","10.1109/IV55156.2024.10588683","George Mason University; ","https://ieeexplore.ieee.org/stamp/stamp.jsp?arnumber=10588683","Driver Behavior Analysis (DBA);saliency;Advance Driver Assistance Systems(ADAS);and driver perception","Object detection;Safety;Traffic congestion;Autonomous vehicles;Vehicles;Accidents","","1","","47","IEEE","15 Jul 2024","2-5 June 2024","2-5 June 2024","IEEE","IEEE Conferences"
"Leveraging Commercial Connected Vehicle Data for High-Speed Signalized Intersection Safety: A Quantitative Analysis of Hard-Braking and Crashes","X. Wei; S. Knickerbocker; N. Hawkins; Z. Hans; A. Sharma","Department of Civil Construction and Environmental Engineering, Iowa State University of Science and Technology, Ames, IA, USA; Institute of Transportation, Iowa State University of Science and Technology, Ames, IA, USA; Institute of Transportation, Iowa State University of Science and Technology, Ames, IA, USA; Institute of Transportation, Iowa State University of Science and Technology, Ames, IA, USA; Department of Civil Construction and Environmental Engineering, Iowa State University of Science and Technology, Ames, IA, USA",2024 IEEE World Forum on Public Safety Technology (WFPST),"30 Jul 2024","2024","","","138","142","This study leverages commercial connected vehicle (CCV) data to address road safety issues at high-speed signalized intersections in Iowa. The study focuses on assessing road safety using minimal CCV data. The temporal stability analysis of the data concluded that the 8-week data was relatively stable. By testing the correlation between the number of hard braking at different intersections and crash data in 8 weeks of randomly selected CCV data, it was concluded that hard braking and crashes have a high correlation (greater than 0.5). Additionally, the study explores the predictive power of CCV data on crash risk and time distribution throughout the day. The results reflect the importance of real-time insights from CCV data for targeted interventions, highlighting the need for a data-driven approach to enhance overall road safety.","","979-8-3503-2914-8","10.1109/WFPST58552.2024.00028","","https://ieeexplore.ieee.org/stamp/stamp.jsp?arnumber=10607037","commercial connected vehicle data;hard braking events;intersections;traffic safety;crash","Connected vehicles;Correlation;Statistical analysis;Road safety;Stability analysis;Real-time systems;Public security","","","","15","IEEE","30 Jul 2024","14-15 May 2024","14-15 May 2024","IEEE","IEEE Conferences"
"Cloud-SPHERE: A Security Approach for Connected Unmanned Aerial Vehicles","M. Rodrigues; D. F. Pigatto; K. R. L. J. C. Branco","Laboratory of Critical Embedded Systems, Universidade de São Paulo (USP), São Carlos, São Paulo, Brazil; Federal University of Technology Paraná (UTFPR), Curitiba, Paraná, Brazil; Laboratory of Critical Embedded Systems, Universidade de São Paulo (USP), São Carlos, São Paulo, Brazil",2018 International Conference on Unmanned Aircraft Systems (ICUAS),"2 Sep 2018","2018","","","769","778","Unmanned Aerial Vehicles (UAVs) have gained popularity and are current applied in many fields. They have benefited from the recent technology development and have now increased connectivity, which allows them to achieve higher levels of mission complexity and coverage. Among others, security is considered one of the greatest challenges for UAV usage acceptance from the general public, and it scales when this vehicle can communicate with other vehicles and/or systems. This paper presents Cloud-SPHERE, a security approach for unmanned vehicles to communicate and provide services securely, targeting their integration into the IoT ecosystem. The design and operation is outlined and preliminary prototyping results are presented.","2575-7296","978-1-5386-1354-2","10.1109/ICUAS.2018.8453302","","https://ieeexplore.ieee.org/stamp/stamp.jsp?arnumber=8453302","","Security;Cloud computing;Computer architecture;Safety;Task analysis;Unmanned aerial vehicles","","8","","30","IEEE","2 Sep 2018","12-15 June 2018","12-15 June 2018","IEEE","IEEE Conferences"
"The Peril of Artificial Intelligence","A. Mathew","Department of Cyber Security, Bethany College, USA",2020 Fourth International Conference on Inventive Systems and Control (ICISC),"19 Aug 2020","2020","","","919","924","The integration of AI technology is with the hope of reducing human errors, improving efficiency, and providing faster result. Nonetheless, research indicates that AI may become hazardous over time and would not perform the intended roles. To recognize the perilous effects of AI, the study draws from the dynamic programming theory developed by Richard Bellman. The study proves that while AI is programmed to do a useful task, a malfunction may lead to negative consequences of the entire system. It may also attract indirect consequences such as traffic jams. The best way to explain this correlation is via the dynamic programming theory, which asserts that as systems become complex, they may sway from their targeted objective. Computer-related dangers may emanate from the cognitive complexity of the system as opposed to the specific properties of which the system was meant to perform. The immediate risks of AI are autonomous weapons, although other long-term effects such as gradual replacement of humans by robots and AI drug addition will also result.","","978-1-7281-2813-9","10.1109/ICISC47916.2020.9171226","","https://ieeexplore.ieee.org/stamp/stamp.jsp?arnumber=9171226","AI;AI weapons;Artificial intelligence;autonomous weapons;Risks of AI","Drugs;Correlation;Weapons;Control systems;Dynamic programming;Complexity theory;Artificial intelligence","","2","","15","IEEE","19 Aug 2020","8-10 Jan. 2020","8-10 Jan. 2020","IEEE","IEEE Conferences"
"Issues and Challenges in VANET Routing Protocols","A. Ahamed; H. Vakilzadian","Department of Electrical and Computer Engineering, University of Nebraska-Lincoln, USA; Department of Electrical and Computer Engineering, University of Nebraska-Lincoln, USA",2018 IEEE International Conference on Electro/Information Technology (EIT),"21 Oct 2018","2018","","","0723","0728","Intelligent transportation systems (ITS) are becoming more popular due to the demand for advanced cyber-physical systems and comfort applications and services needed for use in autonomous vehicles. Vehicular ad hoc Networks (VANETs) are an essential part of ITS, as they support vehicle-to-vehicle and vehicle-to-infrastructure data communication. The performance of a VANET solely depends on the routing protocols in the network layer, which provide efficient and effective data communication. In this paper, we survey the most recent issues surrounding efficient routing protocols that are suitable for VANETs. We also address the pros and cons of these protocols in terms of scalability, quality of services, security and privacy, energy efficiency, transmission bandwidth limitation, and broadcasting issues.","2154-0373","978-1-5386-5398-2","10.1109/EIT.2018.8500180","","https://ieeexplore.ieee.org/stamp/stamp.jsp?arnumber=8500180","VANET;scalability;quality of services;security and privacy;energy efficiency;transmission bandwidth limitaion;broadcasting issues and challenges","Routing protocols;Vehicular ad hoc networks;Routing;Quality of service;Delays;Scalability","","26","","37","IEEE","21 Oct 2018","3-5 May 2018","3-5 May 2018","IEEE","IEEE Conferences"
"Cyber physical surveillance system for Internet of Vehicles","D. Singh; G. Tripathi; S. C. Shah; R. da Rosa Righi","Dept. of Electronics Engineering, Hankuk University of Foreign Studies, Yongin, South Korea; Bharath Electronics Limited, Ghaziabad, India; Dept. of Information Communication Engineering, Hankuk University of Foreign Studies, Yongin, South Korea; Universidade do Vale do Rio dos Sinos, Sao Leopoldo, RS, Brazil",2018 IEEE 4th World Forum on Internet of Things (WF-IoT),"7 May 2018","2018","","","546","551","Internet of Vehicle (IoV) is an essential part of the Intelligent Transportation system (ITS) which is growing exponentially in the automotive industry domain. The term IoV is used in this paper for Internet of Vehicles. IoV is conceptualized for sharing traffic, safety and several other vehicle-related information between vehicles and end user. In recent years, the number of connected vehicles has increased allover the world. Having information sharing and connectivity as its advantage, IoV also faces the challenging task in the cybersecurity-related matters. The future consists of crowded places in an interconnected world through wearable's, sensors, smart phones etc. We are converging towards IoV technology and interactions with crowded space of connected peoples. However, this convergence demands high-security mechanism from the connected crowd as-well-as other connected vehicles to safeguard of proposed IoV system. In this paper, we coin the term of smart people crowd (SPC) and the smart vehicular crowd (SVC) for the Internet of Vehicles (IoV). These specific crowds of SPC and SVC are the potential cyber attackers of the smart IoV. People connected to the internet in the crowded place are known as a smart crowd. They have interfacing devices with sensors and the environment. A smart crowd would also consist of the random number of smart vehicles. With the future converging in to the smart connected framework for crowds, vehicles and connected vehicles, we present a novel cyber-physical surveillance system (CPSS) framework to tackle the security threats in the crowded environment for the smart automotive industry and provide the cyber security mechanism in the crowded places. We also describe an overview of use cases and their security challenges on the Internet of Vehicles.","","978-1-4673-9944-9","10.1109/WF-IoT.2018.8355218","","https://ieeexplore.ieee.org/stamp/stamp.jsp?arnumber=8355218","","Surveillance;Automotive engineering;Intelligent sensors;Cloud computing;Entropy","","7","","13","IEEE","7 May 2018","5-8 Feb. 2018","5-8 Feb. 2018","IEEE","IEEE Conferences"
"Intelligent Connected Vehicle Intrusion Detection and Mitigation: An Analysis of Explainable AI","R. Vishnukumar; A. Padma; M. Ramaiah","School of Computer Science Engineering and Information Systems Vellore Institute of Technology, Vellore, India; School of Computer Science Engineering and Information Systems Vellore Institute of Technology, Vellore, India; School of Computer Science Engineering and Information Systems Vellore Institute of Technology, Vellore, India",2024 International Conference on Emerging Techniques in Computational Intelligence (ICETCI),"8 Oct 2024","2024","","","252","256","IoT and AI created a Transportation Management System, resulting in the Internet of Vehicles. Intelligent vehicles are combined with contemporary communication technologies (5G) to achieve automated driving and adequate mobility. IoV faces security issues in the next five (5) areas: data safety, V2X communication safety, platform safety, Intermediate Commercial Vehicles (ICV) safety, and intelligent device safety. Numerous types of AI models have been created to reduce the outcome infiltration risks on ICVs. The need to integrate confidence, transparency, and repeatability into the creation of Artificial Intelligence (AI) for the safety of ICV and to deliver harmless transport systems, on the other hand, has led to an increase in explainable AI (XAI). Therefore, the space of this analysis protected the XAI models employed in ICV intrusion detection systems (IDSs), their taxonomies, and available research concerns. The study's findings demonstrate that, despite its relatively recent submission to ICV, XAI is a potential explore area for those looking to increase the net effect of ICVs. The paper also demonstrates that XAI's greater transparency will help it gain acceptance in the vehicle industry.","","979-8-3503-8706-3","10.1109/ICETCI62771.2024.10704143","","https://ieeexplore.ieee.org/stamp/stamp.jsp?arnumber=10704143","Connected intelligent car;Safety;Security;Intrusion detection;XAI","Surveys;Explainable AI;Taxonomy;Intrusion detection;Transportation;Routing;Real-time systems;Safety;Security;Vehicle-to-everything","","5","","27","IEEE","8 Oct 2024","22-24 Aug. 2024","22-24 Aug. 2024","IEEE","IEEE Conferences"
"Keep Your Distance: A Cognitive Approach to Mobile Robot-Cyclist Interaction","Y. Strigina; O. Singler-Hack; R. M. Kramm; J. Ehlers; F. Schrödel","Chair of Automation Technology and Robotics, Schmalkalden University of Applied Sciences, Schmalkalden, Germany; Chair of Transport System Planning, Bauhaus-Universität Weimar, Weimar, Germany; Chair of Transport System Planning, Bauhaus-Universität Weimar, Weimar, Germany; Usability Research Group, Bauhaus-Universität Weimar, Weimar, Germany; Chair of Automation Technology and Robotics, Schmalkalden University of Applied Sciences, Schmalkalden, Germany",2025 IEEE International Conference on Vehicular Electronics and Safety (ICVES),"11 Feb 2026","2025","","","110","115","This paper proposes a framework for integrating the subjective safety of vulnerable road users into autonomous driving (AD) systems’ decision-making. Cognitive-psychological data on cyclists are collected in laboratory experiments and validated in an empirical field test. The identified subjective safety parameters ensure the optimal distance and velocity for AD systems, represented by a mobile robot. Approaching decision-making design from a human-centred perspective ensures safety, comfort, and high acceptance of AD systems.","","978-1-6654-7778-9","10.1109/ICVES65691.2025.11376576","","https://ieeexplore.ieee.org/stamp/stamp.jsp?arnumber=11376576","Autonomous Mobile Robots;Traffic Safety;Human Factors","Weather;Vehicular and wireless technologies;Decision making;Urban areas;Robot sensing systems;Safety;Mobile robots;Autonomous vehicles;Stress;Testing","","","","38","IEEE","11 Feb 2026","27-28 Oct. 2025","27-28 Oct. 2025","IEEE","IEEE Conferences"
"RISEE: A Highly Interactive Naturalistic Driving Trajectories Dataset with Human Subjective Risk Perception and Eye-tracking Information","X. Wu; J. Chen; P. Wang; S. Chen; H. Meng; Y. Shen","School of Automotive Studies, Tongji University, Shanghai, China; School of Automotive Studies, Tongji University, Shanghai, China; School of Automotive Studies, Tongji University, Shanghai, China; School of Automotive Studies, Tongji University, Shanghai, China; School of Automotive Studies, Tongji University, Shanghai, China; School of Automotive Studies, Tongji University, Shanghai, China",2025 IEEE 28th International Conference on Intelligent Transportation Systems (ITSC),"16 Mar 2026","2025","","","2315","2322","In the research and development (R&D) and verification and validation (V&V) phases of autonomous driving decision-making and planning systems, it is necessary to integrate human factors to achieve decision-making and evaluation that align with human cognition. However, most existing datasets primarily focus on vehicle motion states and trajectories, neglecting human-related information. In addition, current naturalistic driving datasets lack sufficient safetycritical scenarios while simulated datasets suffer from low authenticity. To address these issues, this paper constructs the Risk-Informed Subjective Evaluation and Eye-tracking (RISEE) dataset which specially contains human subjective evaluations and eye-tracking data apart from regular naturalistic driving trajectories. By leveraging the complementary advantages of drone-based (high realism and extensive scenario coverage) and simulation-based (high safety and reproducibility) data collection methods, we first conduct drone-based traffic video recording at a highway ramp merging area. After that, the manually selected highly interactive scenarios are reconstructed in simulation software, and drivers' first-person view (FPV) videos are generated, which are then viewed and evaluated by recruited participants. During the video viewing process, participants' eye-tracking data is collected. After data processing and filtering, 3567 valid subjective risk ratings from 101 participants across 179 scenarios are retained, along with 2045 qualified eye-tracking data segments. The collected data and examples of the generated FPV videos are available in our website22https://ivtest-lab.github.io/RISEE_dataset/.","2153-0017","979-8-3315-2418-0","10.1109/ITSC60802.2025.11423845","National Key R&D Program of China(grant numbers:2021YFB2501205); National Natural Science Foundation of China(grant numbers:52232015); ","https://ieeexplore.ieee.org/stamp/stamp.jsp?arnumber=11423845","","Merging;Decision making;Gaze tracking;Data collection;Trajectory;Topology;Research and development;Autonomous vehicles;Videos;Vehicles","","","","23","IEEE","16 Mar 2026","18-21 Nov. 2025","18-21 Nov. 2025","IEEE","IEEE Conferences"
"Recognition System: Detection of License Plate","E. I. Singh; P. Rahi; V. Jain; N. Sharma; Y. Anand; A. K. Shukla","Computer Science and Engineering, Chandigarh University, Chandigarh, India; Computer Science and Engineering, Chandigarh University, Chandigarh, India; Computer Science and Engineering, Chandigarh University, Chandigarh, India; Computer Science and Engineering, Chandigarh University, Chandigarh, India; Computer Science and Engineering, Chandigarh University, Chandigarh, India; Computer Science and Engineering, Chandigarh University, Chandigarh, India",2024 7th International Conference on Circuit Power and Computing Technologies (ICCPCT),"16 Sep 2024","2024","1","","171","177","License Plate Recognition (LPR) systems offer increased efficiency, security, and automation across various domains, making them an essential tool for modern surveillance, management, and law enforcement efforts. In this paper, we present a new approach to LPR systems to solve the image ambiguity problem with high extraction and recognition accuracy. Integrating machine learning models like YOLO (You Only Look Once) V8 for region detection and convolutional neural networks (CNNs) for post-processing into a license plate recognition (LPR) system can significantly enhance its performance and accuracy. Using a dataset of approximately 8000 Indian license plate images for training and testing is a significant step in developing a robust license plate recognition (LPR) system tailored to Indian conditions, with accuracy of 92%. Image denoising as an integral part of the license plate recognition (LPR) system brings a novel dimension to the overall approach. Applying this to machine learning models can significantly improve the performance of LPR systems. The system uses advanced algorithms to correctly identify image components, allowing users to pivot on the relevant parts of the license plate. The utilization of CNNs further refines the extracted data, enabling precise recognition of alphanumeric characters despite image distortions. Following character extraction, the system undergoes a crucial verification process by cross-referencing the extracted data with the Indian Regional Transport Office (RTO) dataset. This verification step ensures the reliability and authenticity of the recognized license plate information. Remarkably, the proposed system achieves a verification accuracy of 96.5%, underscoring its efficacy in real world scenarios. The implications of this research extend beyond academic discourse, offering tangible benefits for modern transportation systems. By enhancing the accuracy and reliability of LPR systems, particularly in scenarios involving blurred or challenging images, the proposed methodology contributes to improved traffic management, enhanced security measures, and streamlined administrative processes. The ability to accurately identify and authenticate license plates in real-time has numerous practical applications across various sectors, particularly in law enforcement, transportation, and security. Moreover, the proposed system holds promise for integration into various smart city initiatives, where advanced technologies are leveraged to optimize urban infrastructure and enhance the overall quality of life for residents. It will be paid. This system is a comprehensive approach to solving problems caused by ambiguous images. Through the integration of reinvigorated machine learning models and dataset interpretation, the proposed system achieves high accuracy and reliability for practical applications in modern transportation systems and beyond.","","979-8-3503-7281-6","10.1109/ICCPCT61902.2024.10673076","","https://ieeexplore.ieee.org/stamp/stamp.jsp?arnumber=10673076","Denoiser;License;Image;Segmentation","YOLO;Training;Accuracy;Image recognition;Law enforcement;Transportation;Machine learning","","4","","21","IEEE","16 Sep 2024","8-9 Aug. 2024","8-9 Aug. 2024","IEEE","IEEE Conferences"
"LIDAR Data Filtering Enhancing Techniques Development and Validation by Deep Learning","G. Mariammal; N. Siva Rama Lingham; R. M. Jasmine; R. Aruna; P. Mahalakshmi; S. Sundari","Department of Computer Science and Engineering, Vel Tech Rangarajan Dr. Sagunthala R&D Institute of Science and Technology, Chennai, India; Department of Computer Science and Engineering, Vel Tech Rangarajan Dr. Sagunthala R&D Institute of Science and Technology, Chennai, India; Department of Artificial Intelligence and Data Science, Ponjesly College of Engineering, Nagercoil, Tamil Nadu, India; Department of Computer Science and Engineering, Vel Tech Rangarajan Dr. Sagunthala R&D Institute of Science and Technology, Chennai, India; Computer Science and Engineering, Jerusalem College of Engineering, Chennai, India; School of Engineering and Technology, Jeppiaar University, Chennai, India",2025 5th International Conference on Intelligent Technologies (CONIT),"24 Sep 2025","2025","","","1","5","WeatherNet is a revolutionary technology that can handle rain, snow, and the darkness. At its core, WeatherNet uses advanced algorithms as intelligent filters, and seamlessly in- tegrates with LiDAR systems to improve safety and performance Using real-time weather data, the system ensures continuous adaptation to changing weather conditions, maintaining LiDAR point cloud accuracy for accurate identification even in challeng- ing conditions Adaptive The filtering mechanism dynamically adjusts parameters based on weather fluctuations, optimizing LiDAR data For reliable travel. This real-time optimization is a game-changer, allowing au tonomous vehicles to traverse weather conditions with dented accuracy and unprecedented reliability Beyond functionality WeatherNet is far-reaching The implica- tions for more autonomous cars. It disconnects the connection barriers to acceptance of robust solutions to climate problems,. Enhancing Trustin’s ability to drive independently. Additionally, the integration of WeatherNet into the involved vehicle has broad implications for transportation and logistics, allowing regular operation throughout year and open up new possibilities for its use in services and distribution transportation, and emergency situations. In conclusion, intelligent filtering, dynamic optimization, and increased accuracy enhance WeatherNet’s security and demonstrate autonomous vehicles, paving the way for easy operation in all weather conditions and tackling critical road blocks with multiple options.","","979-8-3315-2233-9","10.1109/CONIT65521.2025.11166892","","https://ieeexplore.ieee.org/stamp/stamp.jsp?arnumber=11166892","WeatherNet;Revolutionary technology;Rain;Snow;Darkness;Advanced algorithms;Intelligent filters;LiDAR systems;Safety and performance;Real-time weather data;Continuous adaptation;Changing weather conditions;LiDAR point cloud accuracy;Accurate identification;Challenging conditions;Adaptive filtering mechanism;Dynamic parameter adjustment;Weather fluctuations;Optimizing LiDAR data;Reliable travel;Real-time optimization;Autonomous vehicles;Dented accuracy;Unprecedented reliability;Far-reaching implications","Deep learning;Laser radar;Accuracy;Heuristic algorithms;Snow;Transportation;Real-time systems;Vehicle dynamics;Optimization;Meteorology","","","","24","IEEE","24 Sep 2025","20-22 June 2025","20-22 June 2025","IEEE","IEEE Conferences"
"P2V and V2P communication for Pedestrian warning on the basis of Autonomous Vehicles","A. Hussein; F. García; J. M. Armingol; C. Olaverri-Monreal","Universidad Carlos III de Madrid, Madrid, Madrid, ES; Universidad Carlos III de Madrid, Madrid, Madrid, ES; Universidad Carlos III de Madrid, Madrid, Madrid, ES; Department of Information Engineering and Security, University of Applied Sciences Technikum Wien, Vienna, Austria",2016 IEEE 19th International Conference on Intelligent Transportation Systems (ITSC),"26 Dec 2016","2016","","","2034","2039","The use of smartphones in a road context by drivers and Vulnerable Road Users (VRU) is rapidly increasing. To reduce the risks related to the influence of smartphone usage in a situation where traffic needs to be considered, a collision prediction algorithm is proposed based on Pedestrian to Vehicle (P2V) and Vehicle to Pedestrian (V2P) communication technologies, which increases the visual situational awareness of VRU regarding the nearby location of both autonomous and manually-controlled vehicles in a user-friendly form. The proposed application broadcasts the device's position to the vehicles nearby, and reciprocally, the vehicles nearby broadcast their position to the device in use, supporting pedestrians and other VRU to minimize potential dangers and increase the acceptance of autonomous vehicles on our roads. Results regarding the evaluation of the proposed approach showed a good performance and high detection rate, as well as a high user satisfaction derived from the interaction with the system.","2153-0017","978-1-5090-1889-5","10.1109/ITSC.2016.7795885","","https://ieeexplore.ieee.org/stamp/stamp.jsp?arnumber=7795885","","Roads;Autonomous vehicles;Prediction algorithms;Smart phones;Safety","","117","","31","IEEE","26 Dec 2016","1-4 Nov. 2016","1-4 Nov. 2016","IEEE","IEEE Conferences"
"From 5G to 6G: The Role of AI, Machine Learning, and Deep Learning in Wireless Systems","P. M. Gote; P. Kumar; P. Verma; P. Yesankar; A. Pawar; S. Saratkar","Department of Computer Science & Design, Faculty of Engineering and Technology, Datta Meghe Institute of Higher Education and Research (DU), Wardha, Maharashtra, India; Department of Computer Science & Medical Engineering, Faculty of Engineering and Technology, Datta Meghe Institute of Higher Education and Research (DU), Wardha, Maharashtra, India; Department of Artificial Intelligence & Machine Learning, Faculty of Engineering and Technology, Datta Meghe Institute of Higher Education and Research (DU), Wardha, Maharashtra, India; Department of Computer Science & Design, Faculty of Engineering and Technology, Datta Meghe Institute of Higher Education and Research (DU), Wardha, Maharashtra, India; Department of Computer Science & Medical Engineering, Faculty of Engineering and Technology, Datta Meghe Institute of Higher Education and Research (DU), Wardha, Maharashtra, India; Department of Artificial Intelligence & Data Science, Faculty of Engineering and Technology, Datta Meghe Institute of Higher Education and Research (DU), Wardha, Maharashtra, India",2025 4th International Conference on Sentiment Analysis and Deep Learning (ICSADL),"27 Mar 2025","2025","","","447","452","The swift progression of wireless communication technologies-specifically from 5G to 6G is an approach that could be the most significant revolutionary leap towards changing connectivity and data transmission forever. Additionally, algorithms of machine learning (ML) and deep learning (DL) in 5G and 6G can offer promising advancements toward predictive maintenance, dynamic spectrum management, and enhanced security. The review of the potentially transformative nature of these technologies underlines the need for future directions of research efforts called for in circumventing challenges towards making full capability exploitation of 6G possible.","","979-8-3315-2392-3","10.1109/ICSADL65848.2025.10933016","","https://ieeexplore.ieee.org/stamp/stamp.jsp?arnumber=10933016","6G technology;5G technology;AI integration;AI RAN alliance (NVIDIA);Cellular communication;Machine learning;Deep learning","6G mobile communication;Wireless communication;Deep learning;Tactile Internet;Technological innovation;Sentiment analysis;5G mobile communication;Reviews;Heuristic algorithms;Security","","10","","28","IEEE","27 Mar 2025","18-20 Feb. 2025","18-20 Feb. 2025","IEEE","IEEE Conferences"
"Bridging the Gaps: A Comparative Analysis of ISO 21434, ISO 26262 and Machine Learning in Autonomous Vehicles","S. Daiene de Oliveira Bastos; K. Castelo Branco; A. Luiz de Oliveira","Institute of Mathematical and Computer Sciences, University of São Paulo, São Carlos, Brazil; Institute of Mathematical and Computer Sciences, University of São Paulo, São Carlos, Brazil; Federal University of Juiz de Fora, Juiz de Fora Campus, Juiz de Fora, Minas Gerais, Brazil",2025 Brazilian Symposium on Robotics (SBR) and 2025 Workshop on Robotics in Education (WRE),"24 Nov 2025","2025","","","25","30","The integration of Machine Learning (ML) in Au-tonomous Vehicles (AV s) raises challenges not fully addressed by current automotive standards, specifically ISO 26262 (functional safety) and ISO/SAE 21434 (cybersecurity). This paper reviews gaps in these standards concerning ML-enabled systems, focusing on explainability, data lifecycle, runtime assurance, and ethical compliance. To bridge these gaps, we propose the ML-Aware Compliance Bridge, a four-layer framework covering: (i) Data Lifecycle Management, (ii) Model Governance, (iii) Runtime Assurance, and (iv) Ethics and Explainability. The framework maps standard deficiencies to actionable recommendations, sup-porting the development of safer and more trustworthy AI -driven autonomous systems.","2643-685X","979-8-3315-6017-1","10.1109/SBR/WRE66973.2025.11249566","","https://ieeexplore.ieee.org/stamp/stamp.jsp?arnumber=11249566","ISO/SAE 21434;ISO 26262;Machine Learning;Standards","Bridges;Ethics;Runtime;Reviews;ISO Standards;Machine learning;Safety;Standards;Robots;Autonomous vehicles","","1","","74","IEEE","24 Nov 2025","13-15 Oct. 2025","13-15 Oct. 2025","IEEE","IEEE Conferences"
"Development of AI-Based Microdrone Capabilities for Multifunctional Aerial Applications","V. -D. Popescu; M. Giurgiu; M. Cserei","Telecommunications Department, Technical University of Cluj-Napoca, Cluj-Napoca, Romania; Telecommunications Department, Technical University of Cluj-Napoca, Cluj-Napoca, Romania; Research Department, Nanolabs Electronics Ltd, Cluj-Napoca, Romania",2025 33rd Telecommunications Forum (TELFOR),"2 Jan 2026","2025","","","1","4","This paper presents the design, implementation, and experimental evaluation of a new concept for a multi-drone system capable of executing complex aerial missions in both indoor and outdoor environments. The novelty of the proposed architecture consists in integrating ultra-wideband communication, onboard Artificial Intelligence (AI) for object detection, and a web-based control interface to coordinate multiple microdrones of the type Crazyflie 2.1. Key functionalities include real-time video surveillance, autonomous navigation to predefined coordinates, precise indoor positioning using Time Difference of Arrival (TDoA), optical flow-based stability, and onboard object detection. Experimental results demonstrate the system's robustness, adaptability, and potential for real-world applications such as security monitoring, industrial inspection, and intelligent autonomous operations in GPS-denied environments.","2994-5828","979-8-3315-9357-5","10.1109/TELFOR67910.2025.11314275","","https://ieeexplore.ieee.org/stamp/stamp.jsp?arnumber=11314275","Microdrone;UWB Communication;Edge AI","Smart agriculture;Time difference of arrival;Ultra wideband communication;Inspection;Video surveillance;Solids;Real-time systems;Software;Telecommunications;Security","","","","17","IEEE","2 Jan 2026","25-26 Nov. 2025","25-26 Nov. 2025","IEEE","IEEE Conferences"
"RIoTS: Risk Analysis of IoT Supply Chain Threats","T. Kieras; M. J. Farooq; Q. Zhu","Department of Electrical & Computer Engineering, New York University, Brooklyn, NY, USA; Department of Electrical & Computer Engineering, New York University, Brooklyn, NY, USA; Department of Electrical & Computer Engineering, New York University, Brooklyn, NY, USA",2020 IEEE 6th World Forum on Internet of Things (WF-IoT),"13 Oct 2020","2020","","","1","6","Securing the supply chain of information and communications technology (ICT) has recently emerged as a critical concern for national security and integrity. With the proliferation of Internet of Things (IoT) devices and their increasing role in controlling real world infrastructure, there is a need to analyze risks in networked systems beyond established security analyses. Existing methods in literature typically leverage attack and fault trees to analyze malicious activity and its impact. In this paper, we develop RIoTS, a security risk assessment framework borrowing from system reliability theory to incorporate the supply chain. We also analyze the impact of grouping within suppliers that may pose hidden risks to the systems from malicious supply chain actors. The results show that the proposed analysis is able to reveal hidden threats posed to the IoT ecosystem from potential supplier collusion.","","978-1-7281-5503-6","10.1109/WF-IoT48130.2020.9221323","","https://ieeexplore.ieee.org/stamp/stamp.jsp?arnumber=9221323","Internet of Things;Supply Chain;Attack Tree;Birnbaum importance;Improvement potential","Supply chains;Ecosystems;Information and communication technology;Internet of Things;Security;Risk management;Reliability","","13","","19","IEEE","13 Oct 2020","2-16 June 2020","2-16 June 2020","IEEE","IEEE Conferences"
"An empirical study on automotive cyber attacks","A. Singh; M. Singh","Department of Electrical Engineering &Power, Automation Indian Institute of Technology-Delhi, Delhi, Indian; Yonsei Institute of Convergence Technology, Yonsei University, Songdo, South Korea",2018 IEEE 4th World Forum on Internet of Things (WF-IoT),"7 May 2018","2018","","","47","50","There has been various technological advancements in the field of autonomous vehicles. Which increase the possibility of the introduction of these vehicles in the market in some years. Moreover, then we will surround all with numerous autonomous vehicles and other intelligent systems making our life easier. They will include various networked embedded systems connected to internet running on numerous algorithms. These systems may contain vulnerabilities and threats that can be exploited. Therefore, these systems must be developed in order to minimize all the possible threats and vulnerabilities. In this study, we will majorly focus on the Cyber-Security vulnerabilities and threats that are possible in automotive electronics.","","978-1-4673-9944-9","10.1109/WF-IoT.2018.8355124","","https://ieeexplore.ieee.org/stamp/stamp.jsp?arnumber=8355124","Cyber-Physical Systems;Automotive;Cyber-attacks;Security;Vulnerabilities;Threats;Automotive Electronics","Security;Automobiles;Servers;Automotive electronics;Companies","","6","","9","IEEE","7 May 2018","5-8 Feb. 2018","5-8 Feb. 2018","IEEE","IEEE Conferences"
"Facilitating Research for IoT-Based Vehicle-to-Everything (V2X) Survey Web Application Design","Z. Wang; B. Hu; Y. Gao; S. Huang; Y. Dong","The University of Sydney Faculty of Engineering, Sydney, Australia; Xi’an Jiaotong-Liverpool University, School of Internet of Things, Suzhou, China; School of Communication and Information Engineering, Shanghai University, Shanghai, China; Xi’an Jiaotong-Liverpool University, School of Internet of Things, Suzhou, China; Xi’an Jiaotong-Liverpool University, School of Internet of Things, Suzhou, China","2023 2nd International Conference on Sensing, Measurement, Communication and Internet of Things Technologies (SMC-IoT)","30 May 2024","2023","","","85","90","With the development of the Internet of Things (IoT) related applications, multiple requirements and massive raw data will be generated accordingly. How to address the requirements for versatile survey creation and participation across diverse linguistic environments still is a challenge. This paper aims to propose a potential analysis method to distinguish multiple types of news on social media while facilitating user engagement and relevant data collection by a cloud-based Fakenewz web application. Based on the integration of various question types, multilingual support, and graphical data representation, Fakenewz caters to the evolving demands of survey production and feedback gathering, which enhances user experience, and the effectiveness of multilingual support in survey deployment. The results emphasise a strengthened foundation, improved user interaction, and innovation within the online survey landscape.","","979-8-3503-7325-7","10.1109/SMC-IoT62253.2023.00023","","https://ieeexplore.ieee.org/stamp/stamp.jsp?arnumber=10538934","Fakenewz;Online survey platform;IoT;User experience;Agile methodology;Rank Order;Slider","Surveys;Technological innovation;Social networking (online);Production;Linguistics;Data collection;User experience","","1","","12","IEEE","30 May 2024","29-31 Dec. 2023","29-31 Dec. 2023","IEEE","IEEE Conferences"
"Towards Corner Case Detection for Autonomous Driving","J. -A. Bolte; A. Bar; D. Lipinski; T. Fingscheidt","Institute for Communications Technology, Technische Universität Braunschweig, Braunschweig, Germany; Institute for Communications Technology, Technische Universität Braunschweig, Braunschweig, Germany; Automated Driving, Volkswagen Group Research, Wolfsburg, Germany; Institute for Communications Technology, Technische Universität Braunschweig, Braunschweig, Germany",2019 IEEE Intelligent Vehicles Symposium (IV),"29 Aug 2019","2019","","","438","445","The progress in autonomous driving is also due to the increased availability of vast amounts of training data for the underlying machine learning approaches. Machine learning systems are generally known to lack robustness, e.g., if the training data did rarely or not at all cover critical situations. The challenging task of corner case detection in video, which is also somehow related to unusual event or anomaly detection, aims at detecting these unusual situations, which could become critical, and to communicate this to the autonomous driving system (online use case). Such a system, however, could be also used in offline mode to screen vast amounts of data and select only the relevant situations for storing and (re)training machine learning algorithms. So far, the approaches for corner case detection have been limited to videos recorded from a fixed camera, mostly for security surveillance. In this paper, we provide a formal definition of a corner case and propose a system framework for both the online and the offline use case that can handle video signals from front cameras of a naturally moving vehicle and can output a corner case score.","2642-7214","978-1-7281-0560-4","10.1109/IVS.2019.8813817","","https://ieeexplore.ieee.org/stamp/stamp.jsp?arnumber=8813817","","Surveillance;Semantic segmentation;Training data;Machine learning;Cameras;Robustness;Security;Object recognition;Autonomous vehicles;Videos","","106","","41","IEEE","29 Aug 2019","9-12 June 2019","9-12 June 2019","IEEE","IEEE Conferences"
"State of the art and trends of Vehicle Communication: Overview","N. Yakusheva; A. Proletarsky; M. Basarab","Department of Mathematics, University of Udine, Udine, Italy; Department of Information security, Moscow Bauman State Technical University, Moscow, Russia; Department of Informatics and Control Systems, Moscow Bauman State Technical University, Moscow, Russia",2019 27th Telecommunications Forum (TELFOR),"30 Jan 2020","2019","","","1","4","This paper provides the state-of-the-art of vehicle communications. The current trends of the vehicle communication are defined in the article. Vehicle communication tends to use Internet of Things (IoT), We are discussing the issues of developing Internet of Vehicles (IoV) and consider it as a part of Smart City. The overview provides the detailed analysis of vehicle communications for IoV in order to determine the new trends.","","978-1-7281-4790-1","10.1109/TELFOR48224.2019.8971189","","https://ieeexplore.ieee.org/stamp/stamp.jsp?arnumber=8971189","IoT;Internet of Vehicles (IoV);ITS;VANET;V2X communication;Smart city","Cellular networks;Protocols;Smart cities;Vehicular ad hoc networks;Market research;Real-time systems;Telecommunication network reliability;Vehicle-to-everything;Next generation networking;Internet of Vehicles","","2","","47","IEEE","30 Jan 2020","26-27 Nov. 2019","26-27 Nov. 2019","IEEE","IEEE Conferences"
"6G-EWOC: Crowdsourced SLAM data fusion for Safe and Efficient ADAS Driving","J. A. Lázaro; J. R. Casas; J. Ruiz-Hidalgo; M. C. Garcia; G. M. Pey; J. S. Pujol; M. Wang; E. Theodoropoulou; G. Lyberopoulos; C. Marcus; O. Eriksson; P. García; S. Royo; J. Riu; B. Schrenk; J. M. Fàbrega","Signal Theory and Comm. Dept., UPC - Univ. Politècnica de Catalunya, Barcelona, Spain; Signal Theory and Comm. Dept., UPC - Univ. Politècnica de Catalunya, Barcelona, Spain; Signal Theory and Comm. Dept., UPC - Univ. Politècnica de Catalunya, Barcelona, Spain; Signal Theory and Comm. Dept., UPC - Univ. Politècnica de Catalunya, Barcelona, Spain; Signal Theory and Comm. Dept., UPC - Univ. Politècnica de Catalunya, Barcelona, Spain; Signal Theory and Comm. Dept., UPC - Univ. Politècnica de Catalunya, Barcelona, Spain; Signal Theory and Comm. Dept., UPC - Univ. Politècnica de Catalunya, Barcelona, Spain; R&D Fixed and Mobile Hellenic Telecommunications, Organization SA (OTE SA), Athens, Greece; R&D Fixed and Mobile Hellenic Telecommunications, Organization SA (OTE SA), Athens, Greece; Research & Innovation Magna Electronics, Vårgårda, Sweden; Research & Innovation Magna Electronics, Vårgårda, Sweden; Beamagine SL, Castellbisbal, Barcelona, Spain; Beamagine SL, Castellbisbal, Barcelona, Spain; Beamagine SL, Castellbisbal, Barcelona, Spain; Center for Digital Safety & Security, AIT Austrian Institute of Technology, Vienna, Austria; Packet Optical Net. & Serv. (PONS), CTTC - Centre Tecn. Telecom. Cat., Barcelona, Spain",2024 IEEE Future Networks World Forum (FNWF),"12 Jun 2025","2024","","","173","178","The development of transport infrastructures for Advanced Driver Assistance Systems (ADAS) and autonomous vehicles operating efficiently and safely in congestion-free traffic flows is a major challenge for telecommunications technologies. Simultaneous Localization and Mapping (SLAM) plays a crucial role in ensuring uninterrupted journeys for emergency vehicles and increasing the safety of vulnerable road users in complex traffic scenarios. Accurate SLAM mapping for ADAS systems requires data from different sensor technologies –such as high-resolution cameras or Radio/Light Detection and Ranging (RaDAR/LiDAR)– to be effectively combined or fused. Sensor fusion results in high data throughput and low latency requirements. However, optimal mapping outcomes occur when processing systems fuse data from sensors positioned at diverse locations within the traffic scene. By crowdsourcing diverse sensors, we can multiply the view angles, mitigate occlusions and improve the overall scene coverage. Yet, this approach introduces additional challenges for communication systems within both the vehicles and the infrastructure. Addressing these challenges is essential for seamless development of safe and efficient ADAS driving techniques.","2770-7679","979-8-3503-7949-5","10.1109/FNWF63303.2024.11028711","Horizon Europe; ","https://ieeexplore.ieee.org/stamp/stamp.jsp?arnumber=11028711","Autonomous Driving;Crowdsourced SLAM;Data Fusion;3D Scene Completion;3D Object Detection;Free-space optical communication;Optical communication terminals;6G","6G mobile communication;Simultaneous localization and mapping;Three-dimensional displays;Roads;Data integration;Sensor fusion;Throughput;Telecommunications;Safety;Autonomous vehicles","","1","","22","IEEE","12 Jun 2025","15-17 Oct. 2024","15-17 Oct. 2024","IEEE","IEEE Conferences"
"Developing a Smart Pedestrian Network Big Data Platform for Municipal Organizations","G. Papageorgiou; C. Petrakis; A. Maimaris","EUC Research Center, Nicosia, Cyprus; EUC Research Center, Nicosia, Cyprus; EUC Research Center, Nicosia, Cyprus",2018 2nd European Conference on Electrical Engineering and Computer Science (EECS),"25 Nov 2019","2018","","","274","278","In our Digital Economy, great opportunities but also challenges are emerging for today's organizations. To successfully implement information system solutions involving a variety of data sources, many aspects should be considered. These revolve around the choice of platform strategy, which should handle aspects such as the provision of Application Programming Interfaces (API), privacy and security concerns and how open access to data should be. This paper examines design issues for developing a digital ecosystem for municipal organizations by considering the opportunities presented by Big Data. The main focus is to suggest solutions for the deployment of an envisioned Smart Pedestrian Network (SPN) system. The proposed solution combines multiple subsystems, such as Geographical Information Systems, intelligent agents, sensor systems, crowdsourcing, and social networks to create an integrated big data approach for the urban environment. Such an ecosystem is exceptionally useful for the effective involvement of municipality stakeholders, such as members of the public community, management, city planning, public works maintenance teams as well as local businesses.","","978-1-7281-1929-8","10.1109/EECS.2018.00058","","https://ieeexplore.ieee.org/stamp/stamp.jsp?arnumber=8910030","Platform Strategies;Crowdsourcing;Big Data;Smart Cities;Intelligent Systems;Municipal Organizations","Big Data;Urban areas;Social networking (online);Organizations;Ecosystems;Sensors;Data privacy","","5","","17","IEEE","25 Nov 2019","20-22 Dec. 2018","20-22 Dec. 2018","IEEE","IEEE Conferences"
"“How technical do you get? I’m an English teacher”: Teaching and Learning Cybersecurity and AI Ethics in High School","Z. Kilhoffer; Z. Zhou; F. Wang; F. Tamton; Y. Huang; P. Kim; T. Yeh; Y. Wang",University of Illinois at Urbana-Champaign; University of Illinois at Urbana-Champaign; University of Illinois Laboratory High School; University of Illinois at Urbana-Champaign; University of Illinois at Urbana-Champaign; University of Denver; University of Colorado Boulder; University of Illinois at Urbana-Champaign,2023 IEEE Symposium on Security and Privacy (SP),"21 Jul 2023","2023","","","2032","2032","Today’s cybersecurity and AI technologies are often fraught with ethical challenges. One promising direction is to teach cybersecurity and AI ethics to today’s youth. However, we know little about how these subjects are taught before college. Drawing from interviews of US high school teachers (n=16) and students (n=11), we find that cybersecurity and AI ethics are often taught in non-technical classes such as social studies and language arts. We also identify relevant topics, of which epistemic norms, privacy, and digital citizenship appeared most often. While teachers leverage traditional and novel teaching strategies including discussions (treating current events as case studies), gamified activities, and content creation, many challenges remain. For example, teachers hesitate to discuss current events out of concern for appearing partisan and angering parents; cyber hygiene instruction appears very ineffective at educating youth and promoting safer online behavior; and generational differences make it difficult for teachers to connect with students. Based on the study results, we offer practical suggestions for educators, school administrators, and cybersecurity practitioners to improve youth education on cybersecurity and AI ethics.","2375-1207","978-1-6654-9336-9","10.1109/SP46215.2023.10179333","","https://ieeexplore.ieee.org/stamp/stamp.jsp?arnumber=10179333","cybersecurity;AI ethics;education","Ethics;Privacy;Art;Education;Behavioral sciences;Artificial intelligence;Computer crime","","15","","79","IEEE","21 Jul 2023","21-25 May 2023","21-25 May 2023","IEEE","IEEE Conferences"
"Sim-to-Real Autonomous Vehicle Lane Keeping using Vision","J. Kocić; N. Jovičić","School of Electrical Engineering, University of Belgrade, Belgrade, Serbia; School of Electrical Engineering, University of Belgrade, Belgrade, Serbia",2021 29th Telecommunications Forum (TELFOR),"29 Dec 2021","2021","","","1","8","This paper presents the analysis of the J-Net deep neural network used for autonomous vehicle lane keeping, and its verification in simulated and real conditions. The transition from the simulated world on the personal computer to the real world in laboratory conditions is tackled. In the presented solution, autonomous lane keeping is achieved by analyzing information from visual sensors using a deep neural network. J-Net was developed with an aim to be implemented on an autonomous vehicle platform with limited hardware performance in terms of computing power and memory capacity. Verification of autonomous driving using J-Net was achieved in simulated conditions, using an open-source simulator for autonomous driving, and in real-world conditions. For the verification in real-world conditions, an autonomous driving system was designed and implemented in the Laboratory of Electronics at the School of Electrical Engineering, University of Belgrade.","","978-1-6654-2585-8","10.1109/TELFOR52709.2021.9653302","","https://ieeexplore.ieee.org/stamp/stamp.jsp?arnumber=9653302","autonomous driving;camera;deep learning;deep neural network;end-to-end learning;machine learning;robo-vehicle;simulator;sim-to-real;vision","Deep learning;Visualization;Roads;Computer architecture;Hardware;Sensors;Telecommunications","","","","19","IEEE","29 Dec 2021","23-24 Nov. 2021","23-24 Nov. 2021","IEEE","IEEE Conferences"
"Event-Triggered Federated Reinforcement Learning for Resource Allocation in NR-V2X","C. Jin; B. -J. Hu","School of Electronic and Information Engineering, South China University of Technology, Guangzhou, China; School of Electronic and Information Engineering, South China University of Technology, Guangzhou, China",2025 IEEE 11th World Forum on Internet of Things (WF-IoT),"8 Dec 2025","2025","","","1","6","Resource allocation has a significant impact on the efficiency of vehicle-to-everything (V2X) networks. In order to achieve efficient resource allocation, this paper presents a novel Event-Triggered Federated Reinforcement Learning (ETFRL) scheme. This scheme modifies the Multi-Agent Deep Deterministic Policy Gradient (MADDPG) scheme to enable agents to be aware of global interference, thereby optimizing overall network performance. Furthermore, the model integrates Federated Learning (FL) to protect user data privacy and accelerate training speed. It also incorporates an Event-Triggered mechanism to selectively initiate the Deep Reinforcement Learning (DRL) process, reducing the training burden. Simulation results demonstrate that the ETFRL scheme achieves near-equivalent performance to the time-triggered algorithm while significantly reducing execution times. This indicates that the ETFRL scheme is a promising approach for enhancing spectrum efficiency in V2X resource allocation problem.","2768-1734","979-8-3315-1522-5","10.1109/WF-IoT64238.2025.11270684","Research and Development; ","https://ieeexplore.ieee.org/stamp/stamp.jsp?arnumber=11270684","Deep Reinforcement Learning;Federal Learning;V2X;Resource Allocation;Platoon cooperation","Training;Data privacy;Event detection;Federated learning;Simulation;Interference;Deep reinforcement learning;Resource management;Internet of Things;Vehicle-to-everything","","","","14","IEEE","8 Dec 2025","27-30 Oct. 2025","27-30 Oct. 2025","IEEE","IEEE Conferences"
"Secure mmWave C-V2X Communications Using Cooperative Jamming","M. Yang; Y. Ju; L. Liu; Q. Pei; K. Yu; J. J. P. C. Rodrigues","Guangzhou Institute of Technology, Xidian University, Guangzhou, China; Guangzhou Institute of Technology, Xidian University, Guangzhou, China; Guangzhou Institute of Technology, Xidian University, Guangzhou, China; Guangzhou Institute of Technology, Xidian University, Guangzhou, China; Guangzhou Institute of Technology, Xidian University, Guangzhou, China; Instituto de Telecomunicações, Covilhã, Portugal",GLOBECOM 2022 - 2022 IEEE Global Communications Conference,"11 Jan 2023","2022","","","2686","2691","A lack of well-designed security solutions within the millimeter-Wave (mmWave) cellular vehicle-to-everything (V2X) communications significantly impedes the development of applications within the intelligent transportation system. Cooperative jamming is envisioned as a potential technology that can enhance physical layer security performance for plane networks by selectively choosing jammers from the perspective of the legitimate receiver. We propose a blockage-and-power-based jammer selection strategy to address potential security pitfalls in a mmWave cellular V2X network. With the help of jammers whose interference power falls within the acceptance range of legitimate receivers, transmission confidentiality is secured simultaneously without escalating the instability of connections caused by the time-varying nature of V2X networks. We derive the theoretical expression of secrecy outage probability and secrecy throughput based on our preliminary analysis of association probability from the stochastic geometry approach. Numerical results demonstrate that the proposed secure transmission scheme outperforms other cooperative jamming schemes in terms of secrecy throughput.","2576-6813","978-1-6654-3540-6","10.1109/GLOBECOM48099.2022.10001684","National Key Research and Development Program of China(grant numbers:2020YFB1807500); ","https://ieeexplore.ieee.org/stamp/stamp.jsp?arnumber=10001684","Cellular vehicle-to-everything;physical layer security;millimeter-Wave;cooperative jamming;jammer selection","Receivers;Probability;Physical layer security;Throughput;Stability analysis;Power system reliability;Security","","11","","11","IEEE","11 Jan 2023","4-8 Dec. 2022","4-8 Dec. 2022","IEEE","IEEE Conferences"
"Foundation Models: From Current Developments, Challenges, and Risks to Future Opportunities","A. Hussain; S. Ali; U. E. Farwa; M. A. I. Mozumder; H. -C. Kim","Dept. of Digital Anti-Aging Healthcare, Inje University, Gimhae, Republic of Korea; Dept. of Digital Anti-Aging Healthcare, Inje University, Gimhae, Republic of Korea; Dept. of Digital Anti-Aging Healthcare, Inje University, Gimhae, Republic of Korea; Dept. of Digital Anti-Aging Healthcare, Inje University, Gimhae, Republic of Korea; College of AI Convergence, Institute of Digital Anti-Aging Healthcare, u-AHRC, Inje University, Gimhae, Korea",2025 27th International Conference on Advanced Communications Technology (ICACT),"28 Mar 2025","2025","","","51","58","Foundation models are a revolutionary technology in the field of artificial intelligence that could usher in an era of transformation in every field with its vision and language understating capabilities while maintaining remarkable performance. Here, we extensively review state-of-the-art foundation models in various fields such as LLMs, GPT, BERT, CLIP, etc. We also demonstrate some famous areas where foundation models are gaining much popularity, such as general foundation models, foundation models in the medical domain, education, law and finance, mathematics, autonomous driving, etc. These foundation models are trained on large-scale data by leveraging the capabilities of self-supervised learning approaches that ensure outperforming accuracy for relevant downstream tasks. They are successful due to pioneering architectural innovations, especially synergistically interleaving transformers and convolutional neural networks. These models have exhibited adaptability and resilience in various data patterns and conditions through sophisticated training paradigms such as self-supervised and supervised learning methods. While they hold transformative potential, they also have many challenges. The scale and quality of training data are still important predictors of model performance, and the need for interpretable and explainable AI systems becomes critically important. We highlight important research opportunities, high-performing computationally efficient and scalable architectures, and approaches to enable multimodal learning capacities. This review sheds light on the current state of foundation models and proposes a roadmap for their successful transitions.","1738-9445","979-11-88428-13-7","10.23919/ICACT63878.2025.10936649","Health; ","https://ieeexplore.ieee.org/stamp/stamp.jsp?arnumber=10936649","Foundation models;self-supervised learning;vision-language models;LLMs;digital pathology foundation models","Training;Technological innovation;Foundation models;Reviews;Computational modeling;Training data;Self-supervised learning;Computer architecture;Data models;Computational efficiency","","10","","86","","28 Mar 2025","16-19 Feb. 2025","16-19 Feb. 2025","IEEE","IEEE Conferences"
"“What's Happening”- A Human-centered Multimodal Interpreter Explaining the Actions of Autonomous Vehicles","X. Luo; F. Ding; R. Chen; R. Panda; J. Loo; S. Zhang","School of Information Technology, Monash University Malaysia, Bandar Sunway, Selangor, Malaysia; School of Information Technology, Monash University Malaysia, Bandar Sunway, Selangor, Malaysia; Paul G. Allen School of Computer Science and Engineering, University of Washington, Seattle, WA, USA; BITS Pilani K K Birla Goa Campus, Goa, India; School of Information Technology, Monash University Malaysia, Bandar Sunway, Selangor, Malaysia; Department of Digital Humanities, King's College London, London, United Kingdom",2025 IEEE/CVF Winter Conference on Applications of Computer Vision Workshops (WACVW),"29 Apr 2025","2025","","","1073","1080","Public distrust of self-driving cars is growing. Studies emphasize the need for interpreting the behavior of these vehicles to passengers to promote trust in autonomous systems. Interpreters can enhance trust by improving trans-parency and reducing perceived risk. However, current so-lutions often lack a human-centric approach to integrating multimodal interpretations. This paper introduces a novel Human-centered Multimodal Interpreter (HMI) system that leverages human preferences to provide visual, textual, and auditory feedback. The system combines a visual interface with Bird's Eye View (BEV), map, and text display, along with voice interaction using a fine-tuned large language model (LLM). Our user study, involving diverse par-ticipants, demonstrated that the HMI system significantly boosts passenger trust in AVs, increasing average trust lev-els by over 8%, with trust in ordinary environments rising by up to 30%. These results underscore the potential of the HMI system to improve the acceptance and reliability of autonomous vehicles by providing clear, real-time, and context-sensitive explanations of vehicle actions.","2690-621X","979-8-3315-3662-6","10.1109/WACVW65960.2025.00129","","https://ieeexplore.ieee.org/stamp/stamp.jsp?arnumber=10972538","","Visualization;Computer vision;Large language models;Conferences;Reliability engineering;Real-time systems;Autonomous automobiles;Prompt engineering","","5","","27","IEEE","29 Apr 2025","28 Feb.-4 March 2025","28 Feb.-4 March 2025","IEEE","IEEE Conferences"
"On the Security of an IoT-based Intelligent Transportation Service","Z. Garofalaki; D. Kallergis","Department of Informatics, University of Piraeus, Greece; Department of Informatics and Computer Eng., University of West Attica, Greece","2019 4th South-East Europe Design Automation, Computer Engineering, Computer Networks and Social Media Conference (SEEDA-CECNSM)","21 Nov 2019","2019","","","1","5","Within the Internet of Things (IoT) ecosystem, an intelligent transportation service may incorporate data sharing with third-party services to enhance fast and accurate decision-making. In essence, this IoT-based transportation service may dynamically adapt an extra-domain one and adjusts several service lifecycle and key-processes, such as the fleet management. The depth of this adaptation can be highlighted by possible changes of the service’s security. However, the literature seems to lack an IoT-based service security assessment which also considers such IoT features. In this work, we rely on the stochastic modeling method to depict the data flow changes in regard to the fleet management using the Petri net ontology. The fleet management process is evaluated in two customised real-life scenarios to highlight how third-party data flow changes can affect this process lifecycle. Then, we assess the security for the two scenarios to estimate the degree in which the service is affected. The modeling process and the security assessment show that the third-party data type is related to the transportation service and the fleet management key-process in terms of their operation and security.","","978-1-7281-4757-4","10.1109/SEEDA-CECNSM.2019.8908369","","https://ieeexplore.ieee.org/stamp/stamp.jsp?arnumber=8908369","IoT;intelligent transportation service;security","Security;Transportation;Internet of Things;Data integration;Decision making;Stochastic processes;Petri nets","","2","","17","IEEE","21 Nov 2019","20-22 Sept. 2019","20-22 Sept. 2019","IEEE","IEEE Conferences"
"An IoT-based Two-Level Authenticated Driving System","K. Kavitha; J. G; T. P. Ranga Vital; C. C. Sekhar; R. Vemala; S. Marpu","Department of CSE-AI&ML, GMR Institute of Technology, Razam, India; Information Technology, Sagi Rama Krishnam Raju Engineering College, Bhimavaram, India; Computer Science and Engineering, Aditya Institute of Technology and Management, Tekkali, India; Information Technology Aditya Institute of Technology and Management, Tekkali, India; Information Technology Aditya Institute of Technology and Management, Tekkali, India; Information Technology Aditya Institute of Technology and Management, Tekkali, India","2025 International Conference on Computing, Intelligence, and Application (CIACON)","9 Oct 2025","2025","","","1","7","In recent years, there has been significant growth in complex electronic computer control systems for vehicles, particularly in the development of smart cars and autonomous vehicles. The term internet of things (IoT) refers to the network of ""things"" in order to connect and exchange data through sensors and softwares without the need for human interaction. This paper targets the critical issue of minors and unlicensed drivers driving vehicles without permission, in order to reduce possible accidents and encourage responsible ownership of vehicles. Driving without a license endangers everyone’s safety since these drivers are ignorant of traffic regulations, safe driving practices, and the fact that they won’t have insurance. Our solution uses Radio Frequency Identification (RFID) technology and biometric fingerprint identification with cloud integration to develop a strict vehicle access control system. These technologies are integrated with an Arduino microcontroller. We have evaluated our system using different metrics like user permission simulation and security alerts. This system provides a safe and efficient way of managing vehicle access, significantly minimizing the risk, with the main aim of permitting only authorized and responsible drivers to drive the bike. This successfully stops minors from using unlawful collisions caused by unlicensed and unskilled drivers.","","979-8-3315-4411-9","10.1109/CIACON65473.2025.11189487","","https://ieeexplore.ieee.org/stamp/stamp.jsp?arnumber=11189487","Arduino uno;RFID;IoT;Authorized Driving System;biometric;vehicle","Access control;Microcontrollers;Fingerprint recognition;Software;Road safety;Safety;Internet of Things;Vehicles;Radiofrequency identification;Accidents","","","","21","IEEE","9 Oct 2025","18-19 July 2025","18-19 July 2025","IEEE","IEEE Conferences"
"Get in Line: Ongoing Co-presence Verification of a Vehicle Formation Based on Driving Trajectories","C. Vaas; M. Juuti; N. Asokan; I. Martinovic","University of Oxford, United Kingdom; Aalto University, Helsinki, Finland; Aalto University, Helsinki, Finland; University of Oxford, United Kingdom",2018 IEEE European Symposium on Security and Privacy (EuroS&P),"9 Jul 2018","2018","","","199","213","Intelligent transportation systems and the advent of smart cities have created a renewed research interest in vehicular networks (VANET). These ad-hoc networks are the key technology for new collaborative approaches to increase the efficiency and safety of our roads. In effect, city-scale field trials are being conducted by major high-tech companies to explore the capabilities and limitations of vehicle-to-infrastructure and vehicle-to-vehicle communication. Initial advances have led to safety enhancing applications like the electronic emergency brake light, cooperative collision avoidance and cooperative adaptive cruise control. In IEEE standard 1609.2, security measures to guarantee the integrity and authenticity of VANET messages are specified. However, physical properties like spatial proximity and driving direction are not considered. These become notably important when vehicles make decisions that concern the safety of users for example to avoid a collision. We propose a novel approach to verify the ongoing copresence of two vehicles. Our method is based on the observation that the trajectory through a road network can be used to uniquely define a vehicle's location as well as its driving direction. Our system provides a protocol to authenticate VANET messages for a group of vehicles driving in succession and to de-authenticate vehicles that have left the formation. To demonstrate the feasibility of trajectories as proof for co-presence, we implemented a smartphone application and conducted driving experiments under real-world conditions. We analyze the road network of several major cities from different continents to show the generalizability of our approach. Additionally, we systematically evaluate the security properties of our system by performing city-scale simulations under realistic conditions.","","978-1-5386-4228-3","10.1109/EuroSP.2018.00022","","https://ieeexplore.ieee.org/stamp/stamp.jsp?arnumber=8406600","VANET;platooning;road train;co-presence verification","Vehicular ad hoc networks;Roads;Security;Trajectory;Safety;Privacy;Protocols","","13","","47","IEEE","9 Jul 2018","24-26 April 2018","24-26 April 2018","IEEE","IEEE Conferences"
"Enhancing Road Safety: A Comparative Study Between UAV-Assisted and Autonomous Vehicles","S. Bouassida; L. Nouveliere; N. Neji; J. Neji","IBISC Laboratory, Université d’Évry- Val-d'Essonne, Université Paris-Saclay, Evry Cédex, France; IBISC Laboratory, Université d’Évry- Val-d'Essonne, Université Paris-Saclay, Evry Cédex, France; IBISC Laboratory, Université d’Évry- Val-d'Essonne, Université Paris-Saclay, Evry Cédex, France; LAMOED Laboratory, ENIT Universit’ de Ťunis El Manar, Tunis, Tunisie","2024 18th International Conference on Control, Automation, Robotics and Vision (ICARCV)","9 Jan 2025","2024","","","1118","1123","The integration of connected autonomous vehicles (CAV) on open roads has gained significant progress in addressing road safety. These vehicles use advanced sensor technology to perceive and react to the road environment, reducing accident risks. Despite these advancements, limitations persist in their perception capabilities. To overcome these limitations, interest is growing in using Unmanned Aerial Vehicles (UAVs) for traffic surveillance, offering extensive coverage and enhanced responsiveness over fixed sensors. In this article, by tackling an optimization problem in road safety using Particle Swarm Optimization (PSO), we particularly focus on a situation where a random flow of vehicles aims to navigate an intersection safely. We compare two scenarios with and without the assistance of an UAV: one where vehicles autonomously manage their speed, and another one where an UAV improve traffic management. Simulation results underscore the pivotal role of drone-assisted vehicles in enhancing road safety, compared to sensors embedded within CAVs. Towards the end of the article, we explore the efficiency of the drone strategy by addressing the issue of delay in the acceptance and implementation of optimal speed instructions, comparing scenarios with and without this delay.","2474-963X","979-8-3315-1849-3","10.1109/ICARCV63323.2024.10821584","","https://ieeexplore.ieee.org/stamp/stamp.jsp?arnumber=10821584","CAV;UAV;drone to vehicle communication (U2V);optimization;road safety;Acceptability;Multi-Agent system","Surveillance;Simulation;Traffic control;Autonomous aerial vehicles;Robot sensing systems;Road safety;Stability analysis;Delays;Safety;Drones","","","","17","IEEE","9 Jan 2025","12-15 Dec. 2024","12-15 Dec. 2024","IEEE","IEEE Conferences"
"Dissociation Between Users’ Explicit and Implicit Attitudes Toward Artificial Intelligence: An Experimental Study","V. Fietta; F. Zecchinato; B. D. Stasi; M. Polato; M. Monaro","Department of General Psychology, University of Padova, Padova, Italy; Department of General Psychology, University of Padova, Padova, Italy; Department of General Psychology, University of Padova, Padova, Italy; Department of Computer Science, University of Turin, Turin, Italy; Department of General Psychology, University of Padova, Padova, Italy",IEEE Transactions on Human-Machine Systems,"17 May 2022","2022","52","3","481","489","The latest developments in the field of artificial intelligence (AI) have given rise to many ethical and socio-economic concerns. Nonetheless, the impact of AI technologies is evident and tangible in our everyday life. This dichotomy leads to mixed feelings toward AI: people recognize the positive impact of AI, but they also show concerns, especially about their privacy and security. In this article, we try to understand whether the implicit and explicit attitudes toward AI are coherent. We investigated explicit and implicit attitudes toward AI by combining a self-report measure and an implicit measure, i.e., the implicit association test. We analyzed the explicit and implicit responses of 829 participants. Results revealed that while most of the participants explicitly express a positive attitude toward AI, their implicit responses seem to point in the opposite direction. Results also show that, in both the explicit and implicit measures, females show a more negative attitude than males, and people who work in the field of AI are inclined to be positive toward AI.","2168-2305","","10.1109/THMS.2021.3125280","","https://ieeexplore.ieee.org/stamp/stamp.jsp?arnumber=9627595","Attitudes toward artificial intelligence (AI);explicit–implicit cognition;implicit association test (IAT);implicit attitudes","Artificial intelligence;Robots;Particle measurements;Cognition;Atmospheric measurements;Task analysis;Production","","75","","65","IEEE","25 Nov 2021","June 2022","","IEEE","IEEE Journals"
"CDBV: A Driving Dataset With Chinese Characteristics From a Bike View","Y. He; H. -B. Yang; S. -J. Wang","Key Laboratory of Behavior Sciences, Institute of Psychology, Chinese Academy of Sciences, Beijing, China; Monash University-Southeast University Joint Research Institute (Suzhou), Southeast University, Nanjing, China; Key Laboratory of Behavior Sciences, Institute of Psychology, Chinese Academy of Sciences, Beijing, China",IEEE Access,"26 Apr 2019","2019","7","","51714","51723","Public datasets are valuable for the development of the learning-based algorithms. In the field of autonomous driving, almost all the existing public datasets are collected by manually driving cars, and most of them are contributed by American and European researchers and represent the traffic scenarios typical for these countries. To diversify the public driving datasets and to provide data support for researches on the self-driving vehicles moving on bike lanes, such as wheelchairs, bikes, and some robots, we present the Chinese Driving from a Bike View (CDBV), which is a driving dataset collected by a bike in Beijing, China. The CDBV dataset contains annotated images, raw videos, and code tools. The annotations are for the object detection tasks and especially focus on the categories with Chinese characteristics, including the express tricycles, the motorbikes specializing in takeouts, the bicycle landmarks, the zebra crossings, and the traffic lights. We totally annotated 40 064 traffic elements in 13 427 images. The CDBV dataset is publicly available at http://www.sujingwang.name/CDBV.html.","2169-3536","","10.1109/ACCESS.2019.2911562","National Natural Science Foundation of China(grant numbers:61772511); Director Fund of National Engineering Laboratory for Public Security Risk Perception and Control by Big Data(grant numbers:18112403); ","https://ieeexplore.ieee.org/stamp/stamp.jsp?arnumber=8693888","Driving dataset;China;autonomous driving;self-driving wheelchair;collected by a bike;object detection","Videos;Autonomous vehicles;Automobiles;Task analysis;Urban areas;Object detection;Motorcycles","","2","","45","OAPA","18 Apr 2019","2019","","IEEE","IEEE Journals"
"Multiple intention tracking by a generalized potential field approach","F. Particke; M. Hiller; L. Patino-Studencki; C. Sippl; C. Feist; J. Thielecke","Friedrich-Alexander-Universität Erlangen-Nurnberg (FAU), Information Technologies, Erlangen, Germany; Friedrich-Alexander-Universität Erlangen-Nurnberg (FAU), Information Technologies, Erlangen, Germany; Friedrich-Alexander-Universität Erlangen-Nurnberg (FAU), Information Technologies, Erlangen, Germany; AUDI AG, Ingolstadt, Germany; Audi AG, Ingolstadt, Bayern, DE; Friedrich-Alexander-Universität Erlangen-Nurnberg (FAU), Information Technologies, Erlangen, Germany","2017 Sensor Data Fusion: Trends, Solutions, Applications (SDF)","4 Dec 2017","2017","","","1","5","Fully automated vehicles and mobile robots operate in a shared environment with pedestrians. To minimize the risk for pedestrians, it is very important to track them in a precise way. As cameras are often installed in surveillance situations, they are used for tracking pedestrians in a shared environment. To improve the accuracy of the tracking, it is necessary to include all available context information in the fusion process. One important information source is the intention of the pedestrian. A generalized potential field is used, which can be modeled using pedestrian movements. When the intention of the person is unknown, different hypotheses for the intention of the pedestrian are considered. A Multi-Hypotheses tracking filter fuses the intention information and the pedestrian position measurements of a camera, whereby the tracking accuracy is improved. The proposed approach is evaluated using real camera data from a simple scenario in Edinburgh Informatics Forum. All results are evaluated in dependence of the measurement quality and the frame rate of the camera. The Multi-Hypotheses based tracking outperforms the simple Kalman filter over the whole range of frame rates and standard deviations.","","978-1-5386-3103-4","10.1109/SDF.2017.8126388","","https://ieeexplore.ieee.org/stamp/stamp.jsp?arnumber=8126388","","Acceleration;Kalman filters;Trajectory;Cameras;Position measurement;Informatics;Tracking","","6","","19","IEEE","4 Dec 2017","10-12 Oct. 2017","10-12 Oct. 2017","IEEE","IEEE Conferences"
"Automotive Knowledge Base for Supporting Vehicle-SOC Analysts","V. S. Barletta; D. Caivano; M. De Vincentiis; A. Pal; F. Volpe","Department of Computer Science, University of Bari Aldo Moro, Bari, Italy; Department of Computer Science, University of Bari Aldo Moro, Bari, Italy; Department of Computer Science, University of Bari Aldo Moro, Bari, Italy; Department of Computer Science, University of Bari Aldo Moro, Bari, Italy; Department of Computer Science, University of Bari Aldo Moro, Bari, Italy","2023 IEEE International Conference on Metrology for eXtended Reality, Artificial Intelligence and Neural Engineering (MetroXRAINE)","1 Feb 2024","2023","","","960","965","With the introduction of more and more ECUs and components in vehicles, the automotive industry is moving towards increasingly connected and autonomous driving. This means not only more functionality available but also an increased risk to vehicle security and driver safety. Therefore, it is necessary to improve the existing solutions and create new techniques and methods not only to detect cyber attacks but also to mitigate and respond with appropriate actions. The paper proposes a Knowledge Base in Automotive to be integrated within a Vehicle Security Operation Center (V-SOC) in order to provide support to analysts in being able to reconstruct the attack kill chain and understand the impact of the attack on other components. The idea is to exploit, at this stage of the research, existing taxonomies in the literature on automotive attacks in order to obtain the classification of existing attacks, the automotive security development process, and the decomposition of incidents that consist of multiple attack steps.","","979-8-3503-0080-2","10.1109/MetroXRAINE58569.2023.10405622","European Union - NextGenerationEU(grant numbers:PE00000014); ","https://ieeexplore.ieee.org/stamp/stamp.jsp?arnumber=10405622","knowledge base;automotive;cybersecurity","Knowledge based systems;Taxonomy;Neural engineering;Safety;Security;Automotive engineering;Vehicles","","4","","25","IEEE","1 Feb 2024","25-27 Oct. 2023","25-27 Oct. 2023","IEEE","IEEE Conferences"
"A Provably Secure Lightweight Authentication Based on Elliptic Curve Signcryption for Vehicle-to-Vehicle Communication in VANETs","H. Shao; C. Piao","College of Computer Science and Technology, Chongqing University of Posts and Telecommunications, Chongqing, China; School of Automation, Chongqing University of Posts and Telecommunications, Chongqing, China",IEEE Transactions on Industrial Informatics,"5 Mar 2024","2024","20","3","3738","3747","In vehicular ad hoc networks, the exchange of safety messages plays a crucial role in transportation efficiency and safety. However, safety messages are generally only signed rather than encrypted when broadcast, which lures malicious attackers to collect sensitive and private data. Obviously, an efficient privacy-preserving signcryption mechanism is essential for the timely and correct acceptance of safety messages. Currently, most state-of-the-art mechanisms satisfy security requirements, but performance is inefficient. Therefore, in this article, we design a provably secure lightweight authentication based on elliptic curve signcryption (EPSLA) for vehicle-to-vehicle communication, which can fulfill batch unsigncryption and a feasible security communication scheme in practical scenarios. The EPSLA scheme ensures security in relation to existential unforgeability against adaptive chosen message attacks and indistinguishability against adaptive chosen ciphertext attacks under the hardness assumption of the elliptic curve discrete logarithm problem in the random oracle model. Performance analysis shows that our scheme significantly performs better than the comparison schemes.","1941-0050","","10.1109/TII.2023.3313527","Chongqing University of Posts and Telecommunications Doctoral Candidate Talent Training(grant numbers:BYJS202208); National Key Research and Development Program of China(grant numbers:SQ2021YFE010559); ","https://ieeexplore.ieee.org/stamp/stamp.jsp?arnumber=10258115","Authentication;blockchain;certificateless signcryption;performance","Security;Phase shift keying;Public key;Safety;Privacy;Blockchains;Authentication","","31","","26","IEEE","22 Sep 2023","March 2024","","IEEE","IEEE Journals"
"Identity-Based Cryptography on IoT devices: balancing security and efficiency for modern use cases","N. O. Gavriilidis; S. T. Halkidis; A. Mjeda; S. Petridou","Department of Applied Informatics, University of Macedonia, Thessaloniki, Greece; Department of Applied Informatics, University of Macedonia, Thessaloniki, Greece; Cyber Skills & Computer Science Department, Munster Technological University, Cork, Ireland; Department of Applied Informatics, University of Macedonia, Thessaloniki, Greece",2024 IEEE Future Networks World Forum (FNWF),"12 Jun 2025","2024","","","273","278","Identity-Based Cryptography (IBC) provides a revolutionary approach to public-key cryptography, since it enables message encryption without the need of previously distributed keys. Using identities, e.g., email addresses or serial numbers, as public keys, IBC simplifies key management and reduces the reliance on certificate authorities providing a promising lightweight solution for modern Internet of Things (IoT) use cases. Moreover, leveraging elliptic curves and pairings as cryptographic building blocks, Identity-Based Encryption (IBE) offers strong security with small key sizes, which makes it even more attractive for resource-constrained IoT devices. This paper evaluates the resource requirements, i.e., execution time and memory, of IBE protocols by conducting experiments on mid-class IoT devices, i.e., Raspberry Pi3B+ and Pi4B+. We provide insights regarding the potential of IBC for sensitive data confidentiality in modern use cases, such as remote patient monitoring, drone-based data collection and Vehicle-to-Vehicle (V2V) communication.","2770-7679","979-8-3503-7949-5","10.1109/FNWF63303.2024.11028814","","https://ieeexplore.ieee.org/stamp/stamp.jsp?arnumber=11028814","Identity-Based Cryptography;Elliptic Curves;Internet of Things;Constrained Devices","Patient monitoring;Data privacy;Identity-based encryption;Protocols;Elliptic curves;Memory management;Vehicular ad hoc networks;Encryption;Electronic mail;Internet of Things","","2","","22","IEEE","12 Jun 2025","15-17 Oct. 2024","15-17 Oct. 2024","IEEE","IEEE Conferences"
"6G-EWOC: Optical Wireless Communication in Support of Autonomous Driving","B. Schrenk; E. Theodoropoulou; G. Lyberopoulos; C. Marcus; O. Eriksson; J. A. Lázaro; J. R. Casas; F. D. Otin; P. García; S. Royo; J. Riu; J. M. Fàbrega","Center for Digital Safety & Security, AIT Austrian Institute of Technology, Vienna, Austria; R&D Fixed and Mobile, Hellenic Telecommunications Organization SA (OTE SA), Athens, Greece; R&D Fixed and Mobile, Hellenic Telecommunications Organization SA (OTE SA), Athens, Greece; Research & Innovation, Magna Electronics, Vårgårda, Sweden; Research & Innovation, Magna Electronics, Vårgårda, Sweden; Signal Theory and Comm. Dept., UPC - Univ. Politècnica de Catalunya, Barcelona, Spain; Signal Theory and Comm. Dept., UPC - Univ. Politècnica de Catalunya, Barcelona, Spain; Signal Theory and Comm. Dept., UPC - Univ. Politècnica de Catalunya, Barcelona, Spain; Beamagine SL, Castellbisbal, Barcelona, Spain; Beamagine SL, Castellbisbal, Barcelona, Spain; Beamagine SL, Castellbisbal, Barcelona, Spain; Packet Optical Networks and Services (PONS), CTTC - Centre Tecnològic de Telecomunicacions de Catalunya, Castelldefels, Barcelona, Spain",2024 IEEE Future Networks World Forum (FNWF),"12 Jun 2025","2024","","","82","87","The road towards an efficient transport infrastructure, which safely operates fully autonomous vehicles in congestion-free traffic flows, is subject to several technological challenges that reach also into the realm of telecommunications. Future 6G networks are required to handle huge amounts of sensor information, both in terms of low-latency communication and real-time data processing. The 6G-EWOC project contributes to this challenge through a concerted use of optical wireless communication and sensing with radio-frequency based cellular technology. Three optical-wireless scenarios are discussed, including (i) instant data exchange between vehicles leveraging their lighting assets for low-latency communication, (ii) the provision of vehicular data off-loading to a fiber-based 6G infrastructure through beamsteering-assisted optical remote radio heads to enable data fusion at the edge cloud, and (iii) the seamless wireless extension of fiber-grade capacity to isolated network segments situated in fiber-scarce brownfields, which is accomplished through transparent optical air interfaces that ensure fiber-grade continuity by preventing a translucent electro-optic termination of the single-mode fiber channel. Another important contribution aims to advance light- and radio-based sensing technologies towards networked versions that offer simultaneous communication and detecting capabilities.","2770-7679","979-8-3503-7949-5","10.1109/FNWF63303.2024.11028710","Horizon Europe; ","https://ieeexplore.ieee.org/stamp/stamp.jsp?arnumber=11028710","Free-space optical communication;Optical antennas;Light emitting diodes;Optical communication terminals;6G","Optical fibers;6G mobile communication;Wireless communication;Optical fiber sensors;Wireless sensor networks;Optical fiber networks;Optical fiber communication;Telecommunications;Low latency communication;Autonomous vehicles","","2","","36","IEEE","12 Jun 2025","15-17 Oct. 2024","15-17 Oct. 2024","IEEE","IEEE Conferences"
"Digital Health for the post-COVID-19 Pandemic in India: Emerging Technologies for Healthcare","A. Ramachandran; S. N. Sarbadhikari","International Institute of Health Management Research Delhi, New Delhi, India; Roster for Digital Health, WHO, New Delhi, India",2021 8th International Conference on Computing for Sustainable Global Development (INDIACom),"3 Jun 2021","2021","","","244","249","COVID-19 has led to unprecedented utilization of digital solutions to combat the pandemic. The purpose of the current article is to present an overview of digital technology adoption to handle COVID in the country and to explore the challenges in its continuous adoption in the current post-COVID era. This work is based on the articles, news and reports collected from literature databases like Pubmed, Ebsco, news reports, and blog and government websites. The results suggest that every aspect from successful identification of the genome component of the virus, timely detection of outbreak, monitoring, containment, risk assessment, prediction, development of vaccines to dissemination of knowledge and information related to COVID-19 is targeted through use of digital tools. Emerging technologies like Artificial Intelligence, Robotics, Artificial Intelligence of Things (AIoT), Blockchain are the focus of innovations. Telemedicine is being used increasingly for consulting. Migrant population, lack of bandwidth, infrastructure, lack of scalability and sustainability of the digital solutions, unavailability of timely information are some of the challenges to adoption. Despite the barriers and challenges, there is still a vast opportunity for the leveraging technology to combat COVID-19 spread in the country with National Digital Health Mission (NDHM), Atma Nirbhar Bharat Scheme and booming entrepreneurship models. Moreover the learnings from COVID should be utilized for improving health outcomes in the post-pandemic era.","","978-93-80544-43-4","","","https://ieeexplore.ieee.org/stamp/stamp.jsp?arnumber=9441465","Artificial Intelligence of Things;Blockchain;Digital Health Technologies;Emerging Technologies in Healthcare;NDHM;Post Pandemic Digital Health;Robotics;Telemedicine","COVID-19;Technological innovation;Pandemics;Telemedicine;Government;Tools;Electronic healthcare","","2","","55","","3 Jun 2021","17-19 March 2021","17-19 March 2021","IEEE","IEEE Conferences"
"DRIVE: Dependable Robust Interpretable Visionary Ensemble Framework in Autonomous Driving","S. Lai; T. Xue; H. Xiao; L. Hu; J. Wu; N. Feng; R. Guan; H. Liao; Z. Li; Y. Yue","The Hong Kong University of Science and Technology, Guangzhou; The Hong Kong University of Science and Technology, Guangzhou; Tongji University; King Abdullah University of Science and Technology; The Hong Kong University of Science and Technology, Guangzhou; The Hong Kong University of Science and Technology, Guangzhou; The Hong Kong University of Science and Technology, Guangzhou; University of Macau; University of Macau; The Hong Kong University of Science and Technology, Guangzhou",2025 IEEE International Conference on Robotics and Automation (ICRA),"2 Sep 2025","2025","","","3734","3736","Recent advancements in autonomous driving have seen a paradigm shift towards end-to-end learning paradigms, which map sensory inputs directly to driving actions, thereby enhancing the robustness and adaptability of autonomous vehicles. However, these models often sacrifice interpretability, posing significant challenges to trust, safety, and regulatory compliance. To address these issues, we introduce DRIVE – Dependable Robust Interpretable Visionary Ensemble Framework in Autonomous Driving, a comprehensive framework designed to improve the dependability and stability of explanations in end-to-end unsupervised autonomous driving models. Our work specifically targets the inherent instability problems observed in the Driving through the Concept Gridlock (DCG) model, which undermine the trustworthiness of its explanations and decisionmaking processes. We define four key attributes of DRIVE: consistent interpretability, stable interpretability, consistent output, and stable output. These attributes collectively ensure that explanations remain reliable and robust across different scenarios and perturbations. Through extensive empirical evaluations, we demonstrate the effectiveness of our framework in enhancing the stability and dependability of explanations, thereby addressing the limitations of current models. Our contributions include an in-depth analysis of the dependability issues within the DCG model, a rigorous definition of DRIVE with its fundamental properties, a framework to implement DRIVE, and novel metrics for evaluating the dependability of concept-based explainable autonomous driving models. These advancements lay the groundwork for the development of more reliable and trusted autonomous driving systems, paving the way for their broader acceptance and deployment in real-world applications. “We can only see a short distance ahead, but we can see plenty there that needs to be done.” – Alan Turing","","979-8-3315-4139-2","10.1109/ICRA55743.2025.11127884","","https://ieeexplore.ieee.org/stamp/stamp.jsp?arnumber=11127884","","Measurement;Analytical models;Perturbation methods;Stability criteria;Power system stability;Robustness;Safety;Robotics and automation;Autonomous vehicles;Standards","","2","","43","IEEE","2 Sep 2025","19-23 May 2025","19-23 May 2025","IEEE","IEEE Conferences"
"Enhancing Real-time Facial Sentiment Recognition Systems through Deep Learning Architectures","K. Geetha Rani; R. Selvaraj; A. Swaminathan; R. Surendran","Department of Computer Science and Engineering, Jain (Deemed to be University), Bangalore, India; Department of Data Science, Middlesex University (Dubai Campus), Dubai, United Arab Emirates; Department of Data Science, Middlesex University (Dubai Campus), Dubai, United Arab Emirates; Department of Computer Science and Engineering, Saveetha School of Engineering, Saveetha Institute of Medical and Technical Sciences, Chennai, India",2024 2nd International Conference on Self Sustainable Artificial Intelligence Systems (ICSSAS),"28 Nov 2024","2024","","","519","524","Facial Emotion Recognition (FER) has emerged as a pivotal domain within computer vision, with applications spanning diverse fields such as human-computer interaction, mental health monitoring, and security systems. While significant strides have been made in recent years, accurate recognition of nuanced emotions, particularly fear, remains a challenging task. This research contributes to the advancement of FER technology, paving the way for more sophisticated and empathetic human-computer interactions. By discussing about the reliable and efficient methods for real-time fear detection, this study enables the potential to revolutionize various applications, including mental health monitoring, security surveillance, and autonomous vehicles.","","979-8-3503-6841-3","10.1109/ICSSAS64001.2024.10760738","","https://ieeexplore.ieee.org/stamp/stamp.jsp?arnumber=10760738","Facial sentiment recognition;EMOTIC dataset;data preprocessing;machine learning baselines;effectiveness;facial emotion recognition","Human computer interaction;Emotion recognition;Accuracy;Face recognition;Surveillance;Transfer learning;Mental health;Real-time systems;Security;Videos","","1","","20","IEEE","28 Nov 2024","23-25 Oct. 2024","23-25 Oct. 2024","IEEE","IEEE Conferences"
"Testing the Validity of Multiparticipant Distributed Simulation for Understanding and Modeling Road User Interaction","A. H. Kalantari; Y. -S. Lin; A. Mohammadi; N. Merat; G. Markkula","Institute for Transport Studies, University of Leeds, Leeds, U.K.; Institute for Transport Studies, University of Leeds, Leeds, U.K.; Department of Mechanics and Maritime Sciences, Chalmers University of Technology, Göteborg, Sweden; Institute for Transport Studies, University of Leeds, Leeds, U.K.; Institute for Transport Studies, University of Leeds, Leeds, U.K.",IEEE Transactions on Human-Machine Systems,"10 Oct 2025","2025","55","5","865","875","Understanding driver–pedestrian interactions at unsignalized locations has gained additional importance due to recent advancements in vehicle automation. Naturalistic observations can only provide correlational data of limited value for understanding and modeling the mechanisms underlying road user interaction. Therefore, controlled studies in virtual reality (VR) are an important complement, but conventional methods can only accommodate a single human participant. Recently, there has been some interest in studying interactions in VR, by means of distributed simulation, involving multiple human participants. However, there is a lack of validation of this method. Here, we provide a validation study, focusing on a distributed vehicle–pedestrian interaction setup, where pairs of one driver and one pedestrian interacted under various kinematic conditions in a connected virtual environment. To test the validity of the distributed simulation, we used a naturalistic dataset collected in the same U.K. city, at similar locations, and compared the observed behavior between the two settings. Our results indicate a good relative validity of the simulator study, where road users showed similar nonverbal communication behavior in both datasets. As an additional means of validation, we also leveraged a set of game theoretic models that were developed based on the simulator studies, and found that when applied to the naturalistic dataset, we obtained similar (although not identical) model selection results. The findings suggest that distributed simulation can also be useful for development of computational models of interaction. Overall, the findings suggest that distributed simulation can be a highly valuable tool for studying and modeling road user interactions.","2168-2305","","10.1109/THMS.2025.3591506","European Commission’s Horizon 2020 Framework Programme; SHAPE-IT project(grant numbers:860410); UK Engineering and Physical Sciences Research Council(grant numbers:EP/S005056/1); ","https://ieeexplore.ieee.org/stamp/stamp.jsp?arnumber=11119313","Behavioral sciences;decision making;human–computer interaction;mathematical models;vehicle driving","Pedestrians;Vehicles;Safety;Mathematical models;Urban areas;Ethics;Automation;Behavioral sciences;Decision making;Human computer interaction","","1","","50","IEEE","7 Aug 2025","Oct. 2025","","IEEE","IEEE Journals"
"First Responder Communication Systems: A Technical Analysis of Interoperability and Situational Awareness Optimization","S. Majumdar; A. Awasthi; S. E. Kirkley","Concordia Institute of Info Systems Eng, Concordia University, Montréal, Quebec, Canada; Concordia Institute of Info Systems Eng, Concordia University, Montréal, Quebec, Canada; IU RedLab, Indiana University Bloomington, Bloomington, IN",2025 IEEE 15th Annual Computing and Communication Workshop and Conference (CCWC),"5 Mar 2025","2025","","","00331","00339","This research examines the critical challenges and technical requirements of communication systems for first responders, including law enforcement, fire services, and emergency medical services (EMS). It identifies limitations in current systems, such as interoperability barriers, outdated radio infrastructure, and inadequate real-time data integration. Emerging technologies, including IoT-enabled autonomous vehicles (AVs), 5G communication networks, and Vehicle-to-Everything (V2X) protocols, are analyzed for their potential to address these issues. These advancements offer enhanced real-time geolocation accuracy, improved situational awareness, and seamless multi-agency information exchange. The findings highlight key technical obstacles and provide insights into how innovative solutions can enhance the operational efficiency, reliability, and safety of first responder communication systems.","","979-8-3315-0769-5","10.1109/CCWC62904.2025.10903555","","https://ieeexplore.ieee.org/stamp/stamp.jsp?arnumber=10903555","Public Safety Communications;Situational Awareness;Public Safety Operations;First Responder Communication;Geolocation Tracking;Emergency Response;Advanced Communication Systems;5G Networks;IoT Devices","Protocols;5G mobile communication;Law enforcement;Medical services;Real-time systems;Public security;Reliability;Internet of Things;Interoperability;Testing","","","","53","IEEE","5 Mar 2025","6-8 Jan. 2025","6-8 Jan. 2025","IEEE","IEEE Conferences"
"Human-Factor focused Application of STPA to Remotely driven Vehicles","O. Hans; K. Radlak; J. Adamy","Department of Control Methods and Intelligent Systems, Technical University of Darmstadt, Düsseldorf, Germany; Institute of Computer Science, Warsaw University of Technology, Warsaw, Poland; Department of Control Methods and Intelligent Systems, Technical University of Darmstadt, Düsseldorf, Germany",2024 IEEE World Forum on Public Safety Technology (WFPST),"30 Jul 2024","2024","","","120","125","This paper presents an analysis of the safety aspects of a Remote Driving System (RDS) using the System-Theoretic Process Analysis (STPA) methodology. The focus is on the human Remote Driver (RD) within the RDS, considering losses and system-level hazards associated with the human-in-the-loop scenario which focuses on the RD actions related to the change in Steering Wheel Angle (SWA). The STPA methodology is applied to identify Unsafe Control Actions (UCA) related to the change in SWA command, resulting in the identification of numerous Causal Factors (CF) that may lead to hazardous scenarios. Several UCAs and CFs are identified that provide information on potential hazards and risks associated with remote driving technology. Based on a selected UCA where the RD does not change the SWA when the road network requires lateral movement, 25 potential loss scenarios were identified and presented in this paper. The results of this work can contribute to the understanding of potential risks and the development of safety mitigation measures in the context of RDS which need to be validated in further research.","","979-8-3503-2914-8","10.1109/WFPST58552.2024.00026","","https://ieeexplore.ieee.org/stamp/stamp.jsp?arnumber=10606997","Remote operator;remote driving;STPA;risk analysis;human controller","Roads;Prevention and mitigation;Wheels;Hazards;Public security;Human in the loop;Behavioral sciences","","5","","34","IEEE","30 Jul 2024","14-15 May 2024","14-15 May 2024","IEEE","IEEE Conferences"
"Recent Trends on Artificial Intelligence-Enabled Internet of Things Platform and Standard Technologies","J. Lee; A. Abid; F. Le Gall; J. Song","Sejong University, Seoul, Korea; EGM, Valbonne, France; EGM, Valbonne, France; Sejong University, Seoul, Korea",2022 IEEE 8th World Forum on Internet of Things (WF-IoT),"22 Jun 2023","2022","","","1","6","Artificial intelligence (AI), Internet of Things (IoT), and cloud computing are regarded as the core technologies of a variety of state-of-the-art technologies having disruptive innovation that are intended to lead the 4th Industrial Revolution. A common point shared by the services that utilise the three technologies, such as smart city, autonomous vehicles, unmanned aerial vehicles, and smart factory, is that they are all services related to data. That is, data lie at the heart of future technologies. However, there are still challenges in the development of efficient services and technologies due to the absence of standards for data collected in a variety of domains. Therefore, in this study, we examine the latest trends in the development of international standards for the management of data in support of AI services and technologies led by oneM2M, which is a global initiative for the development of international standards for IoT and cloud platforms. More specifically, the trends include the development of common functions in support of AI technology, standard technologies for the support of data licence management, support for data compliance with privacy protection regulations, and semantic functions for metadata management in support of AI/machine learning.","","978-1-6654-9153-2","10.1109/WF-IoT54382.2022.10152226","Ministry of Science and ICT (MSIT); Institute for Information & Communications Technology Planning & Evaluation(IITP); ","https://ieeexplore.ieee.org/stamp/stamp.jsp?arnumber=10152226","AI;IoT platform;oneM2M;machine learning;data licence management","Cloud computing;Smart cities;Semantics;Training data;Market research;Regulation;Internet of Things","","4","","11","IEEE","22 Jun 2023","26 Oct.-11 Nov. 2022","26 Oct.-11 Nov. 2022","IEEE","IEEE Conferences"
"Christine the Murderer Artificial Intelligence","G. Kiss","Institute of Mechanical Engineering and Security Science, Obuda University, Budapest, Hungary","2022 8th International Conference on Control, Decision and Information Technologies (CoDIT)","30 Jun 2022","2022","1","","1427","1431","We read about the results of artificial intelligence research almost every day in magazines, on social media portals and in news reports. The topic of self-driving vehicles is also coming up more and more often in the media, beyond the professional circles, more often in connection with an accident. The successful implementation of self-driving cars is unthinkable without artificial intelligence. In this article, we present techniques to confuse artificial intelligence in self-driving vehicles, to force it to make a decision that could cause an accident. At the end of the paper, we outline how to create murderer artificial intelligence in self-driving vehicles that could pose a threat not only to the occupants of the vehicle, but also to their environment.","2576-3555","978-1-6654-9607-0","10.1109/CoDIT55151.2022.9803913","","https://ieeexplore.ieee.org/stamp/stamp.jsp?arnumber=9803913","artificial intelligence;murder;self-driving vehicles;dangerous;confused","Economics;Social networking (online);Decision making;Force;Media;Hazards;Artificial intelligence","","","","30","IEEE","30 Jun 2022","17-20 May 2022","17-20 May 2022","IEEE","IEEE Conferences"
"A Novel Approach of Data-Driven Strategic Decision-Making in Management: AI-Enabled Analysis of Market Trends, Competitive Intelligence, and Internal Performance Data","S. Umamaheswari; A. Valarmathi; D. Paul Dhinakaran; C. Vijai; S. Sathyakala; M. R. Lakshmi","Vivekananda Institute of Management Studies, Coimbatore; Vivekananda Institute of Management Studies, Coimbatore; Department of Commerce, JayagovindHarigopal Agarwal Agarsen College (Affiliated to University of Madras) Madhavaram, Chennai, Tamilnadu; Department of Commerce and Business Administration, Vel Tech Rangarajan Dr. Sagunthala R&D Institute of Science and Technology, India; Department of Management Studies, Sona College of Technology, Salem; JayagovindHarigopal Agarwal Agarsen College, (Affiliated to University of Madras) Madhavaram, Chennai",2024 Ninth International Conference on Science Technology Engineering and Mathematics (ICONSTEM),"28 Jun 2024","2024","","","1","5","The term “artificial intelligence” (AI) refers to a wide range of technologies that provide businesses with a variety of benefits, which in turn contribute to increased income. Artificial intelligence (AI) has become increasingly popular among organizations in recent years as a means of generating economic value. This trend can be attributed to the abundance of data and the significant rise in processing capabilities that have occurred in recent years. However, businesses are still facing challengesin implementing and utilizing AI in their normal life operations. The entire influence of AI is examined in this paper, from invention and research through application. The effect of eminent scholastic accomplishments and improvements in the field of artificial intelligence (simulated intelligence) on business venture and the overall market is examined in this review. The examination likewise makes a commitment to the investigation of the factors driving simulated intelligence's turn of events. The examination of computer based intelligence related innovative undertakings is directed by two records containing the main 200 man-made intelligence new businesses. The examination's determinations will prompt a superior comprehension of the headways and impacts of artificial intelligence on endeavors and society at large. Furthermore, a more profound understanding of how computer based intelligence can reform organization tasks and the worldwide economy will be acquired.","","979-8-3503-6509-2","10.1109/ICONSTEM60960.2024.10568724","","https://ieeexplore.ieee.org/stamp/stamp.jsp?arnumber=10568724","Decision making;Artificial Intelligence (AI);Competitive Intelligence;Management;Data Driven Strategy","Technological innovation;Reviews;Medical services;Network security;Market research;Mathematics;Artificial intelligence","","","","13","IEEE","28 Jun 2024","4-5 April 2024","4-5 April 2024","IEEE","IEEE Conferences"
"Android Automotive for Software-Defined Vehicles: An Assessment of Capabilities, Limitations, and Future Directions","J. Stümpfle; A. K. V. Narla; N. Jazdi; M. Weyrich","Institute of Industrial Automation and Software Engineering, University of Stuttgart, Stuttgart, Germany; Institute of Industrial Automation and Software Engineering, University of Stuttgart, Stuttgart, Germany; Institute of Industrial Automation and Software Engineering, University of Stuttgart, Stuttgart, Germany; Institute of Industrial Automation and Software Engineering, University of Stuttgart, Stuttgart, Germany",2025 IEEE International Automated Vehicle Validation Conference (IAVVC),"11 Nov 2025","2025","","","1","6","The automotive industry is rapidly shifting towards software-defined vehicles (SDVs), with automotive operating systems becoming central to system integration. Android Automotive Operating System (AAOS) has gained significant adoption from manufacturers due to its developer ecosystem, Over-the-Air capabilities, and Hardware Abstraction Layer that decouples software from hardware. Despite its growing industry presence, a gap exists in academic research examining AAOS's role in the SDV transformation. This paper provides a technical assessment of AAOS through code analysis, architecture review, and implementation on an intelligent cockpit platform. We examine AAOS's potential beyond infotainment to more integral roles in automotive architecture, identifying both strengths—software flexibility, scalability, and cloud integration—and limitations—realtime performance constraints, Google ecosystem dependency, and safety-critical function capabilities. Our contributions include a systematic architecture review focused on HAL implementation, identification of technical limitations for broader automotive applications, documentation of implementation challenges through our case study, and extended architecture components addressing identified limitations. This research informs both academic discourse and industry practice regarding AAOS's role in the evolution towards fully software-defined vehicles.","","979-8-3315-2526-2","10.1109/IAVVC61942.2025.11219511","Chips Joint Undertaking(grant numbers:101139789); ","https://ieeexplore.ieee.org/stamp/stamp.jsp?arnumber=11219511","Software Defined Vehicles;Android Automotive OS;Vehicle Abstraction Layer;Survey","Industries;Technical management;Systematics;Reviews;Operating systems;Wireless networks;Ecosystems;Software;Hardware;Automotive engineering","","","","14","IEEE","11 Nov 2025","30 Sept.-2 Oct. 2025","30 Sept.-2 Oct. 2025","IEEE","IEEE Conferences"
"A Socio-Technical Approach for Resilient Connected Transportation Systems in Smart Cities","T. Roy; A. Tariq; S. Dey","Department of Electrical Engineering, University of Colorado Denver, Denver, CO, USA; BMI Department, Emory University, Atlanta, GA, USA; Department of Electrical Engineering, University of Colorado Denver, Denver, CO, USA",IEEE Transactions on Intelligent Transportation Systems,"30 May 2022","2022","23","6","5019","5028","Connected transportation systems in smart cities can be regarded as Cyber-Physical-Social Systems (CPSSs) or Socio-Technical Systems (STSs) due to the presence of connectivity and complex interaction between human and technological infrastructure. Safety and security are essential requirements for such transportation CPSS. Specifically, resilience against cyber-attacks is crucial to address the vulnerabilities of Information and Communication Technologies (ICT) within the infrastructure. In this work, we explore a cyber-attack detection paradigm that leverages the socio-technical nature of such transportation CPSS. Essentially, we exploit the redundancies between physical signals (received from vehicle and infrastructure sensors) and social signals (received from consumers’ mobile devices and social media) to detect cyber-attack occurrences. The proposed scheme is developed combining system and control theoretic tools and natural language processing techniques. A case study of a vehicular platoon is considered on which extensive simulation studies have been performed. Such simulation results under different types of cyber-attacks illustrate the promising nature of the proposed approach.","1558-0016","","10.1109/TITS.2020.3045854","Office of Research Services at University of Colorado Denver; ","https://ieeexplore.ieee.org/stamp/stamp.jsp?arnumber=9312453","Connected vehicles;cyber-attacks;security;resilience","Transportation;Social networking (online);Mobile handsets;Security;Communication networks;Vehicle-to-infrastructure;Smart cities","","27","","26","IEEE","1 Jan 2021","June 2022","","IEEE","IEEE Journals"
"Design of a Novel Priority Mux Based Indoor Autonomous Surveillance Robot","S. Mythri; N. G. Bharadwaj; N. Pai; Ashwini; N. S. Soraganvi; B. N. Krupa","Electronics and Communication Engineering, PES University, Bangalore, India; Electronics and Communication Engineering, PES University, Bangalore, India; Electronics and Communication Engineering, PES University, Bangalore, India; Electronics and Communication Engineering, PES University, Bangalore, India; Electronics and Communication Engineering, PES University, Bangalore, India; Electronics and Communication Engineering, PES University, Bangalore, India",2023 IEEE International Conference on Automatic Control and Intelligent Systems (I2CACIS),"31 Jul 2023","2023","","","292","297","Bank robberies have exacerbated with time. It is a daunting task to monitor the banks for human-based security, considering long hours. Autonomous surveillance robots, in such situations, are beneficial to patrol a particular environment by collecting data with an electronic payload. DRISHTI, the proposed robot model designed using Robot Operating System (ROS), includes facial recognition to raise an alert if any suspect is detected, and human tracking is implemented during night patrolling. An Intrusion Alarm Panel (IAP) is employed using external sensors to detect any unethical breaking of the vault in addition to the anti-theft feature. The robot surveillance is aided by autonomous patrolling using Cartographer-based Simultaneous Localization and Mapping (SLAM). The accuracy of the generated map of the prototype is found to be 95.31% with respect to the corresponding ground truth. The design of a novel priority mux is proposed to integrate the surveillance functionalities with the navigation node. The alert velocity command node is made to override the navigation velocity commands with a 10 times priority ratio using the novel priority mux with a latency of less than one millisecond.","","979-8-3503-2130-2","10.1109/I2CACIS57635.2023.10193057","","https://ieeexplore.ieee.org/stamp/stamp.jsp?arnumber=10193057","ROS;Surveillance;Autonomous Navigation;IAP","Vibrations;Simultaneous localization and mapping;Navigation;Surveillance;Heuristic algorithms;Face recognition;Sockets","","1","","15","IEEE","31 Jul 2023","17-17 June 2023","17-17 June 2023","IEEE","IEEE Conferences"
"AI Forensics","S. Lefcourt; G. Falco","Institute for Assured Autonomy, Johns Hopkins University, Baltimore, USA; Institute for Assured Autonomy, Johns Hopkins University, Baltimore, USA",2023 IEEE International Conference on Assured Autonomy (ICAA),"10 Aug 2023","2023","","","106","114","Artificial intelligence is now a daily topic of public discussion. Not only are intelligent systems such as autonomous vehicles taking the streets, but recommendation algorithms are shaping human behavior. While AI offers a significant increase in efficiency, it can also indirectly cause harm to humans by replacing jobs, violating privacy and even threatening autonomy. To keep track of these cases in which AI has negative implications on a human, databases of AI incidents have been created. We extend this idea of AI incidents to not only include times whereby an AI system caused a real-world harm, but also when it introduces a benefit. Prior work in adjacent fields has defined taxonomies and standard procedures for root cause analysis, digital forensics, AI risk management, and more. Despite these frameworks, there is no means to investigate an AI system to discover the root cause of an incident. We aim to evaluate the body of knowledge that leads to introducing the field of AI Forensics. AI forensics can serve as a postmortem analysis of AI incidents to discover the primary harm catalyst.","","979-8-3503-2601-7","10.1109/ICAA58325.2023.00023","National Institute of Standards and Technology; ","https://ieeexplore.ieee.org/stamp/stamp.jsp?arnumber=10207613","Artificial Intelligence;Human-Centered AI;Trustworthy AI;Forensics;AI;HCI","Root cause analysis;Privacy;Databases;Catalysts;Taxonomy;Digital forensics;Risk management","","","","63","IEEE","10 Aug 2023","6-8 June 2023","6-8 June 2023","IEEE","IEEE Conferences"
"INGR Roadmap Edge Services and Automation Chapter","M. Patwary; P. Ramchandran; S. Tibrewala; T. K. Lala; F. Kautz; E. Coronado; R. Riggio; S. Ganugapati; S. Ranganathan; L. Liu; G. Giambene; Z. Sun; M. Borst; B. Kolaz; A. Dutta; C. -M. Chen; M. Bhandaru","Birmingham City School of Computing; eMerging Open Tech Foundation; Byte-Dance; ZcureZ Founder; SVP Engineering @ TestifySec; i2CAT; i2CAT; AT&T; Intel; Wayne State University; University of Siena, Italy; University of Surrey, UK; IEEE Future Network Directions; IEEE Future Network Directions; APL, IEEE Future Networks; IEEE Future Networks; Intel",2023 IEEE Future Networks World Forum (FNWF),"13 May 2024","2023","","","1","68","This third edition (2023) continues to reflect the Edge service roadmap and journey with evolving key drivers and developments. It replaces the two earlier versions. 5G deployments have reached critical markets and are fast evolving towards 6G promising higher performance and near sub-millisecond latency. Higher automation in use cases fueled by AI (e.g. like ChatGPT) is expected to be the core of future applications and services. The service providers have started re-focusing on use cases that can leverage the new and improved capabilities for better average revenue per unit (ARPU) for both consumers and enterprises. Some of the edge relevant Service oriented use cases are based on key constraints (low latency, high throughput, low jitter) ▪Industrial Internet of Things (IIoT) Industry 4.0 ▪Vehicle to anything - V2X (autonomous vehicle / intelligent transportation / traveling edge) ▪Telehealth / telemedicine / remote diagnostics ▪Content delivery (with caching, real time, rich media internet applications) ▪Ad hoc, temporary or on as needed mission specific edge services (emergency, ad hoc major events, DoD combat mission, and more) ▪Enabling sustainable development edge applications. Key elements of the edge-inspired infrastructure to support such services may be noted as follows: ▪Enabling edge with AIML, e.g., OpenAI / *ChatGPT ▪Radio-based Multi-Access Edge (MEC) to provide different services ▪Real-time / near real time enabled radio control, management, and xApps based on O-RAN ▪Constraint-based edge infrastructure to optimize power, form factor, and updates to NFV-SDN with the IoT middleware standards OneM2M from ETSI to cover IoT applications ▪The focus on data privacy, security, data “localization and analytics” ▪Intelligent edge microservices and applications deployed using newer infrastructure components from Semiconductor innovations e.g. DPU, IPU, etc. ▪MEC and 5G integration to support location-based edge platform API adaption ▪Small cells and private B5G networks We classify platform aspects with Edge Platform Framework (EPF) and Services with Edge Service Framework (ESF) updates and overall aspects as Edge Service and Platform Framework (ES&PF) for an integrated view.","2770-7679","979-8-3503-2458-7","10.1109/FNWF58287.2023.10520517","","https://ieeexplore.ieee.org/stamp/stamp.jsp?arnumber=10520517","","Technological innovation;Automation;Telemedicine;Throughput;Real-time systems;US Department of Defense;Sustainable development;Vehicle-to-everything;Standards;Vehicles","","9","","47","IEEE","13 May 2024","13-15 Nov. 2023","13-15 Nov. 2023","IEEE","IEEE Conferences"
"Computational Intelligence and Its Transformative Influence","J. A P; A. Shankar; A. Narayan; M. T. R; P. Gaur; S. S. Kumar","Dept. of CSE, Faculty of Engineering &Technology, Ramaiah University of Applied Sciences, Bengaluru, Karnataka, India; Dept. of CSE, Branch AI & ML Faculty of Engineering &Technology, Ramaiah University of Applied Sciences, Bengaluru, Karnataka, India; Dept. of CSE, Branch AI & ML Faculty of Engineering &Technology, Ramaiah University of Applied Sciences, Bengaluru, Karnataka, India; Dept. of CSE, Branch AI & ML Faculty of Engineering &Technology, Ramaiah University of Applied Sciences, Bengaluru, Karnataka, India; Dept. of CSE, Branch AI & ML Faculty of Engineering &Technology, Ramaiah University of Applied Sciences, Bengaluru, Karnataka, India; Dept. of CSE, Branch CSE, Faculty of Engineering &Technology, Ramaiah University of Applied Sciences, Bengaluru, Karnataka, India",2024 IEEE 9th International Conference for Convergence in Technology (I2CT),"10 Jun 2024","2024","","","1","7","Computational intelligence is reshaping industries such as healthcare, finance, transportation, and manufacturing, with the increasing sophistication of artificial intelligence driving substantial market growth. The Comprehensive Brain Function Simulation (CBFS) Model leverages computational intelligence to study the human brain, advancing our understanding of cognition and enabling the simulation of neurological disorders. Neural networks are pivotal in machine learning, powering tasks like image recognition and decision- making. Game theory models offer insights into rational decision-making, applicable in economics, politics, and social sciences. Agent-Based Financial Models simulate financial markets, analyzing dynamics and trading strategies. This study underscores computational intelligence's transformative potential, emphasizing innovation and problem-solving across diverse sectors. The burgeoning computational intelligence market and the use of models like brain function simulation, machine learning, game theory, and financial analysis herald a new era of possibilities in the field.","","979-8-3503-9447-4","10.1109/I2CT61223.2024.10543715","","https://ieeexplore.ieee.org/stamp/stamp.jsp?arnumber=10543715","Computational Intelligence;Advanced Algorithms;Machine Learning;Healthcare;Optimization Processes;AI Technologies;Brain Function Simulation;Neural Networks;Game Theory Model","Industries;Computational modeling;Social sciences;Transportation;Machine learning;Medical services;Brain modeling","","3","","31","IEEE","10 Jun 2024","5-7 April 2024","5-7 April 2024","IEEE","IEEE Conferences"
"Flying Communication Server in case of a Largescale Disaster","T. Kobayashi; H. Matsuoka; S. Betsumiya","Graduate School of Engineering, Nagasaki University, Nagasaki, Japan; Graduate School of Engineering, Nagasaki University, Nagasaki, Japan; Graduate School of Engineering, Nagasaki University, Nagasaki, Japan",2016 IEEE 40th Annual Computer Software and Applications Conference (COMPSAC),"25 Aug 2016","2016","2","","571","576","We have developed a Flying Communication Server, which is a drone, unmanned aerial vehicle (UAV), equipped with a single board computer implemented in a Wi-Fi base station, a Web server and a WebRTC server. With this system, even in situations in which the cellular telephony network/public wireless network have been collapsed due to a large-scale disaster, users who have their own private smart devices such as smart phones will be able to share the video of an affected area from the sky, exchange the text chat asynchronously, and execute the real-time video communication. In order to make it possible, we proposed three communication layers architecture based on Wi-Fi standard technologies and Web technologies. In this study, we have checked a range of connectivity of the Flying Communication Server such as Wi-Fi distance, frame rate to distribute video stream, and concurrent connection user numbers. We have also evaluated the text chat and the real-time video communication availability. Then, we have confirmed the effectiveness of the Flying Communication Server concerning to information sharing and asynchronous/realtime communication in case of a large-scale disaster.","0730-3157","978-1-4673-8845-0","10.1109/COMPSAC.2016.117","","https://ieeexplore.ieee.org/stamp/stamp.jsp?arnumber=7552275","Drone;UAV;Single Board Computer;Communication Server;WebSocket;WebRTC;Disaster","Servers;IEEE 802.11 Standard;Streaming media;Smart devices;Cameras;Smart phones;Computers","","16","","14","IEEE","25 Aug 2016","10-14 June 2016","10-14 June 2016","IEEE","IEEE Conferences"
"Secure CAN for Connected Vehicles","T. Dee; A. Tyagi","Electrical & Computer Engineering, Iowa State University, Ames, IA, USA; Electrical & Computer Engineering, Iowa State University, Ames, IA, USA",2020 IEEE 6th World Forum on Internet of Things (WF-IoT),"13 Oct 2020","2020","","","1","6","A Controller Area Network (CAN) bus facilitates real time data/command transfer over small distances. It is frequently used in automotive, off-road, and industrial environments with several IoT nodes connected to it. Control messages with commands can cause an actuator to perform some action. An adversary might observe the control message and subsequent action. Injecting the control message at a later time (replay attack) should not replay the same action. Unfortunately current CAN protocol provides no protection against such attacks. Third party components may reverse engineer messaging protocols to gain control over critical systems resulting in dangerous system malfunctions. In a connected vehicle ecosystem, these attacks can also originate at peer vehicles with transactions coming in through one of the IoT nodes on the CAN bus. The proposed solution is to verify the integrity and authenticity of messages. Verifying the integrity of a freshness value appended to messages prevents replay attacks. Authenticity guarantees messages do not come from a malicious party. A keyed hash function using a shared secret key enables authenticated messages. The challenges are: (1) establishing a shared secret and (2) synchronizing a freshness value. Past standards limit CAN message sizes to 8 bytes. New standards (CAN-FD) allow for longer messages. We propose appending 8 bytes to messages to provide integrity and authenticity. Nodes require a shared key and freshness value for creating these bytes. Many scenarios require shared key renegotiation. The shared key is negotiated using Elliptic Curve Cryptography (ECC) infrastructure. Protocols are developed for establishing a shared key and synchronizing a freshness value. Protocol correctness is verified through simulations.","","978-1-7281-5503-6","10.1109/WF-IoT48130.2020.9221400","","https://ieeexplore.ieee.org/stamp/stamp.jsp?arnumber=9221400","","Protocols;Connected vehicles;Elliptic curve cryptography;Real-time systems;Peer-to-peer computing;Safety;Security","","4","","20","IEEE","13 Oct 2020","2-16 June 2020","2-16 June 2020","IEEE","IEEE Conferences"
"Resilient Scheduling of Real-Time Cyber-Physical Systems Against Memory-Corruptions","A. Al Arafat; K. Wilson; S. Vaidhun; B. C. Ward; Z. Guo",North Carolina State University; North Carolina State University; University of Central Florida; Vanderbilt University; North Carolina State University,2025 IEEE 31st International Conference on Embedded and Real-Time Computing Systems and Applications (RTCSA),"12 Sep 2025","2025","","","138","149","Real-time cyber-physical systems (CPS) are increasingly deployed in command and control applications for safetyand mission-critical domains such as autonomous vehicles and critical infrastructure. To enable enhanced capabilities, CPS are becoming more complex and interconnected, yet this expanded functionality introduces new security vulnerabilities. Addressing these challenges, this paper presents a secure and resilient scheduling technique for hard real-time CPS applications that protects against common memory-corruption-based attacks. Our approach introduces a security-oriented dimension of criticality, enabling the system to selectively drop low-security-critical workloads in response to detected threats. This reduces the attack surface and allows for the timely rescheduling of both victim task re-executions and system recovery processes. We demonstrate that traditional mixed-criticality scheduling approaches are overly conservative and inadequate for accommodating dynamic recovery requirements under this security model. To address this, we propose a novel scheduling algorithm tailored for securityaware CPS, along with a schedulability test using a securitycriticality demand-bound function. The proposed framework is implemented in FreeRTOS with micro-ROS and validated using a hardware-in-the-loop simulation of a flight control task. Extensive schedulability experiments reveal that our model outperforms existing approaches with required adaptation, improving acceptance ratios by over 30 percent in heavily utilized CPS environments. This work advances secure, real-time scheduling to enhance both the resilience and safety of critical cyber-physical applications.","2325-1301","979-8-3315-0213-3","10.1109/RTCSA66114.2025.00023","National Science Foundation(grant numbers:CMMI 2246672); National Aeronautics and Space Administration; ","https://ieeexplore.ieee.org/stamp/stamp.jsp?arnumber=11153205","real-time cyber-physical system;mixedcriticality systems;resilient scheduling;secure recovery","Adaptation models;Scheduling algorithms;Cyber-physical systems;System recovery;Dynamic scheduling;Real-time systems;Safety;Security;Vehicle dynamics;Surface treatment","","1","","56","IEEE","12 Sep 2025","20-22 Aug. 2025","20-22 Aug. 2025","IEEE","IEEE Conferences"
"Envisioning Cybersecurity Analytics for the Internet of Things","J. S. Chavis; D. P. Syed","The Johns Hopkins University Applied Physics Laboratory, Laurel, MD; The Johns Hopkins University Applied Physics Laboratory, Laurel, MD",2020 IEEE 3rd 5G World Forum (5GWF),"13 Oct 2020","2020","","","193","198","The Internet of Things represents a rethinking of how we currently envision networks. It involves increases in scale of an order of magnitude over the next decade, increasingly distributed and virtualized architectures, and an ever-changing perimeter. Cybersecurity analytic capability will need to adapt to meet the demands of this evolving environment. In this paper the authors assess the ways in which cybersecurity analytics will need to evolve and identify the potential role of Government in promoting needed changes. This paper provides a brief summary of that effort.","","978-1-7281-7299-6","10.1109/5GWF49715.2020.9221018","","https://ieeexplore.ieee.org/stamp/stamp.jsp?arnumber=9221018","Cybersecurity Analytics;IoT","Visualization;Heuristic algorithms;Government;Telecommunication traffic;Quality of service;Market research;Internet of Things","","","","13","IEEE","13 Oct 2020","10-12 Sept. 2020","10-12 Sept. 2020","IEEE","IEEE Conferences"
"Evaluating Very Large-Scale Integration (VLSI) for Deep Learning: Embedded Systems for Processing Images and Videos in Real Time","A. J; S. D; K. Nivetha; Z. Azzam; H. P. Thethi; M. Dinesh","Department of ECE, SRM Institute of Science and Technology, Tiruchirapalli; Department of Mechatronics Engineering, Rajalakshmi Engineering College, Chennai; Department of EE(VLSI), M. Kumarasamy College of Engineering and Technology, Karur, Tamilnadu; Faculty of Economics and Administrative Sciences, Electronic Marketing and Social Media, Zarqa University, Zarqa, Jordan; Dept of Electronics and Electrical Engineering, Lovely Professional University, Phagwara, India; Department of VLSI Microelectronics, Saveetha School of Engineering, Saveetha Institute of Medical and Technical Sciences (SIMATS), Saveetha University, Chennai","2025 International Conference on Electronics and Computing, Communication Networking Automation Technologies (ICEC2NT)","19 Feb 2026","2025","","","1","6","The need for efficient and high-performance computing systems have been driven by the growing demand for real-time image and video processing in applications such as autonomous vehicles, surveillance, augmented reality, and medical diagnostics. The need to generate these growing amounts of data has resulted in a new age where VLSI technology is regarded as a critical enabler for achieving the required computational power and energy efficiency in deep-learning-based applications. This paper performs a survey on how VLSI circuits can be integrated to perform deep learning tasks specifically targeting embedded systems that handle real-time processing of images and videos. VLSI plays a pivotal role in significantly improving the performance of executing the DNN operation execution, whether it is in the form of a CNN-based architecture or RNN architecture, while also addressing the trade-offs concerning speed, power consumption, and cost in the same process. An in-depth comparison of existing VLSI design paradigms and hardware architectures for real-time deep learning, focusing on efficient processing of large datasets on embedded systems. FPGAs are hardware platforms that can be programmed to implement a wide range of digital circuits, providing flexibility for custom neural networks, while ASICs are optimized for specific network architectures but lack reprogramability. Real-time video processing is discussed along with application examples of VLSI-based systems in different real applications, such as facial recognition, object detection, and scene segmentation. Due to the inherent similarities with current processing systems, the evaluation also includes a comparison against their traditional processing counterparts, demonstrating the transformative advancements in throughput and energy consumption achieved via VLSI. Lastly, their paper goes into detail on the hardware/software co-design, shortcomings of the memory bandwidth, and the parallelism in the architecture of the deep learning network. More specifically, the study points to the growing demand for significantly parallelized computing systems to handle the terabytes of data produced by image and video sensors. Furthermore, the analysis includes a discussion on the influence of deep learning model optimization methods like pruning, quantization, and hardware-aware training on VLSI hardware efficiency.","","979-8-3315-2345-9","10.1109/ICEC2NT65402.2025.11379985","","https://ieeexplore.ieee.org/stamp/stamp.jsp?arnumber=11379985","Real-Time Processing;Embedded Systems;Image and Video Processing;Application-Specific Integrated Circuits (ASICs);Hardware Acceleration;Field-Programmable Gate Arrays (FPGAs)","Deep learning;Embedded systems;Computational modeling;Computer architecture;Very large scale integration;Real-time systems;Computational efficiency;Integrated circuit modeling;Field programmable gate arrays;Videos","","","","15","IEEE","19 Feb 2026","3-4 Sept. 2025","3-4 Sept. 2025","IEEE","IEEE Conferences"
"Digital Forensics Challenges to Big Data in the Cloud","X. Feng; Y. Zhao","Department of Computer Science and Technology, University of Bedfordshire, Luton, UK; Department of Computer Science and Technology, University of Bedfordshire, Luton, UK","2017 IEEE International Conference on Internet of Things (iThings) and IEEE Green Computing and Communications (GreenCom) and IEEE Cyber, Physical and Social Computing (CPSCom) and IEEE Smart Data (SmartData)","1 Feb 2018","2017","","","858","862","As a new research area, Digital Forensics is a subject in a rapidly developing society. Cyber Security for Big Data in the Cloud is getting more attention than ever. A computing breach requires digital forensics to seize digital evidence to determine who is responsible and what has been done maliciously and the possible further consequences. In particular, for Big Data attack cases, Digital Forensics is facing even more challenge for earlier digital breach investigations. For the PPI (Protection of Personal Information) a GDPR (General Data Protection Regulation) law has been launched to be implemented from the 25th May 2018. This compulsory regulation will have an important impact on healthcare PPI in the cloud (ICO, 2017, Deloitte, 2014). Nowadays, Big Data with the characteristics of three “V”s (Volume, Velocity, and Variety), are either synchronized with the Cloud, or stored in the Cloud, in order to solve the storage capacity and so on problems, which made Digital Forensics investigation even more difficult. The Big Data Digital Forensics issue for the Cloud is difficult. One of them is the need to identify which physical devices have been compromised. Data are distributed in the Cloud, so the customer or digital forensics practitioner cannot have full access control like the traditional investigation does. Smart City are making use of ICT (information communications technology) to collect, detect, analyze and integrate the key information data of core systems in running the cities. Meanwhile, the Control Centre is making intelligent responses to different requirements that include daily livelihood, PPI security, environmental protection, public safety, industrial and commercial activities and city services. The Smart City healthcare Big Data are collected and gathered by the IoT (Internet of Things) (Liu, 2014, Qi, 2016) and applying GDPR prevent Cyberstalking and Cybercrimes. This paper summerises our review on the trends of Digital Forensics used for Big Data. The evidence acquisition challenge is discussed. A case study of a Smart City project with IoT services collecting Big Data which are stored in the Cloud computing environment is represented. The techniques can be generalised to other Big Data in the Cloud environment.","","978-1-5386-3066-2","10.1109/iThings-GreenCom-CPSCom-SmartData.2017.132","","https://ieeexplore.ieee.org/stamp/stamp.jsp?arnumber=8276851","Big data;Cloud Computing;Smart City system;IoT;Cyber Security and Personally Identifiable Information (PII) GDPR and Protection of Personally Information (PPI) against Cyberstalking","Conferences;Internet of Things;Green computing;Social computing","","9","","45","IEEE","1 Feb 2018","21-23 June 2017","21-23 June 2017","IEEE","IEEE Conferences"
"Investigating eVTOL Passenger Preferences in South Korea: Safety, Vertiport Location, and Weight","P. B. Appel; Y. Eun Song; A. Riener","Technische Hochschule Ingolstadt, Ingolstadt, Germany; Technische Hochschule Ingolstadt, Ingolstadt, Germany; Technische Hochschule Ingolstadt, Ingolstadt, Germany",2024 IEEE Intelligent Vehicles Symposium (IV),"15 Jul 2024","2024","","","3269","3275","As the industry advances towards the technical realization of passenger drones, there is a noticeable trend where the wishes and acceptance factors of future users are not given primary consideration. Although several companies are progressing with prototype development and market-entry preparations, ongoing research on the requirements for electric Vertical Take-Off and Landing (eVTOL) vehicles remains crucial. For such a novel form of aerial transportation, understanding passenger needs is key, as their acceptance and willingness to use these services will ultimately drive revenue for manufacturers and airlines. To this end, our study, involving 51 participants in South Korea, delved into three key areas of user acceptance: safety considerations of eVTOLs, preferred vertiport locations, and concerns about weight. The findings indicate that piloted passenger drones are acceptable to the public, particularly when they assure safety and offer sufficient luggage storage, among other factors. These insights are vital for the engineering design and development of eVTOLs, highlighting opportunities for weight and energy savings by aligning with passenger preferences and requirements.","2642-7214","979-8-3503-4881-1","10.1109/IV55156.2024.10588875","Bayer; ","https://ieeexplore.ieee.org/stamp/stamp.jsp?arnumber=10588875","","Intelligent vehicles;Sociology;Transportation;Technology transfer;Prototypes;Market research;Safety","","","","34","IEEE","15 Jul 2024","2-5 June 2024","2-5 June 2024","IEEE","IEEE Conferences"
"Intricate Plane of Adversarial Attacks in Sustainable Territory and the Perils faced Machine Intelligent Models","K. S. Sai Susmitha; N. Srimlika; V. Sharma; M. Almusawi; S. Mishra","Kalinga Institute of Industrial Technology, Deemed to be University, India; Kalinga Institute of Industrial Technology, Deemed to be University, India; CHRIST, Deemed to be University, Delhi NCR, India; College of Technical Engineering, The Islamic University, Najaf, Iraq; Kalinga Institute of Industrial Technology, Deemed to be University, India",2023 International Conference for Technological Engineering and its Applications in Sustainable Development (ICTEASD),"10 Jul 2024","2023","","","233","239","The issue of model security and reliability in Artificial Intelligence (AI) is a concern due to adversarial attacks. In order to tackle this issue, researchers have developed sustainable defense strategies, but certain challenges remain. These challenges involve transferability, higher computing costs, and adaptability. Striking a balance between accuracy and robustness is difficult, as defense mechanisms often come with trade-offs between the two. Real-world situations demonstrate the practical implications of sustainable adversarial AI. For example, it improves the security of self-driving vehicles, enhances the accuracy of medical imaging diagnoses, and incorporates AI-driven defenses into network intrusion detection and phishing detection systems. It is crucial to consider ethical aspects throughout this process. Future trends in adversarial AI research for cybersecurity will involve ensemble defense mechanisms, adversarial learning from limited data, and hybrid attacks. By embracing the evolving landscape, researchers and practitioners can develop sustainable AI systems that are more secure and resilient, effectively countering adversarial threats.","","979-8-3503-3647-4","10.1109/ICTEASD57136.2023.10584909","","https://ieeexplore.ieee.org/stamp/stamp.jsp?arnumber=10584909","Adversarial AI;Sustainability;Cyber security;Machine learning;Deep Learning;Generative Adversarial Networks(GANs)","Technological innovation;Accuracy;Phishing;Network intrusion detection;Adversarial machine learning;Robustness;Safety","","3","","24","IEEE","10 Jul 2024","14-15 Nov. 2023","14-15 Nov. 2023","IEEE","IEEE Conferences"
"Flooded area detection using UAV images","A. Sumalan; D. Popescu; L. Ichim","Faculty of Automatic Control and Computers, University Politehnica of Bucharest, Bucureşti, Romania; Faculty of Automatic Control and Computers, University Politehnica of Bucharest, Bucureşti, Romania; Faculty of Automatic Control and Computers, University Politehnica of Bucharest, Bucureşti, Romania",2016 24th Telecommunications Forum (TELFOR),"19 Jan 2017","2016","","","1","4","In this paper, we propose an unsupervised technique for the detection of flooded areas using images acquired by a fixed-wing unmanned aerial vehicle (UAV). The proposed methodology for the detection of the flooded areas considers the development of an algorithm based on k means clustering and texture analysis using co-occurrence matrix.","","978-1-5090-4086-5","10.1109/TELFOR.2016.7818798","","https://ieeexplore.ieee.org/stamp/stamp.jsp?arnumber=7818798","flood evaluation;k means clustering;texture analysis;UAV surveillance","Floods;Clustering algorithms;Feature extraction;Unmanned aerial vehicles;Cameras;Remote sensing","","2","","19","IEEE","19 Jan 2017","22-23 Nov. 2016","22-23 Nov. 2016","IEEE","IEEE Conferences"
"Applying E-Payment for Improving MSME’s Revenue in Jabodetabek: An Extended TAM Analysis","E. S. Kolly; M. I. Wijaya; T. Andrian","School of Information System, Bina Nusantara University, Jakarta, Indonesia; School of Information System, Bina Nusantara University, Jakarta, Indonesia; School of Accounting, Bina Nusantara University, Jakarta, Indonesia","2023 IEEE 9th International Conference on Computing, Engineering and Design (ICCED)","13 Feb 2024","2023","","","1","6","The objective of this research is to explore the variables that influence the usage of E-Payment in Jabodetabek region’s MSMEs as well as how it may influence the revenue of the business, using the Extended Technology Acceptance Model. The quantitative method is use to collect data and information, where primary data will be obtained through Online Questioners and interviews with MSMEs owners and employees-in-charge, 188 responses were processed using Smart PLS 4. The findings show that applying E-Payment in MSMEs has a positive and significant impact towards increasing their revenue. However, many respondents reported problems regarding a delay for their revenue reimbursement and some connectivity issues. Thus, not only making it hard to manage their cash flow, but also made some MSMEs not interested in continuing to use E-Payment. This study gave insights to EPayment vendors to improve their platforms so more MSMEs will apply this payment method for their business and help the Indonesian government to fulfill their digital transformation for transactions in the country.","2767-7826","979-8-3503-7012-6","10.1109/ICCED60214.2023.10425591","","https://ieeexplore.ieee.org/stamp/stamp.jsp?arnumber=10425591","E-Payment;MSME Revenue;Technology Acceptance Model","Technology acceptance model;Computational modeling;Government;Urban areas;Security;Interviews;Business","","2","","56","IEEE","13 Feb 2024","7-8 Nov. 2023","7-8 Nov. 2023","IEEE","IEEE Conferences"
"Common Framework for 5G Northbound APIs","N. D. Tangudu; N. Gupta; S. P. Shah; B. J. Pattan; S. Chitturi","Samsung R&D Institute India –, Bangalore; Samsung R&D Institute India –, Bangalore; Samsung R&D Institute India –, Bangalore; Samsung R&D Institute India –, Bangalore; Samsung R&D Institute India –, Bangalore",2020 IEEE 3rd 5G World Forum (5GWF),"13 Oct 2020","2020","","","275","280","3rd Generation Partnership Project (3GPP), a global standards forum for cellular communication technologies, exposed the core network capabilities as Northbound APIs for consumption by 3rd parties outside Mobile Network Operator (MNO) domain such as enterprise domain Application Servers (AS) or Application Function (AF). However, the common supporting capabilities like onboarding, discovery, publishing, authentication, logging, auditing etc., applicable for all Northbound APIs, were not specified in 3GPP until Rel-14. In addition, with the advent of 5G networks, it is natural that more vertical industries look to enable their communications on 5G networks, and so the increase in 3rd parties ecosystem consuming the 5G Northbound APIs. In Rel15, 3GPP specified Common API Framework (CAPIF), to avoid duplication in being specified at multiple places and bring in consistency of approach between different API specifications, and to ease the development and deployment of 3rd party applications invoking 3GPP Northbound APIs for Evolved Packet System (EPS) and 5G System (5GS). In this technical paper, the CAPIF standard for 3GPP Northbound APIs including the common supporting capabilities enabled by the framework are explained. The paper also elaborates how CAPIF can be leveraged to quickly develop and deploy different 3GPP Northbound APIs and the vertical industry applications in unified and harmonized manner over the 5G Network.","","978-1-7281-7299-6","10.1109/5GWF49715.2020.9221161","","https://ieeexplore.ieee.org/stamp/stamp.jsp?arnumber=9221161","3GPP Northbound interfaces;5G Northbound APIs;5G networks;CAPIF","Industries;Authorization;5G mobile communication;Publishing;Ecosystems;Authentication;Communications technology","","9","","5","IEEE","13 Oct 2020","10-12 Sept. 2020","10-12 Sept. 2020","IEEE","IEEE Conferences"
"5G Technology and Impact on Modern Engineering","P. Kate; U. Pacharney","Department of Computer Science and Engineering, Faculty of Engineering and Technology, Datta Meghe Institute of Higher Education and Research, Wardha, Maharashtra, India; Department of Computer, Datta Meghe Institute of Higher Education and Research, Wardha, Maharashtra, India",2025 4th International Conference on Sentiment Analysis and Deep Learning (ICSADL),"27 Mar 2025","2025","","","460","464","5G technology represents a progressive leap in Wi-Fi conversation, providing unheard-of pace, connectivity, and capacity. Its deployment has profound implications for modern engineering, impacting industries such as telecommunications, healthcare, transportation, and clever towns. With speeds up to one hundred instances quicker than 4G and latency as little as 1 millisecond, 5G permits real-time facts trade, fostering improvements like independent vehicles, far-flung surgeries, and the Internet of Things (IoT). Currently, Engineers are challenged to design infrastructure that will assist the dense community of gadgets related to 5G, necessitating advancements in antenna design, power performance, and statistics security. The era also quickens the adoption of part computing, reducing reliance on centralised facts centres and ensuring quicker processing near the date supply. The transformative impact of 5G extends beyond connectivity. It reshapes the layout and capability of present-day engineering structures, emphasising adaptability, resilience, and scalability. As 5G continues to conform, its function in driving innovation and redefining engineering paradigms becomes increasingly glaring.","","979-8-3315-2392-3","10.1109/ICSADL65848.2025.10933066","","https://ieeexplore.ieee.org/stamp/stamp.jsp?arnumber=10933066","5G technology;Wireless Communication;Modern Engineering","Industries;Wireless communication;Technological innovation;5G mobile communication;Transportation;Medical services;Telecommunications;Internet of Things;Telecommunication network reliability;Wireless fidelity","","","","20","IEEE","27 Mar 2025","18-20 Feb. 2025","18-20 Feb. 2025","IEEE","IEEE Conferences"
"Blockchain-Assisted Trust Management in Vehicular Ad-Hoc Network","S. Banerjee; P. Kuila; B. B. Naik","Department of Computer Science and Engineering, National Institute of Technology, Sikkim, India; Department of Computer Science and Engineering, National Institute of Technology, Patna, India; Department of Computer Science and Engineering, National Institute of Technology, Sikkim, India",2024 15th International Conference on Computing Communication and Networking Technologies (ICCCNT),"4 Nov 2024","2024","","","1","7","Vehicle-to-everything (V2X) communication is crucial in Intelligent Transportation Systems (ITSs) for enhancing road safety, traffic efficiency, and convenience. To address the need for trust in V2X communications, a trust management system for Vehicular Ad Hoc Networks (VANETs) using blockchain technology has been proposed. This system calculates dynamic trust scores for vehicles based on direct communication, recommendations from other vehicles, and proximity to roadside units (RSUs). The trust scores are stored in a transparent and tamperproof blockchain, ensuring the immutability and transparency of trust scores. Simulations demonstrate that this blockchain-based trust management system significantly improves the security and reliability of V2X communications. This system is essential for the widespread acceptance of VANETs by fostering a trusted communication environment.","2473-7674","979-8-3503-7024-9","10.1109/ICCCNT61001.2024.10724619","","https://ieeexplore.ieee.org/stamp/stamp.jsp?arnumber=10724619","Blockchain;Trust;V2X;VANET;and Edge computing","Vehicular ad hoc networks;Road safety;Blockchains;Security;Reliability;Trust management;Vehicle dynamics;Vehicle-to-everything;Intelligent transportation systems;Edge computing","","4","","21","IEEE","4 Nov 2024","24-28 June 2024","24-28 June 2024","IEEE","IEEE Conferences"
"A security-aware safety management framework for IoT-integrated bikes","M. A. Razzaque; S. Clarke","Trinity College, School of Computer Science and Statistics, Dublin, Ireland; Trinity College, School of Computer Science and Statistics, Dublin, Ireland",2015 IEEE 2nd World Forum on Internet of Things (WF-IoT),"21 Jan 2016","2015","","","92","97","Bike and vehicle collisions often result in fatality to vulnerable bikers. Use of technologies can protect such vulnerable road users. Next generation smart bikes with sensing, computing and communication capabilities or bikes with bikers' smartphones have the potential to be integrated in an Internet of Things (IoT) environment. Unlike avoidance of inter-vehicle collisions, very limited efforts are made on IoT-integrated bikes and vehicles to avoid bike-vehicle collisions and offer bikers' safety. Moreover, these IoT-integrated bikes and vehicles will create new and different information and cyber security risks that could make existing safety solutions ineffective. To exploit the potential of IoT in an effective way, especially in bikers' safety, this work proposes a security-aware bikers' safety management framework that integrates a misbehavior detection scheme (MDS) and a collision prediction and detection scheme (CPD). The MDS, in particular for vehicles (as vehicles are mainly responsible for most bike-vehicle collisions) provides security-awareness to the framework using in-vehicle security checking and vehicles' mobility-patterns-based misbehavior detection. The MDS also includes in-vehicle driver's behavior monitoring to identify potential misbehaving drivers. The framework's MDS and the CPD relies on the improved versions of some existing solutions. Use cases of the framework demonstrates its potential in providing bikers safety.","","978-1-5090-0366-2","10.1109/WF-IoT.2015.7389033","","https://ieeexplore.ieee.org/stamp/stamp.jsp?arnumber=7389033","Bikes;Bikers' Safety;Security;V2X communication;Collision Prediction and Detection","Vehicles;Trajectory;Roads;Security;Estimation;Cloud computing","","8","","29","IEEE","21 Jan 2016","14-16 Dec. 2015","14-16 Dec. 2015","IEEE","IEEE Conferences"
"Recognition of Facial Expressions and Emotions on the Face using the YOLOv5 Algorithm","A. A. S. Gunawan; M. R. Kusnadi; J. T. Joseph; W. Josan; I. S. Edbert","Computer Science Department, School of Computer Science, Bina Nusantara University, Jakarta, Indonesia; Computer Science Department, Cyber Security Program, School of Computer Science Bina Nusantara University, Jakarta, Indonesia; Computer Science Department, Cyber Security Program, School of Computer Science Bina Nusantara University, Jakarta, Indonesia; Computer Science Department, Cyber Security Program, School of Computer Science Bina Nusantara University, Jakarta, Indonesia; Computer Science Department, School of Computer Science, Bina Nusantara University, Jakarta, Indonesia",2023 International Workshop on Artificial Intelligence and Image Processing (IWAIIP),"19 Mar 2024","2023","","","337","341","This study examines the significant influence of emotional states on individuals, recognizing that people are often confronted with numerous challenges and problems in their lives. Such challenges can give rise to feelings of despair and tension, especially in those who struggle to manage them effectively. Depression, which is not just limited to adults, can also have a significant impact on children who may not fully grasp their socio-economic conditions. One of the serious consequences of unresolved emotional distress, particularly depression, is an elevated risk of suicide. Within this framework, facial recognition technology presents itself as a powerful instrument for identifying human emotions. The purpose of this study is to assess the efficacy of facial recognition systems in detecting indicators of depression. Using the YOLOv5 algorithm and comparing it with its precursors, YOLOv4 and YOLOv7, the research conducts a simulation experiment to examine the ability of the system to precisely interpret a range of emotional states, including happiness, sadness, and anger. The research findings suggest that the YOLO algorithm, particularly in its most recent versions, displays exceptional precision in identifying and classifying intricate facial expressions, thus showcasing its potential as a beneficial device in mental health evaluations.","","979-8-3503-8291-4","10.1109/IWAIIP58158.2023.10462848","","https://ieeexplore.ieee.org/stamp/stamp.jsp?arnumber=10462848","Depression;Facial Recognition;Facial Expressions;Face Detection;Mental Disorders;Stressful;Emotion","YOLO;Training;Emotion recognition;Face recognition;Heuristic algorithms;Streaming media;Depression","","1","","24","IEEE","19 Mar 2024","1-2 Dec. 2023","1-2 Dec. 2023","IEEE","IEEE Conferences"
"A Bayesian Game Based Vehicle-to-Vehicle Electricity Trading Scheme for Blockchain-Enabled Internet of Vehicles","S. Xia; F. Lin; Z. Chen; C. Tang; Y. Ma; X. Yu","College of Mathematics and Computer Science, Zhejiang Normal University, Jinhua, China; College of Mathematics and Computer Science, Zhejiang Normal University, Jinhua, China; College of Mathematics and Computer Science, Zhejiang Normal University, Jinhua, China; College of Physics and Electronic Information Engineering, Zhejiang Normal University, Jinhua, China; College of Mathematics and Computer Science, Zhejiang Normal University, Jinhua, China; School of Engineering, RMIT University, Melbourne, Australia",IEEE Transactions on Vehicular Technology,"15 Jul 2020","2020","69","7","6856","6868","With ever increasing people's awareness of low carbon and environmental protection, electric vehicles are gradually gaining wide popularity. However, the driving endurance of the electric vehicle is the biggest shortage that hinders the fully acceptance of this new vehicle technology. To deal with this shortage, this paper proposed a vehicle-to-vehicle (V2V) electricity trading scheme based on Bayesian game pricing in blockchain-enabled Internet of vehicles (BIoV). Specifically, the Bayesian game is adopted for pricing in the distributed BIoV with incomplete information sharing. The optimal pricing under the linear strategic equilibrium has been obtained which maximizes the utilities of both sides of electricity transaction. The transaction volume is determined from the formulated convex problem that maximizes the social welfare. Then, the pricing game is implemented by the dedicated smart contract. Blockchain guarantees its trustworthiness, security, and reliability. Finally, the experimental results show that referring to the benchmark of static game with complete information, the proposed Bayesian game with incomplete information can achieve approximate satisfaction of users. The degree of approximation can reach to 98% when the pricing ranges of buyers and sellers are close. Moreover, the proposed scheme has great advantages over the static game with complete information in terms of communication overhead and timeliness in the decentralized IoVs.","1939-9359","","10.1109/TVT.2020.2990443","National Natural Science Foundation of China(grant numbers:61877055); NSF of Zhejiang Province(grant numbers:LY18F030013.); ","https://ieeexplore.ieee.org/stamp/stamp.jsp?arnumber=9078882","Blockchain;Internet of vehicles;vehicle-to-vehicle;electricity trading;Bayesian game","Blockchain;Power markets;Games;Electric vehicles;Smart contracts;Pricing;Bayes methods","","122","","35","IEEE","27 Apr 2020","July 2020","","IEEE","IEEE Journals"
"RB-XAI: Relevance-Based Explainable AI for Traffic Detection in Autonomous Systems","I. Adom; M. N. Mahmoud","Department of Electrical and Computer Engineering, North Carolina A&T State University, NC, USA; Department of Electrical and Computer Engineering, North Carolina A&T State University, NC, USA",SoutheastCon 2024,"24 Apr 2024","2024","","","1358","1367","Recent progress in artificial intelligence has brought about a revolutionary era spanning various sectors such as transportation, healthcare, finance, and cybersecurity. In the field of transportation, these advancements empower autonomous systems to precisely perceive their surroundings, make swift and secure decisions, and operate seamlessly without human intervention. In the case of Autonomous Vehicles (AVs), the perception phase, involving tasks like road surface extraction and on-road object detection, is crucial. While AVs offer benefits like improved road safety, convenience, and efficiency, they grapple with the “black box” challenge, symbolizing the opacity of their decision-making processes to humans. This absence of transparency poses acceptance, regulatory, ethical, and security issues. To tackle these challenges, our work leverages Concept Relevance Propagation (CRP), a bias-resistant Relevance-Based (RB) eXplainable Artificial Intelligence (XAI) algorithm to proffer transparent concept - level explanations to the behavior of object detection models used in AVs, for traffic perception. CRP goes beyond traditional attribution maps, by generating explanations that automatically identifies and visualizes relevant concepts within the input space. This insight sheds light on the crucial areas responsible for the behavior of object detection models used in AVs. This research aims to boost transparency, trust, and understanding in the field of AVs, fostering safer and more widely accepted autonomous systems.","1558-058X","979-8-3503-1710-7","10.1109/SoutheastCon52093.2024.10500215","","https://ieeexplore.ieee.org/stamp/stamp.jsp?arnumber=10500215","Autonomous Vehicles;eXplainable Artificial Intelligence;Object Detection;Concept Relevance Propagation","Visualization;Explainable AI;Transportation;Object detection;Robustness;Road safety;Regulation","","7","","29","IEEE","24 Apr 2024","15-24 March 2024","15-24 March 2024","IEEE","IEEE Conferences"
"Privacy Preserving and Federated Learning-based Drowsy Driving Detection for ITS","A. Sakhrelia; A. A. Padaria; N. K. Jadav; R. Gupta; S. Tanwar; N. Yamsani","Department of Comp. Sci. & Engg., Institute of Technology, Nirma University, Ahmedabad, India; Department of Comp. Sci. & Engg., Institute of Technology, Nirma University, Ahmedabad, India; Department of Comp. Sci. & Engg., Institute of Technology, Nirma University, Ahmedabad, India; Department of Comp. Sci. & Engg., Institute of Technology, Nirma University, Ahmedabad, India; Department of Comp. Sci. & Engg., Institute of Technology, Nirma University, Ahmedabad, India; Department of Comp. Sci. & AI, SR University, Warangal, Telangana, India",2024 International Conference on Electrical Electronics and Computing Technologies (ICEECT),"4 Nov 2024","2024","1","","1","6","The issue of drowsy driving is highly dangerous for road safety and lead to car accidents, injuries as well as deaths. This study examines the several technology suggestions made to address the serious issue of drowsy driving, which compromises road safety worldwide. The study looks at different sleep-related accident prevention tactics and assesses how well they work with intelligent transportation systems (ITS). Federated Learning (FL) is an intriguing method that ensures privacy while improving accuracy for identifying weariness. Furthermore, the paper offers a novel method of transparently responsible traffic control by fusing blockchain technology with convolutional neural networks (CNNs). This integrated system authenticates smart contracts, maintains stringent records, and quickly detects drowsiness to protect system integrity. Essentially, these results highlight effective learning dynamics in FL, like strong aggregation techniques. Furthermore, this fully integrated architecture is not only exceptionally good at detecting sleep, but it also boasts a safe and dependable environment that is applicable to a variety of sectors in terms of international settings and the dependability of academic discourse.","","979-8-3503-7809-2","10.1109/ICEECT61758.2024.10739331","","https://ieeexplore.ieee.org/stamp/stamp.jsp?arnumber=10739331","driver drowsiness detection;deep learning;federated learning;convolutional neural networks;blockchain technology;and intelligent transportation systems","Computers;Privacy;Federated learning;Smart contracts;Traffic control;Road safety;Convolutional neural networks;Intelligent transportation systems;Injuries;Vehicles","","","","9","IEEE","4 Nov 2024","29-31 Aug. 2024","29-31 Aug. 2024","IEEE","IEEE Conferences"
"Differentially Private Tensor Deep Computation for Cyber–Physical–Social Systems","N. J. Gati; L. T. Yang; J. Feng; S. Zhang; Z. Ren","School of Computer Science and Technology, Huazhong University of Science and Technology, Wuhan, China; School of Computer Science and Technology, Huazhong University of Science and Technology, Wuhan, China; Department of Computer Science, St. Francis Xavier University, Antigonish, Canada; School of Computer Science and Technology, Huazhong University of Science and Technology, Wuhan, China; School of Computer Science and Technology, Huazhong University of Science and Technology, Wuhan, China",IEEE Transactions on Computational Social Systems,"29 Jan 2021","2021","8","1","236","245","In the recent past, deep learning has received remarkable acceptance in real-world applications. Social computing expands the existing notion of cyber space and physical space to a more advance cyber-physical-social system (CPSS). Therefore, deep learning provides a propitious technique for accurate mining of information from CPSS, thus facilitates CPSS to offer services of exceptional quality efficiently. However, most of the current deep learning methods are struggling to keep up with the ever-increasing heterogeneous and highly nonlinear dissemination of data. Furthermore, the advancement of deep learning presents privacy concerns. This article proposes a deep private tensor autoencoder (dPTAE), where tensors are used for data representation, and differential privacy guarantees strong privacy. The core idea of our work is to enforce differential privacy through noise injection into the objective functions instead of the results they produce. In addition, the proposed method preserves the privacy of information shared amongst CPSS in smart environments. We applied dPTAE on three representative data sets. Rigorous experimental evaluations and theoretical analysis demonstrate that dPTAE is significantly effective and efficient.","2329-924X","","10.1109/TCSS.2020.3004148","National Key Research and Development Plan of China(grant numbers:2017YFB0801804,2018YFB1800103,2019YFB170062); National Natural Science Foundation of China(grant numbers:61932010); Fundamental Research Funds for the Central Universities, HUST(grant numbers:2018KFYXKJC046); ","https://ieeexplore.ieee.org/stamp/stamp.jsp?arnumber=9134400","ε-differential privacy;cyber–physical–social systems (CPSS);deep computation;deep learning;privacy;social computing;tensor autoencoder (TAE)","Privacy;Tensors;Differential privacy;Deep learning;Training;Computer science","","2","","38","IEEE","7 Jul 2020","Feb. 2021","","IEEE","IEEE Journals"
"The Rise of AI Communication: Opportunities, Challenges, and the Path Forward","P. Lin","Mobile and Terminal Technology Research Department, China Telecom Research Institute, Beijing, China",2025 IEEE International Symposium on Broadband Multimedia Systems and Broadcasting (BMSB),"24 Sep 2025","2025","","","1","5","Artificial intelligence (AI) has emerged as a transformative technology, displaying enormous promise and impact across many areas. Communication, a pillar of modern-day society, has also begun adopting applications of AI. This paper investigates the advancement of AI-powered communication by examining the technology, current uses, and future outlook. It sheds light on AI communication's deep implications for the communication sphere and broader society. On the technology front, specialized AI techniques for communication tasks have been rolled out, including machine translation, neural networks and more. Application-Wise, AI communication already underpins intelligent assistants, information filtering and personalized recommendations. Looking ahead, AI communications could drive more customized, interactive and smart communication experiences, while also raising pressing privacy and ethical considerations needing urgent attention. Overall, AI-charged communication is profoundly penetrating and reshaping communication markets and people's lifestyles.","2155-5052","979-8-3315-1998-8","10.1109/BMSB65076.2025.11165632","","https://ieeexplore.ieee.org/stamp/stamp.jsp?arnumber=11165632","Artificial intelligence;Transformative technology;Promise and impact;Communication;Adopting AI applications;Advancement of AI-powered communication","Privacy;Ethics;Neural networks;Pressing;Broadcasting;Information filtering;Broadband communication;Multimedia communication;Machine translation;Artificial intelligence","","","","12","IEEE","24 Sep 2025","11-13 June 2025","11-13 June 2025","IEEE","IEEE Conferences"
"Telecommunication & Networking � Changing Customer Profile & Preferences","A. Mehrotra; S. Menon","Business & Management, Amity University, Dubai, Dubai, United Arab Emirates; Business & Management, Amity University, Dubai, Dubai, United Arab Emirates","2021 2nd International Conference on Computation, Automation and Knowledge Management (ICCAKM)","25 Feb 2021","2021","","","221","226","Over the last two and half decades, the Indian telecom industry has evolved rapidly. Beginning with the basic telephony provided by BSNL, a public sector company, the telecom industry today is not just for providing the calling facilities; it includes services like 3G, 4G, 5G broadband, Netflix, amazon-prime, online payment banks, 24 hour recharge facilities voicemail, ringtones, easy bill payment services and much more. Internet is just one of the important additions to the services. While many big players in the private sector came on the scene and disappeared, others struggled to survive through mergers, acquisitions and restructuring of the business models in the wake of competition. Sometime back Reliance Jio offered free Internet and Voice usage as pre � launch offer and grabbed the customer's attention. This all came as a big game changer in the telecom industry as customers have multiple options and the telephonic and data service providers face new challenges to cope up with the situation. It is estimated that a large number of new customers coming into the mobile fold come from the underprivileged geographies with sub-optimal telecommunication infrastructure and poor connectivity; their prime preference is for low call tariffs and several other value added services like information about markets, commodity prices, weather forecasts and the ability to transact business in their regional languages. The theme of the paper is to examine if the telecommunication industry is prepared to face and respond to changing customer perceptions, preferences and expectations.","","978-1-7281-9491-2","10.1109/ICCAKM50778.2021.9357766","","https://ieeexplore.ieee.org/stamp/stamp.jsp?arnumber=9357766","Telecommunication;Internet;Reliance Jio Effect;Customer Preference;4G;5G;Airtel;BSNL","Industries;Weather forecasting;Communications technology;Telecommunications;Internet;Faces;Business","","2","","23","IEEE","25 Feb 2021","19-21 Jan. 2021","19-21 Jan. 2021","IEEE","IEEE Conferences"
"The Use of Machine Learning in the Automotive Industry","Y. Shrivastava; A. K. Sethi; O. Vikash","Department of Mechanical Engineering, Galgotias College of Engineering and Technology, Greater Noida, India; Department of Mechanical Engineering, Galgotias College of Engineering and Technology, Greater Noida, India; Friedrich Alexander University, Erlangen, Germany","2024 International Conference on Communication, Computing and Energy Efficient Technologies (I3CEET)","13 May 2025","2024","","","904","910","Machine Learning (ML) is a subfield of artificial intelligence, which is already making a difference to the automotive industry by contributing towards overall performance, safety and user experience. Applications of machine learning in various fields include production, autonomous riding, and predictive remodeling — this evaluation. In autonomous driving, particularly, machine learning algorithms—deeper learning algorithms—to enhance vision, decision making and management capabilities equipping cars to safely negotiate challenging terrain. Machine leaning (ML) is used to use predictive preservation to reduce downtime, lower costs, and increase protection by predicting when a car may breakdown. An example of where Machine Learning aids in good manufacturing house with great control and reduces production process and therefore increases productivity and cuts down costs. In addition, machine learning (ML) through natural language processing (NLP), provides for more personalized services and better in car aides which increases the consumer satisfaction. Despite its many positive impacts, ML poses challenges for the automobile industry, which is: privacy concerns; legal compliance; and technology. The conclusion of this essay is that while these circ cones present significant challenges to meet, the future of machine learning in the automotive industry looks great — and who knows what enormous impacts machine learning might have on efficiency and personalization.","","979-8-3315-4158-3","10.1109/I3CEET61722.2024.10994036","","https://ieeexplore.ieee.org/stamp/stamp.jsp?arnumber=10994036","Machine Learning (ML);Autonomous Driving;Predictive Maintenance;Customer Experience (CX);Data Privacy","Industries;Data privacy;Costs;Machine learning algorithms;Process control;Machine learning;Prediction algorithms;Automobiles;Automotive engineering;Predictive maintenance","","1","","55","IEEE","13 May 2025","20-21 Sept. 2024","20-21 Sept. 2024","IEEE","IEEE Conferences"
"Developing a Prototype for Autonomous Drones","S. Kalta; G. Bawa; G. Singh; H. Chauhan; A. Bag","CSE Department, Chandigarh University, Punjab, India; CSE Department, Chandigarh University, Punjab, India; CSE Department, Chandigarh University, Punjab, India; CSE Department, Chandigarh University, Punjab, India; CSE Department, Chandigarh University, Punjab, India",2024 3rd International Conference on Sentiment Analysis and Deep Learning (ICSADL),"25 Jul 2024","2024","","","702","708","Autonomous and advanced robotic systems have grown in popularity in recent years due to their wide range of applications, particularly in manufacturing, logistics, and other industries that require repetitive or precise work. These systems have proven to improve efficiency, productivity, and cost savings while prioritizing worker safety by eliminating the need for humans to perform repetitive or hazardous tasks. This study provides an overview of the design and development of an autonomous drone system, with an emphasis on key features and capabilities of the system. This research study proposes a novel design and development of an autonomous drone system capable of performing predefined missions with precision and dependability without the need for human intervention. The prototype makes use of several advanced technologies, such as onboard obstacle avoidance sensors and weather monitoring sensors. Various algorithms are implemented to feed data from sensors to the flight controller to control the drone's flight path, navigate waypoints, and avoid obstacles autonomously. The research outcomes will include successful autonomous flight demonstrations, highlighting the drone's ability to complete complex missions. In conclusion, this paper focuses on the design and development of an autonomous drone system, demonstrating its potential to revolutionize multiple industries while also improving efficiency, safety, and sustainability when used responsibly and ethically. Refer to additional topics for a more in-depth discussion of autonomous drones.","","979-8-3503-9615-7","10.1109/ICSADL61749.2024.00122","","https://ieeexplore.ieee.org/stamp/stamp.jsp?arnumber=10601415","Autonomous Robot;Obstacle Avoidance Sensors;Weather Monitoring;Flight Controller;Predefined Missions;Flight path","Service robots;Prototypes;Robot sensing systems;Sensors;Safety;Task analysis;Monitoring","","","","16","IEEE","25 Jul 2024","13-14 March 2024","13-14 March 2024","IEEE","IEEE Conferences"
"The Impact of AI on Human Psychology: A User Perspective","A. Mohan; D. Singh; A. Kataria; H. Kumar Meena; R. Singh","Department of Electrical Engineering, Malaviya National Institute of Technology, Jaipur, India; Department of Management Studies, Malaviya National Institute of Technology, Jaipur, India; Department of Management Studies, Malaviya National Institute of Technology, Jaipur, India; Department of Electrical Engineering, Malaviya National Institute of Technology, Jaipur, India; Department of Management Studies, Malaviya National Institute of Technology, Jaipur, India","2025 International Conference on Cognitive Computing in Engineering, Communications, Sciences and Biomedical Health Informatics (IC3ECSBHI)","20 May 2025","2025","","","1321","1326","The rapid integration of artificial intelligence into many human activities has produced a growing conversation about its psychological consequences on users. The main focus of the comprehensive responses of AI users in this research is the cognitive and emotive aspects of its influence on human psychology. Using the data collected from a varied group of users, this study exposes the influence of AI interactions on user perceptions, emotions, and mental processes. Key results show that although artificial intelligence technologies can significantly boost productivity, inspire innovation, and simplify decision-making, they can also cause anxiety, reliance, and changed social behaviors. The paper investigates essential concerns, including the psychological consequences of deepfake technology, the possibility of artificial intelligence recording human rights violations, and the consequences of AI-driven monitoring. It stresses both positive and negative effects. Furthermore, under evaluation are consumers' degrees of adaptation to the growing influence of artificial intelligence and the variations in psychological reactions among different user groups. This study underlines the need for transparency, user autonomy, and ethical AI deployment by pointing out ways that AI developers and stakeholders might apply to lower unexpected psychological effects. This thorough investigation helps to clarify how artificial intelligence shapes human psychological experiences and supports a sensible approach that maximizes benefits and reduces possible risks. The research aims to guide the path of following artificial intelligence developments, thereby ensuring technologically conscious and user-centric technological innovations.","","979-8-3315-1852-3","10.1109/IC3ECSBHI63591.2025.10990736","","https://ieeexplore.ieee.org/stamp/stamp.jsp?arnumber=10990736","AI;Human Psychology;Feelings;Thinking;Behavior;Unintended Impacts of AI;AI User","Surveys;Technological innovation;Data privacy;Shape;Psychology;Safety;Recording;Reliability;Stakeholders;Artificial intelligence","","3","","14","IEEE","20 May 2025","16-18 Jan. 2025","16-18 Jan. 2025","IEEE","IEEE Conferences"
"Dynamic Traffic Optimization Through Cloud-Enabled Big Data Analytics and Machine Learning for Enhanced Urban Mobility","E. Anvesh; D. Brindha; C. H. Kumar","Department CSE, karunya University, Coimbatore, India; Department CSE, karunya University, Coimbatore, India; Department AI & ML, Karunya University, Coimbatore, India","2025 3rd International Conference on Communication, Security, and Artificial Intelligence (ICCSAI)","14 Jul 2025","2025","3","","469","474","Addressing the critical problem of road traffic congestion that robs people of time, ruins the environment, and eats into the purse to the detriment of urban mobility, this paper. The research is relevant as urban congestion remains a serious issue currently, and for which new traffic management solutions for more efficient traffic management are needed. The intelligent traffic control system, developed via the integration of cloud computing, big data analytics and machine learning (using the RandomForest algorithm for predictive analysis) is the proposed solution. From sensors, GPS devices, and social networks, the system collects real time traffic data, and retime and reroute vehicles in accordance with current traffic conditions. Results show that the system can: increase safety in urban environments, reduce congestion, and improve traffic flow. The results indicated perfect classification accuracy by the RandomForest algorithm with accurate real time traffic prediction and effective management of traffic. It is concluded that cloud infrastructure integration results in scalability and flexibility that makes the infrastructure capable of handling large datasets. Some potential applications include a wide scale deployment in smart cities and future research can further enhance traffic safety and reduce travel time by further improving predictive models and using AI based decision making.","","979-8-3315-3607-7","10.1109/ICCSAI64074.2025.11063940","","https://ieeexplore.ieee.org/stamp/stamp.jsp?arnumber=11063940","traffic optimization;cloud computing;big data analytics;machine learning;RandomForest;real-time data;urban mobility;traffic management;predictive modeling;adaptive traffic control;scalability;vehicle simulation;traffic congestion;urban transportation;dynamic traffic control","Cloud computing;Accuracy;Transportation;Machine learning;Traffic control;Predictive models;Big Data;Real-time systems;Vehicle dynamics;Traffic congestion","","3","","25","IEEE","14 Jul 2025","4-6 April 2025","4-6 April 2025","IEEE","IEEE Conferences"
"Adaptive Multiplicity Codes based PIR Protocol for Multi-Cloud Plateform Services","L. Salaun; A. Alloum; P. Jacquet","Mathematics of Complex and Dynamic Networks, Maths and Algo Group, Nokia Bell-labs, France; Mathematics of Complex and Dynamic Networks, Maths and Algo Group, Nokia Bell-labs, France; Mathematics of Complex and Dynamic Networks, Maths and Algo Group, Nokia Bell-labs, France",2018 IEEE 5G World Forum (5GWF),"1 Nov 2018","2018","","","99","105","In the current paper we proposed a Multiplicity codes based adaptive PIR protocol that is beneficial for multi cloud platform services featured by a high variability in terms of resources, as servers availabilities and storage capacity. Besides the proposed protocol can handle occasional updates when database size varies, with guaranteed minimal communication overhead compared to the trivial case of PIR.","","978-1-5386-4982-4","10.1109/5GWF.2018.8517057","","https://ieeexplore.ieee.org/stamp/stamp.jsp?arnumber=8517057","","Protocols;Servers;Databases;Cloud computing;Encoding;Frequency modulation;Security","","","","27","IEEE","1 Nov 2018","9-11 July 2018","9-11 July 2018","IEEE","IEEE Conferences"
"Application of Physiological Sensors for Personalization in Semi-Autonomous Driving: A Review","E. J. C. Nacpil; Z. Wang; K. Nakano","Corpy & Co., Inc., Bunkyo-ku, Tokyo, Japan; Institute of Industrial Science, The University of Tokyo, Tokyo, Japan; Institute of Industrial Science, The University of Tokyo, Tokyo, Japan",IEEE Sensors Journal,"15 Sep 2021","2021","21","18","19662","19674","As automobiles become increasingly autonomous, there is growing interest in personalized automation based on human behavior. However, there is an increasing need for behavioral data from vehicle occupants that could be acquired through physiological sensors. Hence, the motivation of this review is to provide information to develop practical physiological sensors to assess behavior, while maintaining the acceptance, privacy, and safety of vehicle occupants. In order to improve driver and passenger experiences and build trust between autonomous vehicles and humans, the current review considers a number of studies addressing driving tasks based on sensors that monitor vehicle occupant behavior. By including applications to emergency and non-emergency driving scenarios, a survey of literature is conducted on physiological sensing for personalization of semi-autonomous driving. Given the limited availability of sensor technology that is specifically designed to monitor behavior in automobiles, the survey is provided as a resource to further physiological sensor development for automotive applications.","1558-1748","","10.1109/JSEN.2021.3100038","Grant-in-Aid for Early-Career Scientists through the Japan Society for the Promotion of Science(grant numbers:19K20318,21K17781); ","https://ieeexplore.ieee.org/stamp/stamp.jsp?arnumber=9496669","Advanced driver assistance systems;autonomous vehicles;human behavior;human-machine interaction;personalization;biosignal sensors;physiological measurement","Sensors;Biomedical monitoring;Vehicles;Monitoring;Safety;Automobiles;Production","","32","","119","IEEE","26 Jul 2021","15 Sept.15, 2021","","IEEE","IEEE Journals"
"Lane Change Intent Prediction Based on Multi-Channel CNN Considering Vehicle Time-Series Trajectory","Y. Zhang; S. Zhang; R. Luo","Agency for Science, Technology and Research, Institute for Infocomm Research (I2R), Singapore; Agency for Science, Technology and Research, Institute for Infocomm Research (I2R), Singapore; School of electrical and electronic engineering (EEE), Nanyang Technological University (NTU), Singapore",2022 IEEE 25th International Conference on Intelligent Transportation Systems (ITSC),"1 Nov 2022","2022","","","287","292","Recent years, autonomous driving has always been a hot topic, which is regarded as an important means to shape the future of transport. However, safety is always the essential of any auto-pilot systems in the real-world. The safety and security of autonomous vehicles faces big challenges in public acceptance and trust. Thus, being able to accurately perceive the surrounding environment and respond in real time is an important goal of autonomous driving at the decision-making level. In this paper, a lane change prediction model using convolutional neural network is proposed combining the features from space and time. The proposed CNN learns the behavior pattern from historical data and capable of making lane change predictions to assist the decision making of auto-pilot systems in real-time. The experiments are conducted on the Next Generation Simulation (NGSIM) dataset, and we are able to predict up to 7s horizon before the actual lane-change took place with the observations of one second. An accuracy of 99 % is achieved for a 3 second observation window without further feature engineering. Comparisons are performed with tree based and multi-layer perceptron based methods.","","978-1-6654-6880-0","10.1109/ITSC55140.2022.9921941","","https://ieeexplore.ieee.org/stamp/stamp.jsp?arnumber=9921941","NGSIM;Lane change;convolutional neural network;intention prediction;autonomous vehicles","Shape;Decision making;Time series analysis;Predictive models;Real-time systems;Safety;Autopilot","","13","","26","IEEE","1 Nov 2022","8-12 Oct. 2022","8-12 Oct. 2022","IEEE","IEEE Conferences"
"5G Regulatory and Policy Framework in Emerging Economies","L. Banda; F. Mekuria; M. Mzyece","Wits Business School (WBS), University of the Witwatersrand (Wits), Johannesburg, South Africa; Dept of Computer Science, IOTAP/Sustainable Digitalization Research Centre, Malmö University, Malmö, Sweden; Dept of Business & Economics, Northwestern College, Orange City, Iowa, USA",2025 IEEE Future Networks World Forum (FNWF),"2 Jan 2026","2025","","","1","6","The rollout of 5G networks presents a major opportunity for digital transformation in emerging economies, yet regulatory and policy challenges threaten to delay progress. This paper analyzes the current 5G regulatory landscape in emerging economies, focusing on spectrum allocation, licensing, institutional capacity, and regional policy coordination. Using qualitative policy analysis and case studies from South Africa, Nigeria, and Kenya, the study highlights disparities in readiness and identifies critical gaps. Key findings underscore the need for cohesive strategies to address infrastructure, governance, and inclusion. The paper offers policy recommendations, including spectrum reform, regional harmonization, and inclusive regulation, to support an enabling environment for 5G development in emerging economies.","2770-7679","979-8-3315-9193-9","10.1109/FNWF66845.2025.11317188","","https://ieeexplore.ieee.org/stamp/stamp.jsp?arnumber=11317188","5G;Emerging Economies;Framework;Regulation;Policy","Technological innovation;Regulators;5G mobile communication;Digital transformation;Green products;Employment;Focusing;Regulation;Digital twins;Resource management","","1","","17","IEEE","2 Jan 2026","10-12 Nov. 2025","10-12 Nov. 2025","IEEE","IEEE Conferences"
"Focusing on the Ethical Challenges of Data Breaches and Applications","K. Joisten; N. Thiemer; T. Renner; A. Janssen; A. Scheffler","Department of Philosophy, Technical University of Kaiserslautern, Kaiserslautern, Germany; Department of Philosophy, Technical University of Kaiserslautern, Kaiserslautern, Germany; Department of Philosophy, Technical University of Kaiserslautern, Kaiserslautern, Germany; Department of Philosophy, Technical University of Kaiserslautern, Kaiserslautern, Germany; Faculty of Computer Science, Ruhr University Bochum, Bochum, Germany",2022 IEEE International Conference on Assured Autonomy (ICAA),"29 Apr 2022","2022","","","74","82","Ethical challenges of the human lifeworld that are caused by data breaches and applications are steadily increasing. Therefore, a new ethical concept must be brought into focus: Technoethics for Emerging Digital Systems (TEDS). TEDS is presented as an integrative and innovative approach committed to an interdisciplinary perspective. Thereby, TEDS reflects all social areas of the human lifeworld in their ethical scope. With recourse to phenomenological methods, TEDS helps to address ethical implications which arise from deep interference of autonomous systems with the human lifeworld. The meaning of intentional structures and the problem of appresentations in the phenomenological sense still represents a blank gap in the current ethical discourse on the problem of data breaches. The findings provide methods for dealing with ethical challenges and explain the problem area of an appropriate technoethical use in the lifeworld. In this way, problems can already be avoided in the development process of artificial intelligence systems and their applications by specifically searching for blind spots in a technical and ethical manner. Furthermore, this approach helps to assure a technoethical use of autonomous systems in an appropriate way and ultimately leads to a limitation of damages – which may occur in case of malfunctions and data breaches of artificial intelligence systems – in the lifeworld of humans. Our contribution is to introduce TEDS as a new ethical concept that has not existed before. This new concept focuses on the application of phenomenological methods to detect ethical errors in digital systems.","","978-1-6654-8539-5","10.1109/ICAA52185.2022.00018","","https://ieeexplore.ieee.org/stamp/stamp.jsp?arnumber=9763591","Technoethics;ethics;phenomenology;application;privacy;security;AI;autonomous systems;physical world/lifeworld","Ethics;Data privacy;Autonomous systems;Digital systems;Focusing;Interference;Data breach","","7","","34","IEEE","29 Apr 2022","22-24 March 2022","22-24 March 2022","IEEE","IEEE Conferences"
"Accelerating Low-Cost Edge-Based Real-Time Video Analytics using Task Scheduling","K. S. H. Ong; D. Niyato; C. So-In; T. Friedrichs","School of Computer Science and Engineering, Nanyang Technological University, Singapore; School of Computer Science and Engineering, Nanyang Technological University, Singapore; Department of Computer Science, Faculty of Science, Khon Kaen University, Thailand; Robert Bosch (SEA) Pte Ltd, Singapore",2021 IEEE 7th World Forum on Internet of Things (WF-IoT),"9 Nov 2021","2021","","","598","603","Reliable object detection is essential for smart surveillance systems, and video surveillance technology has been significantly improved thanks to Deep-Learning related techniques. The deployment of resource-constraint edge device algorithms based on Deep-Learning objection detection is an attractive approach with a range of challenging practical issues to solve, such as the enforcement of Deep-Learning model inference reliability on inexpensive, general-purpose edge devices. In this paper, we transform the state-of-the-art convolutional Single Single Shot Detector Object-Detection algorithm into a task optimization problem to investigate whether the overall system reliability can be further improved by using an under-studied technique called semi-partitioned rate-monotonic scheduling algorithm. Unlike current non-scheduling based methods, our scheduling approach and system configuration is empirically shown to achieve state-of-the-art results, such as enhancing Real-Time video inference performance from 0.5 frame-per-second (fps) to 2fps (i.e. four-fold increase) with a recorded mean 68% improvement in video fps deviation. Our findings are important as fluctuations in video fps, hereby termed system reliability, is known to affect the detection accuracy of object detection algorithms. Finally, we discuss the results and highlight several observations that have not been explicitly addressed in current literature.","","978-1-6654-4431-6","10.1109/WF-IoT51360.2021.9595588","","https://ieeexplore.ieee.org/stamp/stamp.jsp?arnumber=9595588","edge computing;fixed-priority scheduling;real-time video analytics;object-detection","Performance evaluation;Image edge detection;Visual analytics;Object detection;Detectors;Streaming media;Video surveillance","","3","","24","IEEE","9 Nov 2021","14 June-31 July 2021","14 June-31 July 2021","IEEE","IEEE Conferences"
"Dynamic Service Function Chain (SFC) Deployment for Autonomous Intelligent Systems","X. Kong; L. Peng; S. Rahim","School of Computer Science and Engineering, Kyungpook National University, Daegu, South Korea; School of Computer Science and Engineering, Kyungpook National University, Daegu, South Korea; School of Applied Data Science Department, Noroff University College, Kristiansand, Norway",IEEE Transactions on Consumer Electronics,"19 Dec 2025","2025","71","4","10776","10785","Autonomous Intelligent Systems (AIS), such as autonomous vehicles, smart drones, and robotic swarms, are becoming increasingly prevalent in next-generation intelligent infrastructures. However, AIS environments are characterized by highly dynamic network conditions, severe device heterogeneity, strict end-to-end latency requirements, and strong privacy constraints due to distributed multimodal sensing data. These challenges render traditional Service Function Chain (SFC) deployment approaches, especially centralized or slow-adapting methods, unsuitable for real-world AIS scenarios. To address these challenges, we propose MetaFedDRL, a meta-federated reinforcement learning framework designed for fast, privacy-preserving, and communication-efficient SFC deployment in large-scale AIS networks. MetaFedDRL integrates Model-Agnostic Meta-Learning (MAML), Proximal Policy Optimization (PPO), and Asynchronous Federated Learning (AFL) to learn a generalizable policy initialization across diverse environments. This enables rapid adaptation to new conditions with only a few local gradient updates, significantly reducing convergence time. The framework exchanges only lightweight gradient information, thereby preserving data privacy and minimizing communication overhead. Extensive simulations under dynamic and heterogeneous AIS settings show that MetaFedDRL achieves higher SFC acceptance rates, lower end-to-end latency, reduced average resource consumption, and improved deployment fairness compared to state-of-the-art baselines.","1558-4127","","10.1109/TCE.2025.3612966","National Research Foundation of Korea (NRF) through the Korean government(grant numbers:RS-2024-00457947); BK21 FOUR project through AI-driven Convergence Software Education Research Program; Ministry of Education, School of Computer Science and Engineering, Kyungpook National University, South Korea(grant numbers:4199990214394); ","https://ieeexplore.ieee.org/stamp/stamp.jsp?arnumber=11175338","Service function chain deployment;autonomous intelligent systems;model-agnostic meta-learning;asynchronous federated learning;privacy preservation;low-latency deployment","Artificial intelligence;Delays;Computational modeling;Resource management;Bandwidth;Training;Costs;Optimization;Drones;Data privacy","","3","","24","IEEE","22 Sep 2025","Nov. 2025","","IEEE","IEEE Journals"
"MemWAFL: Efficient Model Aggregation for Wireless Ad Hoc Federated Learning in Sparse Dynamic Networks","K. Eguchi; H. Ochiai; H. Esaki","Graduate School of Information Science and Technology, The University of Tokyo, Tokyo, Japan; Graduate School of Information Science and Technology, The University of Tokyo, Tokyo, Japan; Graduate School of Information Science and Technology, The University of Tokyo, Tokyo, Japan",2023 IEEE Future Networks World Forum (FNWF),"13 May 2024","2023","","","1","5","In recent years, privacy-sensitive data has become increasingly prevalent in autonomous vehicles, smart devices, and sensor nodes that can move around and make opportunistic contact with each other. The federation of these nodes has been discussed in the context of federated learning with a centralized mechanism. However, due to multi-vendor issues, relying on a specific server operated by a third party is not desirable in some cases. To address this challenge, wireless ad hoc federated learning (WAFL) has been proposed to realize a fully distributed collaborative machine learning with the nodes physically encountered. WAFL can develop generalized models from non-lID datasets stored in distributed nodes by exchanging and aggregating them with each other over opportunistic node-to-node contacts. Despite these advancements, WAFL's learning speed and accuracy remain relatively slow in sparsely and dynamically connected situations because the model update frequency has to be lower than that in static and frequently connected situations. In this study, we propose MemWAFL, which improves learning accuracy and speed in sparsely and dynamically connected situations. We incorporated a mechanism to store the models of the nodes contacted in the WAFL learning algorithm. As a result, we successfully improved the average learning speed by up to 1209 epochs and the learning accuracy by up to approximately 0.42% compared to the original WAFL in sparsely and dynamically connected situations.","2770-7679","979-8-3503-2458-7","10.1109/FNWF58287.2023.10520500","","https://ieeexplore.ieee.org/stamp/stamp.jsp?arnumber=10520500","Ad Hoc networks;Decentralized deep learning;Federated learning;Peer-to-Peer systems;Non-lID data","Wireless sensor networks;Federated learning;Heuristic algorithms;Training data;Collaboration;Data models;Ad hoc networks","","2","","13","IEEE","13 May 2024","13-15 Nov. 2023","13-15 Nov. 2023","IEEE","IEEE Conferences"
"One Bit-Flip Away from Collapse: Security and Safety in AI Models and Accelerators","S. Das; S. Bhattacharya; M. H. G. Nejad; S. Kundu; A. Raha; S. Kundu; K. Basu","Department of Electrical and Computer Engineering, The University of Texas at Dallas, Richardson, TX, USA; Department of Electrical and Computer Engineering, The University of Texas at Dallas, Richardson, TX, USA; Department of Electrical and Computer Engineering, The University of Texas at Dallas, Richardson, TX, USA; Advanced Architecture Research, Intel Corporation, Santa Clara, CA, USA; Advanced Architecture Research, Intel Corporation, Santa Clara, CA, USA; Electrical, Computer, and Systems Engineering, Rensselaer Polytechnic Institute, Troy, NY, USA; Intel Labs, San Diego, CA, USA",2025 First International Conference on Intelligent Computing and Systems at the Edge (ICEdge),"6 Mar 2026","2025","1","","1","7","The unprecedented progress in deep learning has led to the widespread deployment of advanced Artificial Intelligence (AI) models, such as deep neural networks (DNNs), convolutional neural networks (CNNs), transformer-based large language models (LLMs), vision-language models (VLMs), and emerging statespace models like Mamba, across domains including healthcare, autonomous systems, satellite communication, and social media. While these models have achieved remarkable performance, their ever-increasing scale and reliance on specialized Edge AI accelerators (used in real-time, battery-operated systems for ondevice deep learning) have exposed critical safety and security vulnerabilities. In particular, both unintentional hardware faults (e.g., soft errors) and adversarial attacks (e.g., fault injection, bitflips) can lead to severe degradation or complete failure of AI systems, with potentially devastating consequences in real-world edge applications. This paper provides a comprehensive review of bit-flip fault and attack vulnerabilities across the AI stack, spanning model architectures and hardware platforms. Integrating insights from existing literature with practical assessments, this study intends to be a valuable reference for those dedicated to creating AI systems that are safe, robust, and secure.","","979-8-3315-7637-0","10.1109/ICEdge67252.2025.11412441","NSF(grant numbers:2537757); ","https://ieeexplore.ieee.org/stamp/stamp.jsp?arnumber=11412441","Deep Neural Networks (DNNs);Large Language Models (LLMs);State-Space Models;Edge AI Accelerators;Soft Errors;Systolic Array;In-Memory Computing","Deep learning;Social networking (online);Large language models;Edge AI;Transformers;Systolic arrays;Hardware;State-space methods;Safety;Security","","1","","42","IEEE","6 Mar 2026","18-20 Dec. 2025","18-20 Dec. 2025","IEEE","IEEE Conferences"
"Mobility IoT -Cars that Think and Communicate-","Y. Sakagami; T. Arakawa; N. Kubota; Y. Toda","National Institute of Information & Communications Technology, Tokyo, Japan; Nippon Institute of Technology, Saitama, Japan; Tokyo Metropolitan University, Tokyo, Japan; Okayama University, Okayama, Japan",2022 IEEE 8th World Forum on Internet of Things (WF-IoT),"22 Jun 2023","2022","","","1","2","Summary form only. The digital society is rapidly developing due to the IoT that connects all things through the Internet. Information sharing and control will include many issues, create various services, solve issues for people and society, and provide affluence. Information on the activities of various people and information on services are attracting attention as important assets. On the other hand, looking at mobility, the creation of further industries such as neural nets, accelerated development of autonomous driving by improving the performance of computers, the spread of MaaS, the construction of smart cities, services in cities and there, and the use of information in the movement of people. Raw is expected. Therefore, collection and analysis of such information from the viewpoint of mobility, personalization, cooperation with environmental information / traffic information, model of human movement and social activities, concealment and use of personal information, highly safe using information, etc. We would like to hold this workshop as a place to present the latest research results on mobility systems.","","978-1-6654-9153-2","10.1109/WF-IoT54382.2022.10152108","","https://ieeexplore.ieee.org/stamp/stamp.jsp?arnumber=10152108","IoT based mobility systems;information collection and analysis;personalization;modeling of human mobilities and social activities;security and use of personal information;high safety mobility system utilizing the information","Autonomous vehicles;System analysis and design;Research and development;Internet of Things;Human-robot interaction;Conferences;Automobiles","","","","","IEEE","22 Jun 2023","26 Oct.-11 Nov. 2022","26 Oct.-11 Nov. 2022","IEEE","IEEE Conferences"
"Smart Self-Diagnosis Method for GPS Attacks and Safety Faults in UAVs","I. G. Ferrão; A. L. De Oliveira; D. Espes; C. Dezan; K. C. Branco",University of São Paulo; Federal University of Juiz de Fora; Université de Bretagne Occidentale; Université de Bretagne Occidentale; University of São Paulo,2024 International Conference on Unmanned Aircraft Systems (ICUAS),"19 Jun 2024","2024","","","1301","1308","Unmanned aerial vehicles (UAVs) have been used in a variety of applications in safety-critical domains such as logistics, transportation, and defense. However, safety assurance is needed for the widespread development and operation of UAVs in urban areas where a failure may lead to physical harm to people, environment, or property. Since UAV s are highly interconnected, security is an important concern for the acceptance of safety-critical UAV applications. Thus, it is needed to ensure that UAV s are protected from attacks, e.g., Global Position System (GPS) signal spoofing, and unauthorized manipulation of flight controls, caused by malicious external agents aiming to compromise system/data confidentiality, integrity, or availability. Artificial Intelligence techniques such as Machine Learning classifiers can be used to support the identification of UAV s attacks. This study presents the development of safety and security diagnostic methods for UAVs. Two multiclass approaches are proposed, focusing on identifying safety-related failures and security threats such as GPS spoofing and jamming attacks. Various machine learning algorithms are employed, and evaluation metrics demonstrate high accuracy rates across models. The study underscores the importance of addressing both safety and security aspects in UAV s operations and provides pre-processing code for reproducibility. The developed methods contribute to enhancing UAV resilience and understanding safety and security measures in unmanned aerial operations.","2575-7296","979-8-3503-5788-2","10.1109/ICUAS60882.2024.10556910","","https://ieeexplore.ieee.org/stamp/stamp.jsp?arnumber=10556910","","Machine learning algorithms;Urban areas;Transportation;Machine learning;Autonomous aerial vehicles;Reproducibility of results;Safety","","4","","26","IEEE","19 Jun 2024","4-7 June 2024","4-7 June 2024","IEEE","IEEE Conferences"
"Predictive Control of Diesel Oxidation Catalysts with Federated Learning in Connected Vehicles","V. P. Chellapandi; Y. Nagaraj; J. Supplee; S. Hernandez-Gonzalez; H. Borhan; S. H. Żak","School of Electrical and Computer Engineering, Purdue University, West Lafayette, IN; Cummins Inc., Columbus, IN; Cummins Inc., Columbus, IN; Cummins Inc., Columbus, IN; Cummins Inc., Columbus, IN; School of Electrical and Computer Engineering, Purdue University, West Lafayette, IN",2024 Forum for Innovative Sustainable Transportation Systems (FISTS),"5 Apr 2024","2024","","","1","6","In various industries, diesel engines continue to be indispensable due to their exceptional fuel efficiency and torque characteristics, all while meeting stringent emissions standards through advanced aftertreatment technologies like Diesel Oxidation Catalysts (DOC), Diesel Particulate Filters (DPF), and Selective Catalytic Reduction (SCR). The critical role of hydrocarbon dosing in Diesel Oxidation Catalysts (DOC) lies in effectively reducing emissions such as hydrocarbons, carbon monoxide, and soluble organic fractions in particulate matter, converting them into H2O and CO2. However, traditional DOC control strategies often struggle to adapt to the dynamic nature of diesel engine operation, resulting in temperature overshoots during transient engine conditions. To address this challenge, an approach is proposed that utilizes Long Short-Term Memory (LSTM) networks within a Federated Learning (FL) framework to predict and control DOC temperature overshoots in realtime, enabling adjustments to the hydrocarbon dosing strategy. This approach not only aims to minimize overshoots but also extends the lifespan of aftertreatment components and reduces emissions. Moreover, when applied to connected vehicles, Federated Learning ensures rigorous data privacy by conducting model training locally within each vehicle, preserving the confidentiality of sensitive information while fostering collaborative improvements in emissions control.","","979-8-3503-7066-9","10.1109/FISTS60717.2024.10485594","","https://ieeexplore.ieee.org/stamp/stamp.jsp?arnumber=10485594","","Training;Temperature distribution;Federated learning;Catalysts;Hydrocarbons;Oxidation;Data models","","6","","30","IEEE","5 Apr 2024","26-28 Feb. 2024","26-28 Feb. 2024","IEEE","IEEE Conferences"
"Video Face Anonymization for Preserving Privacy","G. Megala; R. Venkatesan; T. Vigneshwaran","School of Computer Science and Engineering, Vellore Institute of Technology, Vellore, India; Department of Computer Science and Engineering, SRM TRP Engineering College, Trichy, India; Department of Computer Science and Engineering, SRM TRP Engineering College, Trichy, India","2022 International Conference on Data Science, Agents & Artificial Intelligence (ICDSAAI)","2 Feb 2023","2022","01","","1","5","This work scales with the development of preserving privacy on face anonymization in a video. The aim of this work is to identify, preserve and protect the privacy of individuals who appear in videos with sensitive contexts or wish to conceal their identities before sharing on social media platforms to avoid cyber bullying, cyber stalking and other problems caused by the trend of viral videos in today’s social climate. An automatic face detection is implemented and blurring for processing the video. The experimental results shows that person face privacy is preserved temporal in appearance across video frames.","","979-8-3503-3384-8","10.1109/ICDSAAI55433.2022.10028937","","https://ieeexplore.ieee.org/stamp/stamp.jsp?arnumber=10028937","Anonymization;Convolutional Neural Network;ImageNet","Deep learning;Privacy;Data privacy;Visualization;Face recognition;Feature extraction;Spatial databases","","3","","16","IEEE","2 Feb 2023","8-10 Dec. 2022","8-10 Dec. 2022","IEEE","IEEE Conferences"
"Facilitating Citizen Engagement in Smart City Mobility","A. R. Patel; R. Ahuja; M. Roscia","Department of Industrial Electronics, University of Minho, Guimaraes, Portugal; Centre of Excellence on Safety Engineering & Analytics Indian Institute of Technology, Kharagpur, India; Department of Engineering and Applied Sciences, University of Bergamo, Bergamo, Italy",2024 IEEE 4th International Conference on Sustainable Energy and Future Electric Transportation (SEFET),"24 Oct 2024","2024","","","1","6","As cities around the world embrace smart mobility solutions to address transportation challenges, it is crucial to engage citizens in the development and implementation of these initiatives. Smart city mobility encompasses a range of technologies and strategies aimed at improving transportation efficiency, reducing congestion and emissions, and enhancing accessibility for all residents. However, without meaningful citizen engagement, these solutions run the risk of failing to meet the diverse needs and priorities of the community. This paper explores various approaches to facilitating effective citizen participation in smart city mobility planning and decision-making processes. It examines best practices for gathering citizen input through public forums, surveys, and digital platforms, as well as strategies for incorporating this feedback into policy and project development. The paper also discusses the importance of transparency, education, and capacity-building to empower citizens to make informed contributions. By fostering a collaborative and inclusive approach, cities can ensure that smart mobility solutions are tailored to the unique contexts and aspirations of their communities, ultimately leading to more sustainable, equitable, and citizen-centric urban transportation systems.","","979-8-3503-8399-7","10.1109/SEFET61574.2024.10717973","","https://ieeexplore.ieee.org/stamp/stamp.jsp?arnumber=10717973","Citizen participation;Mobility;Smart cities;Transportation;Urban mobility development","Surveys;Technological innovation;Smart cities;Decision making;Transportation;Collaboration;Planning;Sustainable development;Socioeconomics;Resilience","","3","","49","IEEE","24 Oct 2024","31 July-3 Aug. 2024","31 July-3 Aug. 2024","IEEE","IEEE Conferences"
"INGR Roadmap Edge Services and Automation Chapter","M. Patwary; P. Ramchandran; S. Tibrewala; T. Lala; F. Kautz; E. Coronado; R. Riggio; S. Ganugapati; S. Ranganathan; L. Liu","Birmingham City School of Computing; Dell Technologies /OpenTechForum; Intel; ZcureZ; Doc.ai, CNCF-TUG; i2CAT; i2CAT; AT&T; Intel; Wayne State University",2022 IEEE Future Networks World Forum (FNWF),"8 Mar 2023","2022","","","1","49","The Key drivers have certainly changed, and the 5G-hype has reached the cycle of disillusionment globally in 2021–2022. Communication Service Providers have started re-focusing on few use cases that can leverage the markets for better average revenue per unit (ARPU) for both consumers & Enterprises. The list is short includes 1. Service based use cases based on Service constraints (low latency, high throughput, low jitter) a. HOT (Industry 4.0) b. V2X (Autonomous Vehicle/ Intelligent Transportation Traveling Edge) c. Telehealth / Telemedicine Remote diagnostics d. Content delivery (with Caching. Realtime. Reach Media Internet Applications) e. Ad hoc. Temporary or as needed basis Specfic mission Edge sendees (Emergency, ad hoc major events. DoD combat mission, and more) 2. Radio Based Multi-Access Edge (MEC) with different flavors a. Real Time / Near Real Time enabled Radio Control. Management and XApps based on O-RAN b. Constrained based Edge Infrastructure to optimize Power, Form Factor and Updates to NFV-SDN with OneM2M from ETSI to cover IoT Applications c. The focus on Data Privacy. Security. Data Localization & Analytics Big or Small d. Smart Edge with Containers and Compute & Network acceleration are emerging from Infra structure and Semiconductor players. We name item 1 in above as Edge Service Platform Framework (ESPF-2021) supplementary updates and item 2 in above as Edge Automation Platform Framework (EAPF-2021) updates for INGR.2021 efforts released here in 2022.","2770-7679","978-1-6654-6250-1","10.1109/FNWF55208.2022.00136","","https://ieeexplore.ieee.org/stamp/stamp.jsp?arnumber=10056621","ESPF;ENS;IIOT;V2X;XApps;EAPF;O-RAN;MEC;OneM2M;IoT;5G","Automation;Telemedicine;Media;Throughput;Real-time systems;US Department of Defense;Security;Low latency communication;Radio control;Vehicles","","1","","27","IEEE","8 Mar 2023","10-14 Oct. 2022","10-14 Oct. 2022","IEEE","IEEE Conferences"
"Wireless Technologies for the Next-Generation Train Control and Monitoring System","J. Härri; A. Arriola; P. Aljama; I. Lopez; U. Fuhr; M. Straub","Communication Systems, EURECOM, Sophia-Antipolis, France; Communication Systems Ikerlan, Arrasate-Mondragón, Spain; Communication Systems Ikerlan, Arrasate-Mondragón, Spain; Technology Division, CAF R&D, Beasain, Spain; TCMS Communcations, Bombardier Transportation, Mannheim, Germany; TCMS Communcations, Bombardier Transportation, Mannheim, Germany",2019 IEEE 2nd 5G World Forum (5GWF),"28 Nov 2019","2019","","","179","184","The Next Generation Train Control and Monitoring System (NG-TCMS) represents a major innovation of the European Railway industry introducing a wireless architecture as an enabler to enhanced automation, flexible train management and increased railway capacity. This paper surveys various available and future wireless technologies matching the requirements both at train backbone and consist levels. Illustrating the challenges for a single technology to match all requirements, this paper also highlights the benefits of the upcoming 5G technology for future NG-TCMS.","","978-1-7281-3627-1","10.1109/5GWF.2019.8911648","","https://ieeexplore.ieee.org/stamp/stamp.jsp?arnumber=8911648","5G-V2X;LTE-V2X;Wireless Train Backbone;Wireless Consist Network;5G;NG-TCMS","Wireless communication;Long Term Evolution;Rail transportation;Vehicle-to-everything;Communication system security;Ethernet;5G mobile communication","","18","","25","IEEE","28 Nov 2019","30 Sept.-2 Oct. 2019","30 Sept.-2 Oct. 2019","IEEE","IEEE Conferences"
"Internet of things prospect in Nigeria: Challenges and solutions","O. J. Kunle; O. A. Olubunmi; S. Sani","Faculty of Design Media and Management, Buckinghamshire New University, High Wycombe, Buckinghamshire, GB; Information Technology, School of Science and Technology, Nigeria; Personal Mobile and Satellite Communications, School of Engineering and Informatics, University of Bradford, Bradford, West Yorkshire, GB",2017 IEEE 3rd International Conference on Electro-Technology for National Development (NIGERCON),"8 Feb 2018","2017","","","736","745","This research analyzed key issues and challenges militating against IoT readiness of Nigeria and acceptance. Key issues considered include: Quality of Service, Quality of Experience, government will and policies, infrastructure deficits security issues, privacy etc. The solutions to the challenges were also clearly expatiated to include but not limited to good government policies, national orientation and creation of awareness, encouragement of development of infrastructure, collaborative regulation, enactment of IoT Framework, Nigerian active participation in international Telecommunications Union-T Study Group 20 on Internet of Things Smart Cities and communities and Study Group 13 based on Future Networks like 5G technology, development of relevant human capital and excellent skill sets. The work also dealt with the probable applications of IoT such as health applications, vehicular traffic management, remote monitoring, connected cars etc. The following areas are also identified as the gains of IoT deployment in Nigeria.","2377-2697","978-1-5090-6422-9","10.1109/NIGERCON.2017.8281942","","https://ieeexplore.ieee.org/stamp/stamp.jsp?arnumber=8281942","Connected Vehicles;International Telecommunications Union Internet of Everything (IoE);Internet of Things (IoT);Netizen;Quality of Experience (QoE);Quality of Service (QoS);Radio Frequency Identity (RFID);Smart Cities;Wearable","Internet of Things;Temperature sensors;Government;Security","","8","","14","IEEE","8 Feb 2018","7-10 Nov. 2017","7-10 Nov. 2017","IEEE","IEEE Conferences"
"The emergence of ethics engineering in Industrial Cyber-Physical Systems","P. Leitão; S. Karnouskos","Research Centre in Digitalization and Intelligent Robotics (CeDRI), Instituto Politecnico de Bragança, Bragança, Portugal; SAP, Walldorf, Germany",2022 IEEE 5th International Conference on Industrial Cyber-Physical Systems (ICPS),"18 Jul 2022","2022","","","1","6","Artificial Intelligence (AI) is being successfully adopted in innovative industrial applications in different sectors, e.g., manufacturing, logistics, healthcare, smart grids, and smart transportation. However, the potential direct or indirect threats of using AI are not sufficiently investigated in these domains, and as a result, unwanted vulnerabilities are introduced in industrial applications, e.g., related to business info leakage, privacy, and even undesired/false training and learning of personnel and automated processes. The ethical dimension is new ground for most industrial applications and poses a significant challenge in AI systems overall, and especially for complex Industrial Cyber-Physical Systems (ICPS), which are based on collective intelligence and exhibit autonomy, emergence and self-organization. This work discusses the importance and implications of ethics in industrial AI-based systems such as the ICPS. For this purpose, the concept of ethics in such intelligent systems is surveyed and characterized using a bibliometric literature review, and then, areas linked to ethics, as well as the main challenges for engineering ethically compliant ICPS are discussed.","","978-1-6654-9770-1","10.1109/ICPS51978.2022.9816931","FCT(grant numbers:UIDB/05757/2020); ","https://ieeexplore.ieee.org/stamp/stamp.jsp?arnumber=9816931","","","","4","","20","IEEE","18 Jul 2022","24-26 May 2022","24-26 May 2022","IEEE","IEEE Conferences"
"AI Trustworthy: Ethical Challenges and Strategies","J. Liu; I. Sandjaja; D. C. Wunsch","Kummer Institute Center for Artificial Intelligence and Autonomous Systems, Missouri University of Science and Technology, Rolla, USA; Department of Electrical and Computer Engineering, Missouri University of Science and Technology, Rolla, USA; Kummer Institute Center for Artificial Intelligence and Autonomous Systems, Missouri University of Science and Technology, Rolla, USA","2024 IEEE International Conference on Service Operations and Logistics, and Informatics (SOLI)","15 Apr 2025","2024","","","1","6","This paper explores the pivotal role of trust in the widespread application of Artificial Intelligence (AI) across various domains. We review AI applications in sectors like energy, healthcare, and autonomous vehicles and discuss the crisis of human trust they face. This paper introduces a novel framework that delineates the relationship between AI transparency and user trust, highlighting specific industry applications. Through a systematic review of recent literature, we first delve into factors such as emotional response, acceptance, transparency, accuracy, and interpretability that shape human trust in AI. We then underscore the necessity of ethical AI practices and highlight the importance of regulatory measures to keep pace with technological advancements. Finally, we propose strategic measures for maintaining trust in AI, focusing on stringent regulation, ethical authorization, and effective human-AI cooperation, thereby contributing to the ongoing discourse on AI trust.","2768-1890","979-8-3503-7916-7","10.1109/SOLI63266.2024.10956105","Army Research Laboratory(grant numbers:W911NF-22-2-0209); ","https://ieeexplore.ieee.org/stamp/stamp.jsp?arnumber=10956105","artificial intelligence;trustworthiness;ethics;regulation and policy;decision-making","Ethics;Shape;Shape measurement;Industry applications;Medical services;Regulation;Artificial intelligence;Informatics;Systematic literature review;Logistics","","1","","72","IEEE","15 Apr 2025","22-24 June 2024","22-24 June 2024","IEEE","IEEE Conferences"
"Deep learning in the automotive industry: Applications and tools","A. Luckow; M. Cook; N. Ashcraft; E. Weill; E. Djerekarov; B. Vorster","BMW Group, IT Research Center, Greenville, SC, USA; BMW Group, IT Research Center, Greenville, SC, USA; Clemson University, Clemson, South Carolina, USA; University of Cincinnati, Cincinnati, Ohio, USA; BMW Group, IT Research Center, Greenville, SC, USA; BMW Group, IT Research Center, Greenville, SC, USA",2016 IEEE International Conference on Big Data (Big Data),"6 Feb 2017","2016","","","3759","3768","Deep Learning refers to a set of machine learning techniques that utilize neural networks with many hidden layers for tasks, such as image classification, speech recognition, language understanding. Deep learning has been proven to be very effective in these domains and is pervasively used by many Internet services. In this paper, we describe different automotive uses cases for deep learning in particular in the domain of computer vision. We surveys the current state-of-the-art in libraries, tools and infrastructures (e. g. GPUs and clouds) for implementing, training and deploying deep neural networks. We particularly focus on convolutional neural networks and computer vision use cases, such as the visual inspection process in manufacturing plants and the analysis of social media data. To train neural networks, curated and labeled datasets are essential. In particular, both the availability and scope of such datasets is typically very limited. A main contribution of this paper is the creation of an automotive dataset, that allows us to learn and automatically recognize different vehicle properties. We describe an end-to-end deep learning application utilizing a mobile app for data collection and process support, and an Amazon-based cloud backend for storage and training. For training we evaluate the use of cloud and on-premises infrastructures (including multiple GPUs) in conjunction with different neural network architectures and frameworks. We assess both the training times as well as the accuracy of the classifier. Finally, we demonstrate the effectiveness of the trained classifier in a real world setting during manufacturing process.","","978-1-4673-9005-7","10.1109/BigData.2016.7841045","","https://ieeexplore.ieee.org/stamp/stamp.jsp?arnumber=7841045","Deep Learning;Cloud Computing;Automotive;Manufacturing","Machine learning;Neural networks;Training;Computational modeling;Automotive engineering;Sparks;Libraries","","119","1","69","IEEE","6 Feb 2017","5-8 Dec. 2016","5-8 Dec. 2016","IEEE","IEEE Conferences"
"Internet of Things Ecosystems: Unpacking Legal Relationships and Liabilities","C. Millard; W. K. Hon; J. Singh","Centre for Commercial Law Studies, Queen Mary University of London, London, England; Centre for Commercial Law Studies, Queen Mary University of London, London, England; Computer Laboratory, University of Cambridge, Cambridge, England",2017 IEEE International Conference on Cloud Engineering (IC2E),"11 May 2017","2017","","","286","291","This paper provides a survey of key legal questions arising from the development of Internet of Things ecosystems. We analyse in particular the types of relationships and liabilities that are likely to emerge as Internet of Things ecosystems evolve and we consider implications for both organisations and individuals by reference to specific legal and regulatory considerations. In terms of jurisdictional scope, our main focus is the EU but we also provide examples from other parts of the world.","","978-1-5090-5817-4","10.1109/IC2E.2017.46","","https://ieeexplore.ieee.org/stamp/stamp.jsp?arnumber=7923814","IoT;Internet of Things;Cloud;Cloud Computing;law;technology;policy;liability;regulation;contracts;consumer protection;cyber-risk;insurance","Law;Contracts;Ecosystems;Cloud computing;Internet of Things","","6","","31","IEEE","11 May 2017","4-7 April 2017","4-7 April 2017","IEEE","IEEE Conferences"
"Deployment of Compressed MobileNet V3 on iMX RT 1060","S. P. K. Prasad; M. El-Sharkawy","Department of Electrical and Computer Engineering, IOT Collaboratory IUPUI, Purdue School of Engineering and Technology, Indianapolis, USA; Department of Electrical and Computer Engineering, IOT Collaboratory IUPUI, Purdue School of Engineering and Technology, Indianapolis, USA","2021 IEEE International IOT, Electronics and Mechatronics Conference (IEMTRONICS)","14 May 2021","2021","","","1","4","Deep Neural Networks (DNN) are prominent in most applications today. From self-driving cars, sentiment analysis, surveillance systems, and robotics, they have been used extensively. Among DNNs, Convolutional Neural Networks (CNN) have achieved massive success in computer vision applications as the human visual system inspires their architecture. However, striving to achieve higher accuracies, CNN complexity, parameters, and layers were increased, which led to a drastic surge in their size, making their deployment challenging. Over the years, many researchers have proposed various techniques to alleviate this issue-one of them being Design Space Exploration (DSE) to minimize size and computation with little compromise to accuracy. MobileNet V3 is one such architecture designed to achieve good accuracy while being mindful of resources. It produces an accuracy of 88.93% on CIFAR-10 with a size of 15.3MB. This paper further reduces its size to 2.3MB while boosting its accuracy to 89.13% using DSE techniques. It is then deployed into NXP's i.MX RT1060 Advanced Driver Assistance System (ADAS) platform.","","978-1-6654-4067-7","10.1109/IEMTRONICS52119.2021.9422512","Indiana University Pervasive Technology Institute; ","https://ieeexplore.ieee.org/stamp/stamp.jsp?arnumber=9422512","","Sentiment analysis;Mechatronics;Surveillance;Conferences;Neural networks;Computer architecture;Visual systems","","1","","24","IEEE","14 May 2021","21-24 April 2021","21-24 April 2021","IEEE","IEEE Conferences"
"AI TECH: To Predict Future Pandemics","S. Singh; N. Singh; A. Saxena; G. Singh","Department of Computer Science and Engineering, Manipal University, Jaipur, Jaipur, India; Department of Computer Science and Engineering, IIIT Sri City, Chitoor, Chitoor, India; Department of Networking and Communication, SRM Institute of Science and Technology, KTR, Chennai, India; Department of Electronics and Communication Engineering, Malaviya National Instittue of Technology, Jaipur, Jaipur, India",2025 IEEE International Symposium on Smart Electronic Systems (iSES),"1 May 2026","2025","","","78","80","The increasing frequency and severity of pandemics across the globe necessitate advanced tools to predict and mitigate future outbreaks. This review paper explores the role of Artificial Intelligence (AI) in forecasting pandemics by analyzing massive, diverse datasets like health records, environmental changes, and even social media posts. AI technologies can enable early detection of a potential threat, along with identification of hot spots, facilitating prompt proactive measures to contain the threat. Machine learning algorithms are instrumental in modeling the spread of infectious diseases, enabling public health authorities to make timely interventions and strategic resource allocation. The paper also highlights the challenges of using AI, including data accuracy and privacy, as well as the ethical concerns around relying on AI for such critical decision-making. The review concludes with a discussion on the future directions of AI in pandemic preparedness, emphasizing the need for interdisciplinary collaboration to develop robust, scalable, and ethically sound AI systems that can better anticipate and respond to global health threats.","2832-3602","979-8-3315-5366-1","10.1109/iSES67504.2025.00025","","https://ieeexplore.ieee.org/stamp/stamp.jsp?arnumber=11489975","Artificial intelligence;data analytics;pattern identifications;machine algorithms","Feeds;Protocols;HTTP;Wireless Access in Vehicular Environments;Artificial intelligence;Learning (artificial intelligence);Machine learning;Predictive models;Autonomous vehicles;Prediction methods","","","","12","IEEE","1 May 2026","13-17 Dec. 2025","13-17 Dec. 2025","IEEE","IEEE Conferences"
"AI Assurance for the Public – Trust but Verify, Continuously","P. Laplante; R. Kuhn","Engineering Penn State, Malvern, USA; NIST, Computer Security Division, Gaithersburg, USA",2022 IEEE 29th Annual Software Technology Conference (STC),"18 Nov 2022","2022","","","174","180","Artificial intelligence (AI) systems are increasingly seen in many public facing applications such as self-driving land vehicles, autonomous aircraft, medical systems and financial systems. AI systems should equal or surpass human performance, but given the consequences of failure or erroneous or unfair decisions in these systems, how do we assure the public that these systems work as intended and will not cause harm? For example, that an autonomous vehicle does not crash or that intelligent credit scoring system is not biased, even after passing substantial acceptance testing prior to release. In this paper we discuss AI trust and assurance and related concepts, that is, assured autonomy, particularly for critical systems. Then we discuss how to establish trust through AI assurance activities throughout the system development lifecycle. Finally, we introduce a “trust but verify continuously” approach to AI assurance, which describes assured autonomy activities in a model based systems development context and includes postdelivery activities for continuous assurance.","","978-1-6654-8864-8","10.1109/STC55697.2022.00032","","https://ieeexplore.ieee.org/stamp/stamp.jsp?arnumber=9951036","artificial intelligence;zero trust;explainable AI","Philosophical considerations;Buildings;Vehicle crash testing;Computer architecture;Software;Land vehicles;Artificial intelligence","","6","","13","IEEE","18 Nov 2022","3-6 Oct. 2022","3-6 Oct. 2022","IEEE","IEEE Conferences"
"Real-Time Analytics for Big Data in Smart City Applications: Transforming Urban Environments with Data-Driven Insights","A. Khanderi; G. Rajaram; R. R. Hussein; P. Johri; T. Mohanraj; M. Balamurugan","Walmart Inc. Senior Data Engineer, Bentonville, Arkansas; Department of CSE, SIMATS Engineering, Saveetha School of Engineering, Saveetha Institute of Medical and Technical Sciences, Chennai, India; Department of Computers Techniques Engineering, College of Technical Engineering, The Islamic University, Najaf, Iraq; School of Computing Science and Engineering, Galgotias University, Greater Noida, India; Department of Computer Science Engineering, Karpagam Academy of Higher Education, Coimbatore, India; Department of EEE, Excel Engineering College, Komarapalayam, India",2025 International Conference on Automation and Computation (AUTOCOM),"16 Apr 2025","2025","","","302","306","This paper offers an overview of real-time analytics for smart cities proposing a framework for real-time data processing to improve the urban landscape. In the proposed system, large-scale data-streams can be processed using advanced machine learning algorithms, edge computing, and distributed data storage. Analyzing the outcomes of the evaluation procedure evidences reportable performance enhancements in the areas of smart city applications. Average traffic speed in transportation systems in the same period rose by 60%, concurrency and response to incidents likewise cut down by 40% and 53% respectively. The energy management systems responded with a 16% decrease in maximum energy load and the waste reduction was by 50%, while the costs savings was by 25% increase. Public safety applications alone realised a 60% decrease in the time taken to detect a crime and a 28.6% increase in efficiency on disaster resources with an overall spike in public satisfaction of 25.7%. Such findings improve the understanding of how this framework can increase urban efficiency, sustainability, and quality of life, which makes the solution usable in future smart city projects.","","979-8-3315-4237-5","10.1109/AUTOCOM64127.2025.10956868","","https://ieeexplore.ieee.org/stamp/stamp.jsp?arnumber=10956868","Smart City;Real-Time Analytics;Big Data;Urban Environment;Data-Driven Insights;Performance Metrics;Traffic Speed;Congestion Reduction;Energy Demand Reduction;Sustainable Urban Development","Waste reduction;Energy consumption;Costs;Smart cities;Disasters;Memory;Big Data;Real-time systems;Energy management systems;Vehicle dynamics","","5","","17","IEEE","16 Apr 2025","4-6 March 2025","4-6 March 2025","IEEE","IEEE Conferences"
"Enhancing IoT Network Security through Adaptive Curriculum Learning and XAI","S. Narkedimilli; S. Makam; A. V. Sriram; S. Prashanth Mallellu; M. Sathvik; R. V. Prasad","Département Informatique et Réseaux (INFRES), Télécom Paris, Institut Polytechnique de Paris (IP Paris), Paris, France; CGI Information Systems and Management Consultants Pvt. Ltd., Bengaluru, India; CGI Information Systems and Management Consultants Pvt. Ltd., Bengaluru, India; Department of Computer Science and Engineering, Symbiosis Institute of Technology, Hyderabad Campus, Symbiosis International University, Pune, India; Department of Electronics and Communication, Indian Institute of Information Technology, Dharwad, India; Delft University of Technology, The Netherlands",2025 IEEE Future Networks World Forum (FNWF),"2 Jan 2026","2025","","","1","6","To address the critical need for secure IoT networks, this study presents a scalable and lightweight Curriculum Learning framework enhanced with Explainable AI (XAI) techniques, like LIME, to ensure transparency and adaptability. The proposed model employs a novel neural network architecture utilized at every stage of Curriculum Learning to efficiently capture and focus on both short- and long-term temporal dependencies, improve learning stability, and enhance accuracy while remaining lightweight and robust against noise in sequential IoT data. Robustness is achieved through staged learning, where the model iteratively refines itself by removing low-relevance features and optimizing performance. The workflow includes edge-optimized quantization and pruning to ensure portability that could easily be deployed in edge IoT devices. An ensemble model incorporating Random Forest, XGBoost, and the staged learning base further enhances generalization. The results demonstrate 98% accuracy on CIC-IoV-2024 and CIC-APT-IIoT-2024 datasets and 97% on EDGE-IIoT, establishing this framework as a robust, transparent, and high-performance solution for IoT network security.","2770-7679","979-8-3315-9193-9","10.1109/FNWF66845.2025.11317635","","https://ieeexplore.ieee.org/stamp/stamp.jsp?arnumber=11317635","Curriculum Learning;Explainable Artificial Intelligence (XAI);Intrusion Detection System;IoT Network Security","Training;Adaptation models;Accuracy;Explainable AI;Neural networks;Network security;Robustness;Data models;Internet of Things;Thermal stability","","3","","19","IEEE","2 Jan 2026","10-12 Nov. 2025","10-12 Nov. 2025","IEEE","IEEE Conferences"
"Deep Learning Based Hand Wrist Crease Object Detection Models: An In-Depth Analysis","G. Elumalai; G. Malathi","School of Computer Science and Engineering, Vellore Institute of Technology, Chennai Campus, Chennai, Tamil Nadu, India; School of Computer Science and Engineering, Vellore Institute of Technology, Chennai Campus, Chennai, Tamil Nadu, India",IEEE Access,"17 Jun 2024","2024","12","","83125","83139","Deep learning has evolved dramatically in recent years, resulting in a wide range of useful applications in various fields, such as computer vision, natural language processing, robotics, and autonomous vehicles. This expansion demonstrates the high transformative potential of deep learning techniques in real-world applications. This study addresses two critical challenges in this context. First, we recognized the unique potential of hand wrist creases as robust biometric identifiers for individuals. Second, we acknowledge the importance of custom deep learning models in enhancing the accuracy of object detection for hand wrist creases. In response, we propose a novel deep learning method for hand wrist crease object detection by leveraging, custom yolov8 models in this research. Our experiments involved comparing the performance of the custom Yolov8 with the Yolov5 and Yolov8 models. Notably, the custom Yolov8x model achieved an impressive object-detection accuracy of 97.1%.This innovative approach has the potential to significantly affect the development of biometric security systems, particularly in scenarios where traditional biometric identifiers are impractical or unreliable. By harnessing the power of deep learning and custom model architectures, this study paves the way for more accurate and reliable biometric identification systems, contributing to the advancement of security measures in a wide range of applications and domains.","2169-3536","","10.1109/ACCESS.2024.3409087","","https://ieeexplore.ieee.org/stamp/stamp.jsp?arnumber=10547065","Hand wrist crease;object detection;YOLO;HWBID;HWC-Yolov8","Wrist;Biometrics (access control);YOLO;Deep learning;Training;Security;Feature extraction","","2","","38","CCBY","3 Jun 2024","2024","","IEEE","IEEE Journals"
"Optimizing 3GPP 5G NEF Integration: Enhancing Programmable Networks Through NEF and UPF Interoperability","A. S. L; M. Patwary","5G CORE Design Architect, Communications Service Provider, Riyadh, Saudi Arabia; University of Wolverhampton, Wolverhampton, United Kingdom",2024 IEEE Future Networks World Forum (FNWF),"12 Jun 2025","2024","","","423","427","This paper investigates a novel approach to enhancing the 3GPP Network Exposure Function (NEF) within 5G core networks, aimed at advancing programmable network capabilities. The research identifies key challenges currently hindering NEF adoption by Communication Service Providers (CSPs), including complexities in user application traffic identification and security concerns associated with CSP-specific Software Development Kits (SDKs). To address these issues, we propose an integration of NEF with the User Plane Function (UPF) at the control plane level. This integration optimizes Business to Customer/Business to Business (B2C/B2B) use cases, such as automatic Quality of Service (QoS) upgrades within a Network as a Service (NaaS) framework. By relying on the direct communication between UPF and NEF—rather than on the 3PP server to provide Traffic Flow Template (TFT) parameters—our approach eliminates the need for 3PP involvement in traffic flow management, significantly reducing delays in QoS adjustments and enhancing real-time network responsiveness. This integration facilitates immediate traffic flow identification at the network layer, leading to faster QoS provisioning and enhanced resource allocation. The proposed framework demonstrates improvements for 5G and beyond-5G (B5G) deployments, potentially enabling CSPs to optimize service delivery and support network monetization.","2770-7679","979-8-3503-7949-5","10.1109/FNWF63303.2024.11028837","","https://ieeexplore.ieee.org/stamp/stamp.jsp?arnumber=11028837","5G;Beyond5G;NaaS API;5G CORE;QoS;PCF;UPF;5G Monetization","5G mobile communication;Quality of service;Real-time systems;Complexity theory;Thin film transistors;IP networks;3GPP;Servers;Interoperability;Business","","4","","9","IEEE","12 Jun 2025","15-17 Oct. 2024","15-17 Oct. 2024","IEEE","IEEE Conferences"
"R-LiViT: A LiDAR-Visual-Thermal Dataset Enabling Vulnerable Road User Focused Roadside Perception","J. Mirlach; L. Wan; A. Wiedholz; H. E. Keen; A. Eich",XITASO GmbH; XITASO GmbH; XITASO GmbH; XITASO GmbH; LiangDao GmbH,2025 IEEE/CVF International Conference on Computer Vision (ICCV),"29 Apr 2026","2025","","","28375","28384","In autonomous driving, the integration of roadside perception systems is essential for overcoming occlusion challenges and enhancing the safety of Vulnerable Road Users (VRUs). While LiDAR and visual (RGB) sensors are commonly used, thermal imaging remains underrepresented in datasets, despite its acknowledged advantages for VRU detection in extreme lighting conditions. In this paper, we present R-LiViT, the first dataset to combine LiDAR, RGB, and thermal imaging from a roadside perspective, with a strong focus on VRUs. R-LiViT captures three intersections during both day and night, ensuring a diverse dataset. It includes 10,000 LiDAR frames and 2,400 temporally and spatially aligned RGB and thermal images across 150 traffic scenarios, with 7 and 8 annotated classes respectively, providing a comprehensive resource for tasks such as object detection and tracking. The dataset11https://doi.org/10.5281/zenodo.16356714 and the code for reproducing our evaluation results22https://github.com/XITASO/r-livit are made publicly available.","2380-7504","979-8-3315-8775-8","10.1109/ICCV51701.2025.02635","","https://ieeexplore.ieee.org/stamp/stamp.jsp?arnumber=11444494","roadside perception;camera;lidar;thermal camera;3d perception;autonomous driving;dataset","Sensor systems;Aerospace and electronic systems;Vehicle-to-everything;Communication systems;Protocols;Wide area networks;HTTP;Computer networks;Location awareness;Mobile communication","","3","","40","IEEE","29 Apr 2026","19-25 Oct. 2025","19-25 Oct. 2025","IEEE","IEEE Conferences"
"Deep Neural Networks Study for Advanced Code-reuse Attacks Detection","J. M. Oliveira; A. Musa; E. Parisi; F. Barchi; A. Acquaviva","Department of Electrical, Electronic, and Information Engineering (DEI), University of Bologna, Bologna, Italy; Department of Electrical, Electronic, and Information Engineering (DEI), University of Bologna, Bologna, Italy; Computer Sciences Department, BSC, Barcelona, Spain; Department of Electrical, Electronic, and Information Engineering (DEI), University of Bologna, Bologna, Italy; Department of Electrical, Electronic, and Information Engineering (DEI), University of Bologna, Bologna, Italy",2025 IEEE 9th Forum on Research and Technologies for Society and Industry (RTSI),"28 Oct 2025","2025","","","332","337","The RISC-V architecture is becoming increasingly common in embedded systems, including industrial controllers and autonomous vehicles, where security is a critical concern. These systems require protection against cyberattacks that can compromise program flow and trigger malicious behavior. Recent approaches to applying Control Flow Integrity (CFI) in RISC-V systems involve either modifying the instruction set architecture or implementing custom hardware IP. Although effective against many Code Reuse Attacks (CRAs), these countermeasures often depend on specialized toolchains, custom binaries, or dedicated CFI hardware. Deep Learning (DL)-based techniques, on the other hand, can learn complex, high-dimensional signatures of code reuse, and they can incorporate features from any instruction stream or microarchitectural trace. In this work, we propose and evaluate several Deep Neural Network (DNN) architectures for detecting CRAs. Specifically, we propose a framework for dataset creation and supervised and semi-supervised training of DNNs. These DNNs integrate state-of-the-art embedding mechanisms along with recurrent, and attention layers, allowing us to evaluate their performance in recognizing valid execution paths within benchmark programs. Execution traces were extracted using QEMU on RISC-V architectures and using the Intel Processor Trace (IPT) on Intel x86_64 architectures. Our results show that a simple RNN based on GRU layers is sufficient to achieve 99% accuracy in Intel x86_64 and 96% accuracy in RISC-V.","2687-6817","979-8-3315-9788-7","10.1109/RTSI64020.2025.11212515","","https://ieeexplore.ieee.org/stamp/stamp.jsp?arnumber=11212515","Deep Learning;Code Reuse Attacks Detection;RISC-V;Instruction Traces;Cybersecurity","Deep learning;Performance evaluation;Training;Accuracy;Instruction sets;Computer architecture;Artificial neural networks;Hardware;Tokenization;Real-time systems","","1","","16","IEEE","28 Oct 2025","24-26 Aug. 2025","24-26 Aug. 2025","IEEE","IEEE Conferences"
"Trust-oriented HMI Design for Conditional Autonomous Driving Takeover Systems","Q. Sun; S. Hou; J. Yao; P. Cheng","Harbin Institute of Technology, Shenzhen, Shenzhen, China; Harbin Institute of Technology, Shenzhen, Shenzhen, China; Harbin Institute of Technology, Shenzhen, Shenzhen, China; Harbin Institute of Technology, Shenzhen, Shenzhen, China",2022 3rd International Conference on Intelligent Design (ICID),"8 Dec 2022","2022","","","196","199","Conditional Autonomous Driving (CAD) will become widespread in the next few years, but the driving features of human-vehicle co-driving could mean significant safety and trust issues. A good cooperation between human and vehicles requires the driver to trust the vehicle appropriately, otherwise it will lead to misuse or disuse of the vehicle by the driver. In this study, based on the theoretical model of trust in automation through literature review, we conducted semi-structured interviews with eight drivers (male=4, female=4) to collect drivers' information needs in the full phase of CAD and preference of existing HMI design. The data was organized and coded based on the interview results. We sorted out the priority of the first 6 HMI messages in pre-takeover, in-takeover and after-takeover stages respectively. The findings were applied to the visual (dashboard and center control screen) and audio HMI in typical takeover scenarios to increase driver's trust in the autonomous driving takeover system and improve driver acceptance and security perception of CAD vehicles.","","978-1-6654-7677-5","10.1109/ICID57362.2022.9969690","National Natural Science Foundation of China(grant numbers:62107011); ","https://ieeexplore.ieee.org/stamp/stamp.jsp?arnumber=9969690","trust in automation;conditional autonomous driving;takeover system;HMI design","Visualization;Solid modeling;Automation;Bibliographies;Psychology;Safety;Security","","1","","14","IEEE","8 Dec 2022","21-23 Oct. 2022","21-23 Oct. 2022","IEEE","IEEE Conferences"
"Measuring trust in automated driving using a multi-level approach to human factors","P. Clement; H. Danzinger; O. Veledar; C. Könczöl; G. Macher; A. Eichberger","ADAS/AD Dev. and Validation AVL List GmbH, Graz, Austria; Driving Attributes Assessment and Dev. AVL List GmbH, Graz, Austria; Research and Techn. Development AVL List GmbH, Graz, Austria; Institute of Psychology, University of Graz, Graz, Austria; Institute for Technical Informatics, Graz University of Technology, Graz, Austria; Institute of Automotive Engineering, Graz University of Technology, Graz, Austria",2021 24th Euromicro Conference on Digital System Design (DSD),"11 Oct 2021","2021","","","410","417","As the driving is shifting towards automation, the maximization of related benefits would profit from improved user acceptance of the new technology. Studies suggest a strong connection between acceptance and trust in technical solutions. We investigate the improvement of user trust to driving automation through demonstrations carried out in a sophisticated driving simulator. The study correlates subjective data with objective psychophysiological measurements. The multi-factorial and multivariate analysis of variance investigates the influence of learning effects and pre-experience with advanced driver assistance systems on trust. Results show improvement in trust through user interaction with a human-machine interface of the demonstrated AD system, hence illustrating the relevance of human-centered development processes. The conclusion is supported by the observation of driver cardiac signals.","","978-1-6654-2703-6","10.1109/DSD53832.2021.00069","","https://ieeexplore.ieee.org/stamp/stamp.jsp?arnumber=9556399","In-cabin measurement;HMI;trust;comfort;driver state;ADAS/AD;multi-level approach;psychophysiology;heart-rate","Automation;Digital systems;Data integrity;Machine learning;Human factors;Particle measurements;User experience","","10","","37","IEEE","11 Oct 2021","1-3 Sept. 2021","1-3 Sept. 2021","IEEE","IEEE Conferences"
"A Novel Dual FedAux-based Harvested Energy Prediction for Road Safety Systems","P. S. M. Traoré; W. Jaafar; F. Baldé","Dept. Computer Science, Université Alioune Diop, Bambey, Sénégal; Dept. Software and IT Engineering, École de Technologie Supérieure (ÉTS), Montreal, Canada; Dept. Computer Science, Université Alioune Diop, Bambey, Sénégal",2024 IEEE World Forum on Public Safety Technology (WFPST),"30 Jul 2024","2024","","","68","73","In the evolving landscape of road safety, the role of solar-powered Internet-of-Things (IoT) devices, crucial for supporting connected and autonomous vehicles (CAVs) with enhanced computing and storage capabilities, is increasingly significant These devices, often deployed in remote areas such as transcontinental highways, rely heavily on their energy harvesting capabilities for optimal operation. Given their expected widespread deployment, this paper explores the challenge of accurately predicting harvested energy in such IoT devices. To do so, we introduce ""Dual FedAux"", a novel approach that blends Federated Learning with a dual-model architecture, integrating long short-term memory (LSTM) and Transformer models. This combination, which is enhanced with meta-learning, i.e., stacking ensemble learning, is particularly adapted for time series analysis, such as for energy prediction. Through experiments, we demonstrate that the proposed Dual FedAux significantly outperforms benchmark models in terms of root-mean-square error (RMSE) and convergence, thus underscoring its potential to enhance the efficiency and reliability of large-scale road safety IoT-based systems.","","979-8-3503-2914-8","10.1109/WFPST58552.2024.00006","","https://ieeexplore.ieee.org/stamp/stamp.jsp?arnumber=10607021","Federated Learning;IoT;Energy harvesting;FedAux;energy prediction","Computational modeling;Time series analysis;Solar energy;Computer architecture;Predictive models;Transformers;Road safety","","1","","15","IEEE","30 Jul 2024","14-15 May 2024","14-15 May 2024","IEEE","IEEE Conferences"
"Technical Factors Matter for Driving Behavior Analysis: Experiment and Validation","Y. Wei; W. Wang; C. Zhang; J. Xi","Department of Mechanical Engineering, Beijing Institute of Technology, Beijing, China; Department of Mechanical Engineering, Beijing Institute of Technology, Beijing, China; Department of Mechanical Engineering, Beijing Institute of Technology, Beijing, China; Department of Mechanical Engineering, Beijing Institute of Technology, Beijing, China",IEEE Transactions on Intelligent Vehicles,"16 Oct 2025","2025","10","7","4026","4037","Technological factors like driver assistance systems have the potential to influence human driving behavior, forming their driving habits. However, the precise mechanisms underlying the impact of these technological factors on behavior remain elusive. This paper specifically targets drive modes (i.e., eco and sport) as the technological factors and explores their influence on humans' driving behavior. First, we collect naturalistic and simulation driving data from 16 drivers who operated vehicles in eco and sport modes. We then employ eight hypothesis tests to analyze the changes in driving behavior with eco and sport modes. This study reveals that human drivers' behavior preferences are related to the level of urgency of the driving task that needs to be completed, with observable behavior characteristics being contingent upon both the drive mode and the complexity of traffic situations. We experimentally speculate that single-drive modes such as eco or sport mode cannot adapt to the full range of driving needs due to differences in the level of urgency of driving tasks to be completed, which is further validated with practical applications in simulation. These findings provide the basis for improving the acceptance of human-centric driver assistance systems for different vehicles.","2379-8904","","10.1109/TIV.2024.3471255","National Natural Science Foundation of China(grant numbers:52272411); Basic Product Innovation Plan for Vehicle Power Scientific Research Project(grant numbers:DLZX202306); ","https://ieeexplore.ieee.org/stamp/stamp.jsp?arnumber=10700671","Behavior preference;driving behavior;hypothesis testing;technical factors","Security;Vehicle dynamics;Data collection;Damping;Testing;Driver behavior;Simulation;Autonomous vehicles","","2","","35","IEEE","30 Sep 2024","July 2025","","IEEE","IEEE Journals"
"Toward Keyword Extraction in Constrained Information Retrieval in Vehicle Social Network","Z. Yang; H. Yu; J. Tang; H. Liu","College of Computer Science, Beijing University of Technology, Beijing, China; College of Computer Science, Beijing University of Technology, Beijing, China; Department of Computer Science and Engineering, Michigan State University, East Lansing, MI, USA; School of Computing, Informatics, and Decision Systems Engineering, Ira A. Fulton Schools of Engineering, Arizona State University, Tempe, AZ, USA",IEEE Transactions on Vehicular Technology,"28 May 2019","2019","68","5","4285","4294","With the emergence of various vehicular apps for automotive navigation, driving safety, and in-car entertainment system, vehicular social data is starting to explode. Such an explosion has posed a great challenge for a centralized pattern of computing, storing, and managing information, calling for a more decentralized (cloud-based) style of processing data for vehicular social network. Decentralized information processing requires encryption of sensitive information prior to out-sourcing for the purpose of protecting data from unsolicited access and thus a searchable keyword index needs to be extracted from the encrypted document for solicited access. However, most existing searchable encryption schemes, based on the words in the subject or content, suffers from poor retrieval performance. In this study, a novel keyword extraction metric based on spatial distribution of a particular text is proposed with the view to improving the retrieval performance. In the proposed solution, constrained information retrieval in vehicle social network is conceptualized as retrieval of data with extremely strict security and privacy preserving policies and a cloud-based vehicle social information retrieval framework is developed. In line with the framework, experiments have been conducted on benchmark data sets and diverse evaluation metrics. The results suggest that the solution proposed in this paper is capable of a wider application and a better performance.","1939-9359","","10.1109/TVT.2019.2906799","National Natural Science Foundation of China(grant numbers:61671030); National Key R&D Program of China(grant numbers:2016YFB0801100); Industrial Internet Innovation Development Project; Ministry of Industry and Information Technology of China in 2018; ","https://ieeexplore.ieee.org/stamp/stamp.jsp?arnumber=8672487","Constrained information retrieval;vehicle social network;content analysis;keyword extraction","Social networking (online);Encryption;Cloud computing;Indexes","","20","","92","IEEE","21 Mar 2019","May 2019","","IEEE","IEEE Journals"
"Standard Latent Space Dimension for Network Intrusion Detection Systems Datasets","R. F. Moyano; A. Duque; D. Riofrío; N. Pérez; D. Benitez; M. Baldeon-Calisto; D. Fernández","Colegio de Ciencias e Ingenierías “El Politécnico,”, Universidad San Francisco de Quito (USFQ), Quito, Ecuador; Colegio de Ciencias e Ingenierías “El Politécnico,”, Universidad San Francisco de Quito (USFQ), Quito, Ecuador; Colegio de Ciencias e Ingenierías “El Politécnico,”, Universidad San Francisco de Quito (USFQ), Quito, Ecuador; Colegio de Ciencias e Ingenierías “El Politécnico,”, Universidad San Francisco de Quito (USFQ), Quito, Ecuador; Colegio de Ciencias e Ingenierías “El Politécnico,”, Universidad San Francisco de Quito (USFQ), Quito, Ecuador; Colegio de Ciencias e Ingenierías “El Politécnico,”, Universidad San Francisco de Quito (USFQ), Quito, Ecuador; Departamento de Ingeniería de Sistemas Telemáticos, Universidad Politécnica de Madrid, Madrid, Spain",IEEE Access,"15 Jun 2023","2023","11","","57240","57252","Machine learning is a branch of artificial intelligence that provides computers the ability to create or improve algorithms without being explicitly programmed by directly learning from data. It is widely used in automation or decision-making tasks in fields such as image or speech recognition, sentiment analysis, or self-driving cars. However, its application in the field of communication networks is limited by the lack of appropriate research resources, such as rich datasets for training or the definition of a standard set of features. In this context, a standard latent space dimension is proposed by performing an autoencoder-based dimensionality reduction process. Different network security datasets are projected onto a lower-dimensional space to determine a standard or convergent dimension. The convergent dimension is determined by identifying the threshold above which diminishing returns begin to occur in the autoencoder loss as the latent space dimension increases. The experimental validation showed that four machine learning classification models, trained with a standard latent space of ten dimensions, performed as well as the models that used the non-reduced versions of the datasets in terms of F1-score and accuracy. Furthermore, a Wilcoxon statistical test showed that the mean accuracy of all classification models trained with the standard latent space dimension had a difference of less than 0.0235 in comparison to the models trained with the original inputs. A negligible difference in accuracy is a significant outcome because researchers can use only the latent space to perform experiments with certainty that the performance of ML models will not be constrained.","2169-3536","","10.1109/ACCESS.2023.3283567","Universidad San Francisco de Quito (USFQ) in the Context of Poli-Grants(grant numbers:17469); ","https://ieeexplore.ieee.org/stamp/stamp.jsp?arnumber=10145438","Standardization;machine learning;autoencoder;latent space;network security","Machine learning;Dimensionality reduction;Feature extraction;Telecommunication traffic;Artificial intelligence;Network intrusion detection;Communication networks","","3","","27","CCBYNCND","7 Jun 2023","2023","","IEEE","IEEE Journals"
"AI Integrated Recommender System for Improving e-commerce Experience","N. Tomar; K. Sahu; V. Kumar; A. Srivastava","School of Enginnering and Technology, Sharda University, Greator Noida, India; School of Enginnering and Technology, Sharda University, Greator Noida, India; School of Enginnering and Technology, Sharda University, Greator Noida, India; School of Enginnering and Technology, Sharda University, Greator Noida, India",2025 IEEE 14th International Conference on Communication Systems and Network Technologies (CSNT),"23 Apr 2025","2025","","","630","635","With a broad range of applications for users, recommender systems (RSs), which are made to provide individualized content, have become a crucial technological answer. Despite the fact that numerous RSs have been created and successfully used in various domains, traditional AI-driven RSs continue to encounter difficulties such as data sparsity, cold start problems, and diversity maintenance. By combining artificial intelligence (AI) and human intelligence (HI), augmented intelligence (AuI) makes up for their shortcomings while maximizing their individual strengths. It has been demonstrated that combining artificial intelligence (AI) and human intelligence (HI) improves each technology's capabilities and produces better results than utilizing each technology alone. Recommender systems, which provide predictions for a variety of goods to help consumers with personalized suggestions, have grown in popularity and usefulness. These systems guarantee that they provide users with useful and efficient help by concentrating on particular item categories and utilizing strategies intended to produce tailored recommendations. Particularly during the COVID-19 lockdown, online material streaming has become the most popular kind of entertainment in recent years. Prominent streaming services use a variety of product recommendation techniques to draw customers in and make content recommendations that suit their tastes, which increases user retention. Several recommendation systems are used by well-known streaming services like Netflix, Amazon Prime, and Hulu to improve user experience. However, serious problems including the first-rater dilemma, data sparsity, and computing complexity frequently cause these systems to struggle with accuracy and consistency. In information science, security issues have emerged as a crucial subject of user discourse. E-commerce is becoming increasingly popular as a fundamental part of the Information Science framework. Ironically, though, people are growing more cautious as security and privacy risks increase. Notably, the banking sector has entered a new era as a result of e-commerce, which has changed its services and operations.","2473-5655","979-8-3315-3193-5","10.1109/CSNT64827.2025.10967777","","https://ieeexplore.ieee.org/stamp/stamp.jsp?arnumber=10967777","Recommendation engine;smart recommendation in B2C;artificial recommendation System","Privacy;Information science;Accuracy;Human intelligence;Transforms;User experience;Electronic commerce;Security;Artificial intelligence;Recommender systems","","1","","34","IEEE","23 Apr 2025","7-9 March 2025","7-9 March 2025","IEEE","IEEE Conferences"
"Adopting WirelessHART for In-vehicle-Networking","Z. Bi; D. Chen; C. Wang; C. Jiang; M. Chen","Key Laboratory of Embedded System and Service Computing, Tongji University, Shanghai, China; Key Laboratory of Embedded System and Service Computing, Tongji University, Shanghai, China; Key Laboratory of Embedded System and Service Computing, Tongji University, Shanghai, China; Key Laboratory of Embedded System and Service Computing, Tongji University, Shanghai, China; Key Laboratory of Embedded System and Service Computing, Tongji University, Shanghai, China","2015 IEEE 17th International Conference on High Performance Computing and Communications, 2015 IEEE 7th International Symposium on Cyberspace Safety and Security, and 2015 IEEE 12th International Conference on Embedded Software and Systems","30 Nov 2015","2015","","","1027","1030","It is estimated that the breakthrough in the broad deployment of Internet of Things (IoT) could come from smart cars. Indeed, we have seen multi-facet advances around cars: new material, in vehicle infotainment, driverless cars, smart transportation, electrical vehicles, etc. However, in-vehicle-networking has been mainly by wire, the wiring for a car is largely pre-built during the design phase. With more and more things networked within a car, wiring has taken up 1-2 percent of the total weight. This translates into burning up to 0.1 kilogram fuel over 100 kilometers. On the other hand, the advances in wireless technology, especially the broad acceptance of WirelssHART in the industrial settings, has proved its capability in harsh environments. This paper studies what could happen if we use WirelessHART mesh network for in-vehicle communication. While new wireless network protocols are needed to perform the task of CAN, the dominant in-vehicle fieldbus, WirelessHART could take on the work performed by LIN, the fieldbus for peripheral devices. A detailed study is provided to compare these buses. Road tests were performed, in which a WirelessHART network keeps running for the whole 20 minute period.","","978-1-4799-8937-9","10.1109/HPCC-CSS-ICESS.2015.244","","https://ieeexplore.ieee.org/stamp/stamp.jsp?arnumber=7336304","Reliable Wireless Sensor Network;Smart Car;CAN;LIN;WirelessHART","Wireless communication;Communication system security;Wireless sensor networks;Wires;Protocols;Standards;Vehicles","","1","","15","IEEE","30 Nov 2015","24-26 Aug. 2015","24-26 Aug. 2015","IEEE","IEEE Conferences"
"Overseas Gliding UAV Parachute-Free Airdrop Development Status and Trend Research","J. Guo; Y. Guo; Z. Wang; R. Gao","College of Equipment Management and Security, Armed Police Engineering University, Xi’an, China; Armed Police Engineering University Graduate Student Brigade, Xi’an, China; Armed Police Engineering University Graduate Student Brigade, Xi’an, China; College of Equipment Management and Security, Armed Police Engineering University, Xi’an, China",2025 Low-Altitude Economy Forum & International Conference on Low-Altitude Flight Technology and Unmanned Aerial Vehicle Application (LEF & ICLU),"19 Dec 2025","2025","","","1","6","The development of glider UAV parachute-less airdrop has brought about a fundamental change in airdrop resupply, realizing the right time, right place, and right amount of resupply of equipment and munitions, and comprehensively enhancing the deployment and guarantee capability of troops at the strategic and tactical levels. In order to promote the research and application of parachute-free airdrop in China, this paper reviews the development status of foreign glider UAV parachute-free airdrop, compares the advantages and limitations of various glider UAVs, and looks forward to the future development trend of glider UAVs, which will be developed in the direction of improving autonomy, intelligence, low cost, stealth, clustering, environmental adaptability, and autonomous takeoff and landing in order to provide a reference for the development of glider UAV parachute-free airdrop technology in China. in order to provide reference for the development of China’s glider UAV parachute-less airdrop technology.","","978-1-6654-5748-4","10.1109/LEFICLU65987.2025.11297273","","https://ieeexplore.ieee.org/stamp/stamp.jsp?arnumber=11297273","gliding UAVs;parachute-free airdrops;airdrop resupply;current development status","Costs;Reviews;Weapons;Autonomous aerial vehicles;Market research","","","","15","IEEE","19 Dec 2025","26-28 Sept. 2025","26-28 Sept. 2025","IEEE","IEEE Conferences"
"Exploring Inherent Backdoors in Deep Learning Models","G. Tao; S. Cheng; Z. Wang; S. Ma; S. An; Y. Liu; G. Shen; Z. Zhang; Y. Mao; X. Zhang",University of Utah; Purdue University; Rutgers University; University of Massachusetts Amherst; Purdue University; Microsoft; Purdue University; Purdue University; Purdue University; Purdue University,2024 Annual Computer Security Applications Conference (ACSAC),"18 Mar 2025","2024","","","923","939","Deep learning has been widely integrated into a variety of real-world systems, such as facial recognition and autonomous driving. However, recent studies demonstrate that deep learning models are vulnerable to backdoor attacks. These attacks inject a backdoor trigger into input samples, causing them to be misclassified to an attacker-chosen target output. Existing backdoor attacks are typically carried out by poisoning the training data or modifying model weight parameters.In this paper, we show that backdoor attacks can be realized without poisoning the data or model. Backdoors can be widely identified in normally trained clean models, which we call inherent backdoors. To find such backdoor vulnerabilities, we summarize and categorize 20 existing injected backdoor attacks and leverage them to guide the search for inherent backdoors. Specifically, we define backdoor vulnerabilities based on four important properties and characterize them according to how they manipulate the input and constrain the changes. We conduct a systematic study on 54 pre-trained legitimate models downloaded from trusted sources and find 315 inherent backdoors in these models, covering all different categories. We also study the potential causes for inherent backdoors and how to defend against them.","2576-9103","979-8-3315-2088-5","10.1109/ACSAC63791.2024.00078","","https://ieeexplore.ieee.org/stamp/stamp.jsp?arnumber=10918226","","Deep learning;Systematics;Computational modeling;Face recognition;Training data;Data models;Computer security;Autonomous vehicles","","1","","94","IEEE","18 Mar 2025","9-13 Dec. 2024","9-13 Dec. 2024","IEEE","IEEE Conferences"
"A Systematic Review of Human–Computer Interaction and Explainable Artificial Intelligence in Healthcare With Artificial Intelligence Techniques","M. Nazar; M. M. Alam; E. Yafi; M. M. Su’ud","Malaysian Institute of Information Technology, Universiti Kuala Lumpur (UniKL MIIT), Kuala Lumpur, Malaysia; Malaysian Institute of Information Technology, Universiti Kuala Lumpur (UniKL MIIT), Kuala Lumpur, Malaysia; Faculty of Information and Communication Technologies, Institute of Business, Dili, Timor-Leste; Malaysian Institute of Information Technology, Universiti Kuala Lumpur (UniKL MIIT), Kuala Lumpur, Malaysia",IEEE Access,"23 Nov 2021","2021","9","","153316","153348","Artificial intelligence (AI) is one of the emerging technologies. In recent decades, artificial intelligence (AI) has gained widespread acceptance in a variety of fields, including virtual support, healthcare, and security. Human-Computer Interaction (HCI) is a field that has been combining AI and human-computer engagement over the past several years in order to create an interactive intelligent system for user interaction. AI, in conjunction with HCI, is being used in a variety of fields by employing various algorithms and employing HCI to provide transparency to the user, allowing them to trust the machine. The comprehensive examination of both the areas of AI and HCI, as well as their subfields, has been explored in this work. The main goal of this article was to discover a point of intersection between the two fields. The understanding of Explainable Artificial Intelligence (XAI), which is a linking point of HCI and XAI, was gained through a literature review conducted in this research. The literature survey encompassed themes identified in the literature (such as XAI and its areas, major XAI aims, and XAI problems and challenges). The study’s other major focus was on the use of AI, HCI, and XAI in healthcare. The poll also addressed the shortcomings in XAI in healthcare, as well as the field’s future potential. As a result, the literature indicates that XAI in healthcare is still a novel subject that has to be explored more in the future.","2169-3536","","10.1109/ACCESS.2021.3127881","","https://ieeexplore.ieee.org/stamp/stamp.jsp?arnumber=9614151","Artificial intelligence;deep learning;explainable artificial intelligence;healthcare;human-computer interaction;human-centered design;machine learning;usability;user-centered design","Artificial intelligence;Medical services;Human computer interaction;Usability;Security;Data models;Systematics","","292","","135","CCBY","12 Nov 2021","2021","","IEEE","IEEE Journals"
"Towards Safety in Automotive Ethernet-based Networks with Dynamic Workloads","A. Kostrzewa; D. Stöhrmann; R. Ernst","Institute of Computer and Network Engineering, TU Braunschweig, Germany; Institute of Computer and Network Engineering, TU Braunschweig, Germany; Institute of Computer and Network Engineering, TU Braunschweig, Germany",2020 IEEE 6th World Forum on Internet of Things (WF-IoT),"13 Oct 2020","2020","","","1","6","The advent of automated and autonomous driving requires decision-making based on high-resolution sensor data. In addition, these systems must react safely and promptly to dynamically changing environmental conditions, e.g. traffic situation, weather etc. In this paper we present the frequently considered isolation mechanisms, standards and concepts for achieving functional safety in automotive systems e.g. 802.1Q, AVB, TSN. However, static configurations, which are introduced by the majority of them, penalizes dynamic communication profiles. Consequently, static network management is no longer sufficient to achieve the required performance level. We show that standardised does not necessarily mean safe ""out of the box"" nor performant and that the new design vectors must be taken into consideration.","","978-1-7281-5503-6","10.1109/WF-IoT48130.2020.9221313","","https://ieeexplore.ieee.org/stamp/stamp.jsp?arnumber=9221313","","Decision making;Safety;Internet of Things;Vehicle dynamics;Standards;Autonomous vehicles;Meteorology","","5","","15","IEEE","13 Oct 2020","2-16 June 2020","2-16 June 2020","IEEE","IEEE Conferences"
"Kernel Two Dimensional Subspace for Image Set Classification","B. B. Gatto; W. S.S.; E. M. dos Santos","Institute of Computing (ICOMP), Federal University of Amazonas; Faculty of Technology (FT)Federal University of Amazonas; Institute of Computing (ICOMP), Federal University of Amazonas",2016 IEEE 28th International Conference on Tools with Artificial Intelligence (ICTAI),"16 Jan 2017","2016","","","1004","1011","Object recognition on large-scale video has recently attracted considerable research interest due to the huge amount of data available on the Internet, surveillance systems, social media networks and autonomous vehicles. By representing large-scale videos as image sets, we can handle the complex data variations such as viewpoint, illumination, and pose. In this paper, we propose an efficient and robust method for image set recognition based on Kernel Orthogonal Mutual Subspace Method (KOMSM), where sets of images are expressed as nonlinear subspaces. In our method, we formulate the image sets as nonlinear 2D subspaces by applying K2D-PCA and variants of 2D-PCA. Comparing to KOMSM, the proposed method requires less memory resource since it inherits the computational advantages of 2D-PCA and variants. In addition, the subspaces produced by K2D-PCA preserves the spatial relation between image pixels, generating more informative subspaces than KOMSM. The introduced method has the advantage of representing the subspaces in a more compact manner, achieving lower time complexity, confirming the suitability of employing 2D-PCA and variants. These results have been revealed through comprehensive experimentation conducted on five publicly available datasets.","2375-0197","978-1-5090-4459-7","10.1109/ICTAI.2016.0155","","https://ieeexplore.ieee.org/stamp/stamp.jsp?arnumber=7814715","Image set classification;Two Dimensional PCA;Kernel Methods","Covariance matrices;Principal component analysis;Kernel;Memory management;Image recognition;Image color analysis;Face recognition","","7","","31","IEEE","16 Jan 2017","6-8 Nov. 2016","6-8 Nov. 2016","IEEE","IEEE Conferences"
"Semantic Information Market For The Metaverse: An Auction Based Approach","L. Ismail; D. Niyato; S. Sun; D. I. Kim; M. Erol-Kantarci; C. Miao","School of Computer Science and Engineering, Nanyang Technological University, Singapore; School of Computer Science and Engineering, Nanyang Technological University, Singapore; Institute for Infocomm Research, A*STAR, Singapore; Department of Electrical and Computer Engineering, Sungkyunkwan University, Suwon, South Korea; School of Electrical Engineering and Computer Science, University of Ottawa, Ontario, Canada; School of Computer Science and Engineering, Nanyang Technological University, Singapore",2022 IEEE Future Networks World Forum (FNWF),"8 Mar 2023","2022","","","628","633","In this paper, we address the networking and communications problems of creating a digital copy in the Metaverse digital twin. Specifically, a virtual service provider (VSP) which is responsible for creating and rendering the Metaverse, is required to use the data collected by IoT devices to create the virtual copy of the physical world. However, due to the huge volume of the collected data by IoT devices (e.g., images and videos) and the limited bandwidth, the VSP might become unable to retrieve all the required data from the physical world. Furthermore, the Metaverse needs fast replication (e.g., rendering) of the digital copy adding more restrictions on the data transmission delay. To solve the aforementioned challenges, we propose to equip the IoT devices with semantic information extraction algorithms to minimize the size of the transmitted data over the wireless channels. Since many IoT devices will be interested to sell their semantic information to the VSP, we propose a truthful reverse auction mechanism that helps the VSP select only IoT devices that can improve the quality of its virtual copy of objects through the semantic information. We conduct extensive simulations on a dataset that contains synchronized camera and radar images, and show that our novel design enables a fast replication of the digital copy with high accuracy.","2770-7679","978-1-6654-6250-1","10.1109/FNWF55208.2022.00115","National Research Foundation (NRF); ","https://ieeexplore.ieee.org/stamp/stamp.jsp?arnumber=10056728","Metaverse;sensing-as-a-service;semantic communication;reverse auction","Training;Metaverse;Wireless networks;Semantics;Rendering (computer graphics);Information retrieval;Digital twins","","28","","15","IEEE","8 Mar 2023","10-14 Oct. 2022","10-14 Oct. 2022","IEEE","IEEE Conferences"
"Next Generation Trustworthy Fraud Detection","S. Xie; P. S. Yu",Lehigh University; University of Illinois at Chicago,2018 IEEE 4th International Conference on Collaboration and Internet Computing (CIC),"18 Nov 2018","2018","","","279","282","Popular web applications, such as e-commerce, social networks and online ad auction, are providing valuable services to web users but have also been plagued by prevalent and diverse frauds. Many detection methodologies have been devised but detection trustworthiness is still one important and yet missing desideratum: a user will not trust a detector that has uncertain accuracy, can malfunction under unexpected situations, or can't explain its behaviors and interal working. Previous efforts mostly focused on detection accuracy, and our goal is to chart a path towards a more comprehensive definition of trustworthy detection, that consists of accuracy, transparency, and proactivity. To achieve the goal, we identify key challenges rooting at the specific settings of the above applications: the evolving nature and unexpectedness of the fraudsters' strategies, the ever-growing large amount of data, and the increasing complexity of effective detectors. We hope spark a large volume of research questions and solutions with respect to the above challenges.","","978-1-5386-9502-9","10.1109/CIC.2018.00045","","https://ieeexplore.ieee.org/stamp/stamp.jsp?arnumber=8537843","fraud detection;adversarial machine learning","Detectors;Sensitivity analysis;Data models;Security;Social network services;Machine learning;Support vector machines","","2","","50","IEEE","18 Nov 2018","18-20 Oct. 2018","18-20 Oct. 2018","IEEE","IEEE Conferences"
"Exposing Adaptive Cruise Control in Advanced Driving Assistance Systems","M. A. Hoque; R. Hasan","Dept. of Computer Science, University of Alabama at Birmingham, Birmingham, AL, USA; Dept. of Computer Science, University of Alabama at Birmingham, Birmingham, AL, USA",2022 IEEE 8th World Forum on Internet of Things (WF-IoT),"22 Jun 2023","2022","","","1","6","Advanced Driving Assistance Systems (ADAS) are expected to improve the urban driving experience by reducing accidents and enabling safe driving. Such systems provide different features to automate driving and ease the driver's tasks. ADAS features highly depend on the data received from in-vehicle networks, such as Controller Area Network (CAN) bus. CAN play an important role in in-vehicle communication by enabling efficient data exchange among electronic control units (ECUs). However, the CAN bus is vulnerable to different attack strategies, which can manipulate CAN data and cause fatal consequences on ADAS features. This paper shows how CAN bus data can be exploited to expose an industry-grade advanced driving assistance system's Adaptive Cruise Control (ACC) feature. The attack technique demonstrates the requirements of timely human intervention or automatic recovery techniques. We also provide a detection mechanism based on the high-definition vector map and Global Positioning System device installed in the vehicle.","","978-1-6654-9153-2","10.1109/WF-IoT54382.2022.10152232","National Science Foundation(grant numbers:ACI-1642078,CNS-1351038); ","https://ieeexplore.ieee.org/stamp/stamp.jsp?arnumber=10152232","advanced driving assistance systems;adaptive cruise control;controller area network;security;HD map","Adaptive systems;Internet of Things;Task analysis;Cruise control;Global Positioning System;Accidents","","3","","17","IEEE","22 Jun 2023","26 Oct.-11 Nov. 2022","26 Oct.-11 Nov. 2022","IEEE","IEEE Conferences"
"Exploring Graduate Student Views on Robotics Policy Relevant Information","S. Balali; J. Parham-Mocello; B. Steel; M. D. Jones; W. Billah","School of Electrical Engineering and Computer Science, Oregon State University, Corvallis, USA; School of Electrical Engineering and Computer Science, Oregon State University, Corvallis, USA; School of Public Policy, Oregon State University, Corvallis, USA; School of Public Policy and Public Affairs, University of Tennessee, Knoxville, USA; School of Public Policy, Oregon State University, Corvallis, USA",2025 IEEE Frontiers in Education Conference (FIE),"13 Jan 2026","2025","","","1","9","This full research paper explores the perspectives of Computer Science (CS) and Public Policy (PPOL) graduate students on the presence of embodied AI systems (i.e., AI-powered robots) in public spaces. Robots in public spaces pose unique challenges due to their embodiment, emergence, and social valence, raising societal, ethical, and regulatory concerns. These challenges disrupt established legal norms, requiring nuanced policies. As AI becomes more integrated into daily life, public concern about its societal impact grows, emphasizing the need for robust technology policies and ethical education. Research shows that public perceptions of AI are often more negative than views on algorithms, associating AI with fear and uncertainty. While studies address public perceptions of AI, little research focuses on how future technologists and policymakers perceive embodied AI and its challenges. To address this, we used the Narrative Policy Framework (NPF) to investigate CS and PPOL students' views on concerning robots and related policy issues. Through semi-structured interviews with three CS and four PPOL graduate students, we identified five categories of concerning robots, with self-driving cars and humanoid robots being the most prominent. We examined 10 policy challenges, 16 policy solutions, and the roles of key stakeholders. These findings offer insights into interdisciplinary education, AI policy development, and robotics literacy, fostering collaboration between technical and societal fields and preparing students to develop ethical AI technologies and informed public policies.","2377-634X","979-8-3315-0105-1","10.1109/FIE63693.2025.11328351","","https://ieeexplore.ieee.org/stamp/stamp.jsp?arnumber=11328351","Graduate Students' Robotics Policy Understanding;Semi-structured Interviews;Narrative Policy Framework (NPF)","Computer science;Ethics;Law;Education;Humanoid robots;Public policy;Stakeholders;Artificial intelligence;Interviews;Robots","","","","30","IEEE","13 Jan 2026","2-5 Nov. 2025","2-5 Nov. 2025","IEEE","IEEE Conferences"
"Parental Trust in Automated Detection of Cyberpredators","L. Brandimarte","Eller College of Management, University of Arizona, Tucson, AZ, USA",2023 46th MIPRO ICT and Electronics Convention (MIPRO),"29 Jun 2023","2023","","","30","35","Online cyberpredators are a serious threat against children who are increasingly using social media and messaging systems to interact with strangers. At the same time, monitoring children’s online activity is challenging for parents, due to the numerous platforms and ways a child can access them. Automated approaches could help detect dangerous conversations, but their adoption may prove difficult due to algorithm aversion - the tendency of humans to place less trust in recommendations by automated systems as compared to the judgment of other humans. Three online experiments investigate whether and under what conditions parents are willing to adopt automated systems for detection of cyberpredators, and when they are willing to trade potentially sensitive information about their children’s online interaction, as well as individual control and agency. Factors tested for an effect on parental trust include accuracy of predictions by humans versus the algorithm, and storage and management of data in the cloud or local client. Implications for researchers and developers of automated systems of cybercrime detection are presented and discussed.","2623-8764","978-953-233-104-2","10.23919/MIPRO57284.2023.10159713","University of Arizona; ","https://ieeexplore.ieee.org/stamp/stamp.jsp?arnumber=10159713","algorithmic aversion;cyberpredators;experiments","Social networking (online);Oral communication;Communication channels;Prediction algorithms;Safety;Information and communication technology;Computer crime","","","","28","","29 Jun 2023","22-26 May 2023","22-26 May 2023","IEEE","IEEE Conferences"
"Deepfake Detection using Inception-ResNet-V2 Network","R. R. Rajalaxmi; S. P. P; R. A. M; P. S; D. P; G. E","Computer Science and Engineering Kongu Engineering College, Perundurai, India; Computer Science and Engineering Kongu Engineering College, Perundurai, India; Computer Science and Engineering Kongu Engineering College, Perundurai, India; Computer Science and Engineering Kongu Engineering College, Perundurai, India; Computer Science and Engineering Kongu Engineering College, Perundurai, India; Computer Science and Engineering Kongu Engineering College, Perundurai, India",2023 7th International Conference on Computing Methodologies and Communication (ICCMC),"4 Apr 2023","2023","","","580","586","Deepfakes entails obscene videos in which a face can be changed with someone else's utilizing neural networks. Deepfakes are a public problem, thus developing methods to detect them is critical. With deepfake and human-level control, deep learning has already utilized to address complicated issues. Deepfake is a new branch of AI technology, which in that one's face is superimposed on another's face, which is popular on social media. Deep learning techniques were also employed in the development of software that affects national security, democracy and privacy. One of the most current applications that use deep learning is deepfakes. Algorithms for deepfake may generate fake photos and movies which are indistinguishable from real ones. As a result, the development of technology capable of automatically detecting and assessing the reliability of digital video is critical. This research describes algorithms for detecting deepfakes. By reviewing the influence of deepfakes and deepfake recognition systems, this work enables the creation of new and so many effective methodologies to cope with increasingly complex deepfakes. InceptionResNetV2 architecture in Convolutional Neural Networks (CNN) is utilized in this comparative study to distinguish real and deepfake images.","","978-1-6654-6408-6","10.1109/ICCMC56507.2023.10083584","","https://ieeexplore.ieee.org/stamp/stamp.jsp?arnumber=10083584","Deep Learning;Deepfake;CNN;Inception ResNet-V2","Deep learning;Deepfakes;Privacy;Social networking (online);Face recognition;Software algorithms;Neural networks","","15","","19","IEEE","4 Apr 2023","23-25 Feb. 2023","23-25 Feb. 2023","IEEE","IEEE Conferences"
"Advancing Public Safety Through Emerging Technologies: a Holistic Approach to Innovation","R. D. Drakshpalli",NA,2025 IEEE World Forum on Public Safety Technology (WF-PST),"4 Mar 2026","2025","","","17","22","This paper presents an interdisciplinary exploration of emerging technologies with a focus on their application in enhancing public safety. The research addresses several key technological domains and their integration into public safety systems, with emphasis on both operational effectiveness and personnel well-being. Key areas discussed include Artificial Intelligence (AI) and Machine Learning (ML) for crime prediction, decision-making, and pattern detection. Smart Algorithms that automate operational responses and optimize resource allocation. Digital Twins used for emergency simulation and training environments. Intelligent Systems that coordinate various data inputs for improved situational awareness. Edge and Cloud Computing enabling real-time analytics and distributed data processing. Internet of Things (IoT) for real-time sensor and device connectivity across public safety networks. Blockchain for immutable data integrity, forensic logging, and secure communication. Forensics and Cybersecurity tools to safeguard and audit public safety data infrastructure. and Health and Wellness Technologies to monitor and support public safety personnel. Through a comprehensive literature review and a structured methodology, the paper identifies existing gaps in traditional public safety systems. A highlevel solution the Intelligent Public Safety Ecosystem (IPSE) is proposed, which leverages integrated, intelligent infrastructure across domains. The paper analyses case examples demonstrating how these technologies improve operational efficiency, trust, and responsiveness. It also discusses challenges and future directions to create scalable, human-centered, and ethically responsible public safety systems.","","979-8-3315-8977-6","10.1109/WF-PST65083.2025.00009","","https://ieeexplore.ieee.org/stamp/stamp.jsp?arnumber=11415943","AI;ML;Digital Twins;Public Safety;IoT;Blockchain;Edge Computing;Cybersecurity;Wellness;V2V;V2X;Federated Learning;Communication Networks;blockchain;digital forensics;blockchain forensics;blockchain-based forensic framework;systematic literature review","Ethics;Federated learning;Public security;Real-time systems;Blockchains;Digital twins;Personnel;Internet of Things;Artificial intelligence;Systematic literature review","","","","63","IEEE","4 Mar 2026","23-25 Sept. 2025","23-25 Sept. 2025","IEEE","IEEE Conferences"
"A First Step Towards Holistic Trustworthy Platoons","A. Shoker; P. Moertl; R. Robles","VORTEX Co-Lab, Portugal; V2C2, Austria; ISEP, Portugal",2021 IEEE 7th World Forum on Internet of Things (WF-IoT),"9 Nov 2021","2021","","","795","800","Truck platooning is a form of convoy cooperative driving of connected trucks assisted by a lead truck. The aim is to reduce the fuel and driving costs, improve road safety, and reduce CO2 emission. Being semi-autonomous, platoons must be trustworthy in many perspectives. This paper presents a high-level trustworthy requirements analysis on three key perspectives: driver, communication, and security. In addition, we observed that any trustworthy requirement analysis is incomplete if perspectives are addressed independently. Therefore, we propose a simple holistic methodology that addresses the different perspectives as well as their dependencies, and we exemplify the use of the methodology with two use cases presented in the paper. However, we draw attention to the importance of more research to drive a more exhaustive and validated methodology1.","","978-1-6654-4431-6","10.1109/WF-IoT51360.2021.9595496","","https://ieeexplore.ieee.org/stamp/stamp.jsp?arnumber=9595496","trustworthiness;automotive;V2X;cybersecurity","Costs;ISO Standards;Lead;Road safety;Security;Internet of Things;Fuels","","4","","30","IEEE","9 Nov 2021","14 June-31 July 2021","14 June-31 July 2021","IEEE","IEEE Conferences"
"Identification and analysis of charging factors in M2M communications","F. J. Lin; W. Tsai; E. Cerritos; B. -T. Lin; W. -H. Hu","National Chiao Tung University, Hsinchu, TW; National Chiao Tung University, Hsinchu, Taiwan; National Chiao Tung University, Hsinchu, Taiwan; Chunghwa Telecom Laboratories, Taipei, Taiwan; Chunghwa Telecom Laboratories, Taipei, Taiwan",2015 IEEE 2nd World Forum on Internet of Things (WF-IoT),"21 Jan 2016","2015","","","160","165","The widespread application of M2M communications is obvious. There are already many useful services enabled by M2M communications such as video surveillance, smart grid, smart home, connected vehicle, industry automation and smart city. These services are different from traditional Internet services such as e-mail, web browsing and video watching. As a result, we need to understand new charging factors beyond those defined in the past such as amount of data transfer, number of short messages and duration of voice communication. In this paper, we identify new charging factors for M2M communications and analyze their differences with traditional voice and Internet networks. Based on the result of our analysis, new charging models specific to M2M communications are proposed to enable smart data pricing that creates a win-win situation for operators and users.","","978-1-5090-0366-2","10.1109/WF-IoT.2015.7389045","","https://ieeexplore.ieee.org/stamp/stamp.jsp?arnumber=7389045","M2M communications;M2M charging factors;M2M charging models","Data transfer;Telecommunications;Computer architecture;Logic gates;ETSI;Sensors;Quality of service","","3","","12","IEEE","21 Jan 2016","14-16 Dec. 2015","14-16 Dec. 2015","IEEE","IEEE Conferences"
"Vehicle Directional Driving Behavior Segmentation Based on Cornering Strength","Y. Bo; X. Jia; H. Guan; H. Wang","State Key Laboratory of Automotive Simulation and Control, Jilin University, Changchun, China; State Key Laboratory of Automotive Simulation and Control, Jilin University, Changchun, China; State Key Laboratory of Automotive Simulation and Control, Jilin University, Changchun, China; College of Automotive Engineering, Jilin University, Changchun, China",IEEE Access,"20 May 2024","2024","12","","69172","69187","With the rapid development in recent years, the autonomous driving system comes to the stage of commercial deployment now. However, it is not well accepted by society. This is due to the fact that the driving behavior features of autonomous driving vehicles are currently different from those of human drivers. It is important to understand how people drive for increasing acceptance. And the primary task of that is driving behavior identification. In this study, we proposed a segmentation method for vehicle driving process into basic directional driving behaviors. In order to clarify the relationship between vehicle motion state and driver operation, we rebuilt the vehicle motion state in the natural coordinate system. We innovatively proposed the concept of cornering strength as a metric of directional driving behavior intensity. To verify the validity of our approach, 22 participants were asked to maneuver a car through some common driving scenarios including turn, lane change, overtaking and U-turn. As a result, our method can extract directional driving behaviors with an average accuracy of 93.33%. In addition, the cornering strength of participants with different driving styles exhibit a significant difference though in the same driving scenario. Driving age has a significant effect on CS stability of participants. The variance of CS reaches a maximum of 0.22. The directional driving behavior features of the same participant can be different influenced by psychological or physiological aspects. Road adhesion condition and traffic congestion condition also have an effect on the CS values of participants.","2169-3536","","10.1109/ACCESS.2024.3400212","National Key Research and Development Program of China(grant numbers:SQ2023YFB2500010); Science and Technology Development Program of Jilin Province(grant numbers:SKL202302014); ","https://ieeexplore.ieee.org/stamp/stamp.jsp?arnumber=10529263","Autonomous driving system;cornering strength;driving behavior segmentation;maneuvering target tracking;motion state rebuilding","Vehicles;Data collection;Anthropomorphism;Trajectory;Safety;Motion segmentation;Long short term memory;Autonomous driving;Behavioral sciences;Target tracking","","2","","48","CCBYNCND","13 May 2024","2024","","IEEE","IEEE Journals"
"Research on Automated Guided Vehicles Path Planning Based on Improved A-star","L. Zhang; K. Xue; L. Zhang; X. Zhang; H. Yang","State Key Laboratory of Power Transmission Equipment & System Security and New Technology, Chongqing University, Chongqing, China; Xinjiang Zhonghe Auto Parts Manufacturing Co., Ltd, Urumqi, China; Xinjiang Zhonghe Auto Parts Manufacturing Co., Ltd, Urumqi, China; State Key Laboratory of Power Transmission Equipment & System Security and New Technology, Chongqing University, Chongqing, China; State Key Laboratory of Power Transmission Equipment & System Security and New Technology, Chongqing University, Chongqing, China",2025 12th International Forum on Electrical Engineering and Automation (IFEEA),"18 Feb 2026","2025","","","349","356","To address the issues of path redundancy, frequent turning, and low task allocation efficiency in multi-AGV path planning for automotive warehousing environments, this paper proposes a cooperative path planning method that integrates the Grey Wolf Optimizer (GWO) with a penalty-function-based A-star algorithm. First, a dynamic penalty function mechanism is introduced into the traditional A-star algorithm, where penalty weights are applied to AGV steering actions to effectively suppress unnecessary turns, thus improving path smoothness and operational efficiency. A bidirectional search strategy is also adopted to reduce computational complexity. Second, the multi-target task allocation problem is modeled as a Traveling Salesman Problem (TSP) and globally optimized using an enhanced Grey Wolf Optimizer. By incorporating a nonlinear convergence factor and a dynamic weight strategy, the algorithm’s ability to escape local optima is improved, allowing for rapid generation of the optimal task sequence. Experiments conducted on a warehouse map show that, compared with the traditional A-star algorithm, the proposed method offers significant advantages in path length, number of unnecessary turns, and overall task completion time. This method greatly enhances the transportation reliability, safety, and operational efficiency of AGV systems in automotive warehousing, providing effective technical support for the intelligent operation of high-density warehousing logistics.","","979-8-3315-3943-6","10.1109/IFEEA66847.2025.11388591","","https://ieeexplore.ieee.org/stamp/stamp.jsp?arnumber=11388591","Penalty Weight;Improved Grey Wolf Optimizer;AGV Path Planning;A-star Algorithm","Heuristic algorithms;Warehousing;Redundancy;Transportation;Traveling salesman problems;Turning;Search problems;Path planning;Resource management;Vehicle dynamics","","","","24","IEEE","18 Feb 2026","7-9 Nov. 2025","7-9 Nov. 2025","IEEE","IEEE Conferences"
"Architecting Communication for Public Safety in Mixed Traffic Environments with Autonomous Driving Systems","A. Iwamura; W. Chen; H. Nishimura","Graduate School of System Design and Management, Keio University, Yokohama, Japan; Graduate School of System Design and Management, Keio University, Yokohama, Japan; Graduate School of System Design and Management, Keio University, Yokohama, Japan",2025 IEEE World Forum on Public Safety Technology (WF-PST),"4 Mar 2026","2025","","","74","81","The widespread adoption of autonomous driving systems (ADSs) is expected to reduce accidents caused by human error and enhance public safety. However, during the transitional period, ADS-equipped vehicles will coexist with manually driven vehicles and pedestrians, creating a mixed traffic environment. Discrepancies in communication between ADSs and other travelers may inadvertently introduce public safety risks. To address this challenge, the authors have previously proposed a high-level operational concept that promotes ethical communication among road users based on P.F. Strawson's concept of reactive attitudes. Using this concept, an ADS architecture was defined and the communication requirements for improving public safety in mixed-traffic environments were clarified. In this study, the previously proposed operational concept is further developed by systematizing the entire community as an enterprise. Using the unified architecture framework (UAF), the enterprise architecture is defined to continuously improve public safety across an entire community. The focus is particularly on promoting cooperative behavior among road users based on ethical values and forming a network to spread public safety awareness within a community. This study contributes to a sustainable and safe traffic environment through promoting ethical cooperation between ADSs and road users.","","979-8-3315-8977-6","10.1109/WF-PST65083.2025.00018","","https://ieeexplore.ieee.org/stamp/stamp.jsp?arnumber=11416126","Autonomous driving system;public safety;ethical communication;mixed-traffic environment;Unified architecture framework","Ethics;Adaptation models;Pedestrians;System dynamics;Roads;Public security;Service-oriented architecture;Stakeholders;Interviews;Autonomous vehicles","","1","","18","IEEE","4 Mar 2026","23-25 Sept. 2025","23-25 Sept. 2025","IEEE","IEEE Conferences"
"Co-operative game for certification and continued conformance check of AI enabled CPS*","A. Banerjee; A. Maity; I. Lamrani; K. S. Sandeep Gupta","Impact Lab, Arizona State University, Tempe, USA; Impact Lab, Arizona State University, Tempe, USA; Nikola Motors, Tempe, USA; Impact Lab, Arizona State University, Tempe, USA",2024 IEEE 7th International Conference on Industrial Cyber-Physical Systems (ICPS),"26 Aug 2024","2024","","","1","6","One of the biggest challenges in widespread acceptance and deployment of cyber physical systems (CPS) such as medical devices or autonomous cars is generating trust in users about their safety, security and effectiveness. As such the certification process is of utmost importance. However, the process of certification for a CPS is potentially an intractable problem and can never be optimally solved to obtain a CPS that is regulatory compliant in an absolute sense. Introduction of data driven learning introduces non-determinism that further exacerbates the problem. Moreover, the certification process involves collaboration between certifier and manufacturer who are potentially restricted by the law of the land to communicate with full transparency. In this paper, we navigate the certification space in the medical device domain and provide a framework through co-operative gaming to certify a CPS under a limited operational environment in an agile iterative process with assurance guarantees.","2769-3899","979-8-3503-6301-2","10.1109/ICPS59941.2024.10639951","","https://ieeexplore.ieee.org/stamp/stamp.jsp?arnumber=10639951","Cyber-Physical Systems;Safety Certification;cooperative game theory","Medical devices;Navigation;Collaboration;Games;Cyber-physical systems;Safety;Security","","1","","21","IEEE","26 Aug 2024","12-15 May 2024","12-15 May 2024","IEEE","IEEE Conferences"
"Zone-of-Interest Strategy for the Creation of High-Resolution Adversarial Images Against Convolutional Neural Networks","F. Leprévost; A. O. Topal; E. Mancellari; K. Lavangnananda","Department of Computer Science, Faculty of Science, Technology and Medicine, University of Luxembourg; Department of Computer Science, Faculty of Science, Technology and Medicine, University of Luxembourg; Department of Computer Science, Faculty of Science, Technology and Medicine, University of Luxembourg; Department of Computer Science, Faculty of Science, Technology and Medicine, University of Luxembourg",2023 15th International Conference on Information Technology and Electrical Engineering (ICITEE),"20 Nov 2023","2023","","","127","132","Trained convolutional neural networks (CNNs) are among the leading tools used for the automatic classification of images. They are nevertheless exposed to attacks: Given an input clean image classified by a CNN in a category, carefully designed adversarial images may lead CNNs to erroneous classifications, although humans would still classify “correctly” the constructed adversarial images in the same category as the input image. Currently most attacks are performed in the image input size domain of the considered CNN, which is usually small. However, due to privacy concerns with personal images on social media, there is a demand for generating large adversarial images that preserve the visual information of original images with the highest possible quality, while preventing automatic tracking and personal identification. Creating large-size adversarial images is difficult due to speed, adversity, and visual quality challenges, in particular if a requirement on adversarial images is the inability for humans to notice any difference between them and the original clean images. This paper describes the zone-of-interest generic strategy that aims at increasing drastically the efficiency of any type of attack (white-box or black-box, untargeted or targeted) and any specific attack (FGSM, PGD, BIM, SimBA, AdvGAN, EA-based attacks, etc.) on CNNs. Instead of exploring the full image size, the strategy identifies zones on which to focus the attacks. Although applying to any image size, the strategy is especially valuable for large high-resolution images. This strategy can be combined with other generic approaches, like the noise blowing-up method, to further improve attacks' performances.","2766-0419","979-8-3503-0446-6","10.1109/ICITEE59582.2023.10317668","","https://ieeexplore.ieee.org/stamp/stamp.jsp?arnumber=10317668","Black-box attack;Convolutional Neural Network;High resolution adversarial image;Noise Blowing-Up method","Electrical engineering;Visualization;Privacy;Image resolution;Image recognition;Social networking (online);Closed box","","1","","31","IEEE","20 Nov 2023","26-27 Oct. 2023","26-27 Oct. 2023","IEEE","IEEE Conferences"
"Optimized Deep Vision Models for High-Dimensional Big Data Interpretation and Visual Understanding","R. R. Shobitha; E. Anbalagan; A. A. Ali Samhan; A. K. K. Reddy; A. R J","Department of Computer Science and Engineering, SIMATS Engineering, Saveetha Institute of Medical and Technical Sciences(SIMATS), Saveetha University, Chennai, India; Department of Computer Science and Engineering, SIMATS Engineering, Saveetha Institute of Medical and Technical Sciences(SIMATS), Saveetha University, Chennai, India; Department of Software Engineering, Faculty of Information Technology, Zarqa University, Zarqa, Jordan University of Business and Technology, Jeddah, Saudi Arabia; Department of Computer Science and Engineering, MLR Institute of Technology, Hyderabad, Telangana, India; Department of Information Science and Engineering, New Horizon College of Engineering, Bangalore, India",2025 2nd Asia Pacific Conference on Innovation in Technology (APCIT),"4 Mar 2026","2025","","","1","6","With the rapid expansion of high-dimensional image and video data across various domains—ranging from satellite surveillance and medical imaging to social media and industrial automation—the need for robust, scalable, and interpretable vision models has become critical. Traditional deep learning models, though powerful, often struggle to generalize across such vast data landscapes without significant computational costs and training inefficiencies. This paper proposes an optimized suite of deep vision models specifically designed for interpreting high-dimensional big data and enhancing visual understanding. The proposed framework incorporates advanced convolutional neural network (CNN) architectures, such as EfficientNet, Vision Transformers (ViTs), and hybrid attention-based models, and combines them with big data processing engines like Apache Spark, Kafka, and Hadoop. By adopting intelligent compression techniques, adaptive learning rate scheduling, and distributed training strategies, the models achieve both accuracy and scalability. The system also integrates dimensionality reduction methods such as t-SNE and PCA to mitigate the curse of dimensionality and improve model convergence. Experiments on large-scale datasets including Open Images, DeepLesion, and Places365 demonstrate the superior interpretability and efficiency of the proposed models. Key performance gains include reduced training times by up to 40%, enhanced classification accuracy by 5–8%, and improved generalization across unseen domains. Applications explored include real-time crowd behavior analysis, automated disease detection, and autonomous navigation. In summary, this work contributes an optimized deep vision modeling framework tailored for big data environments, enabling rapid, accurate, and interpretable visual analytics across high-dimensional data sources.","","979-8-3315-2306-0","10.1109/APCIT65661.2025.11410687","","https://ieeexplore.ieee.org/stamp/stamp.jsp?arnumber=11410687","Deep Vision Models;Big Data Interpretation;High-Dimensional Data;Visual Understanding;EfficientNet;Vision Transformers;Distributed Learning","Training;Adaptation models;Computer vision;Technological innovation;Accuracy;Computational modeling;Visual analytics;Big Data;Transformers;Videos","","","","20","IEEE","4 Mar 2026","19-20 Sept. 2025","19-20 Sept. 2025","IEEE","IEEE Conferences"
"Deep Learning: Techniques, Taxonomy, Applications, and Future Directions","V. Mohana Sundari; R. A. Mabel Rose; S. M. Sassirekha; M. Nalini; P. Girija; S. S. R","Faculty of Management, SRM Institute of Science and Technology, Chengalpattu; Computer Science And Business Systems, Panimalar Engineering College; Mailam Engineering College; Dept of CSE, S.A.Engineering College, Chennai; Dept of CSE, Vel Tech Rangarajan Dr. Sagunthala R&D Institute of Science and Technology; Dept of CSE, RMK College of Engg and Tech",2024 International Conference on Smart Technologies for Sustainable Development Goals (ICSTSDG),"17 Jun 2025","2024","","","1","5","Deep learning has become one of the key AI techniques of the modern world and has changed many fields by its capability to learn from data, which is often very complex. The presented survey paper aims at describing fundamental techniques and taxonomy of deep learning, various applications, and potential perspectives for further research. The paper starts with presenting the concept of deep learning and its origins as well as emphasizing the important position of DL in the modern development of AI. It then goes further into deep learning workflow and frameworks and presents feedforward neural networks, CNN, RNN, generative adversarial networks, attention mechanisms, and transformers. An overview of deep learning frameworks is discussed, including supervised, unsupervised, reinforcement, transfer, semi-supervised, & self-supervised learning. The survey further continues to provide a detailed description on how DL is being widely applied in CV, NLP, speech recognition, disease diagnosis & stock price forecasting. The issues related to challenges and limitations include data dependency, interpretability, overfitting, high computational burden, and ethical concerns are presented along with ongoing work and directions for future investigations. This includes explainability of AI, incorporation of symbolic AI methods, improving the resilience and security of models, breakthroughs in hardware, as well as expansion into future domains such as quantum computing and robotics. Finally, this survey paper summarizes existing literature and predicts future research direction, emphasizing on how deep learning will revolutionalise technology and how it may foster development in various fields.","","979-8-3315-1628-4","10.1109/ICSTSDG61998.2024.11026496","","https://ieeexplore.ieee.org/stamp/stamp.jsp?arnumber=11026496","CNN;RNN;Deep Learning;AI;Machine Learning","Deep learning;Surveys;Ethics;Quantum computing;Computational modeling;Taxonomy;Transformers;Hardware;Artificial intelligence;Robots","","9","","15","IEEE","17 Jun 2025","6-8 Nov. 2024","6-8 Nov. 2024","IEEE","IEEE Conferences"
"A Multi-Stage Event Detection Model for Video Datasets Nature-Inspired and Optimized Feature-Based Learning Model","R. Chadha; S. Singla; M. A. Wassay","Chandigarh University, Punjab; Chandigarh University, Punjab; Chandigarh University, Punjab","2022 International Conference on Computational Modelling, Simulation and Optimization (ICCMSO)","17 Apr 2023","2022","","","67","72","Estimating the state of the item being tracked is part of the Object Tracking process. Visual tracking is a subject in computer vision that has potential applications in a wide variety of emerging and established technical fields, such as robotics, video surveillance, human-computer interaction, autonomous cars, and sports analytics, to name a few. Therefore, visual trackers are used in mobile robots, in the monitoring of traffic, in the vision of robots, and in the forecasting of accidents. When trying to draw conclusions about the motion of an item based on a set of photographs that have been collected, one of the most challenging challenges is known as “tracking,” and it is one of the most important aspects of this endeavor. The size of an item, its position, and its articulation are the three tasks that provide the greatest challenge in computer vision owing to non-visibility changes. This is because there are certain instances in which the appearance of a visual object is not apparent. The object tracking algorithm is able to function well because of the utilization of a number of characteristics, including the Grayscale feature, Gradient feature, Texture feature, Colour feature, and Fusion of several features. This review article presents a comprehensive assessment in order to learn more about the most current studies in this field and to make suggestions for the conduct of future research. The vast majority of the papers that are being considered are concerned with the identification of events of various kinds, including those that take place in real-time, sports, traffic, natural catastrophes, and other topics. The two issues that have received the most research attention in the field of computer vision are object popularity and the ability to localize an object inside a movie. The popularity of an item is a topic that may be discussed alongside its representation, detection, and categorization. The popularity of object detection and its use in 3-D devices has been studied in a variety of issues, such as monitoring of the places in which it is stored in order to extract it. Given the prior function and length of the target item, the objective of visible tracking is to adjust an arbitrary object in any environment. The aim may be accomplished in one of two ways: either by monitoring a single item or by tracking many objects at the same time. The EFS-linear MSVM approach is proposed as a means of identifying many events within video sequences in this work. The primary objective of this research is to provide an appropriate approach for the selection of features and a classification strategy for the identification of multiple events in You Tube videos. The frames are improved by histogram equalization, and then GLTP, HOG, and Tamura features are employed to extract the feature vectors, which are often of a higher dimensional type. An effective method of feature selection known as EFS is recommended for use in the process of picking the most useful feature subsets from among the extracted feature vectors. After that, the MSVM is provided with the best feature sub-sets in order to do multi-class classification (20 action scenarios on each database). In the end, the Euclidean distance is used to obtain the events and activities that are relevant. Item tracking is utilized as a result to identify the object in a video and accurately interpret its motion as a sequence of trajectories.","","979-8-3503-3288-9","10.1109/ICCMSO58359.2022.00026","","https://ieeexplore.ieee.org/stamp/stamp.jsp?arnumber=10097413","Visual Tracking;Event Detection;Video Event Detection;Object Tracking;Video Stream;Video event","Visualization;Computer vision;Target tracking;Computational modeling;Video sequences;Feature extraction;Real-time systems","","1","","33","IEEE","17 Apr 2023","23-25 Dec. 2022","23-25 Dec. 2022","IEEE","IEEE Conferences"
"The Optimized Algorithm Creation for the Whole HE System","M. Nazirov; N. Qolqanov","Department of International Relations and Social Sciences, International Islamic Academy of Uzbekistan, Tashkent, Uzbekistan; Department of International Relations and Social Sciences, International Islamic Academy of Uzbekistan, Tashkent, Uzbekistan",2024 4th International Conference on Advance Computing and Innovative Technologies in Engineering (ICACITE),"9 Aug 2024","2024","","","1588","1592","Thus, integration of artificial intelligence (AI) has become one of the very critical forces in the molding organizational dynamics within the present rapidly changing modern business environment. This paper, therefore, discourses a very large area: leadership in the age of AI, whose dense interconnections exist between technological development and organizational strategy and capacity in human leadership. Thus, the development of AI, according to the study, brings a different aspect of operations from decision-making processes right down to interfacing with customers, and leaders are to grapple with the challenges and opportunities that this presents as it demands strategic adaptation and innovative approaches. This paper sets out to explain how the technological paradigm AI is shifting the conventional paradigms of leadership. The very nature of their work is literally changed from being just managers to orchestrating collaboration between human and machine because of how AI-driven automation makes routine tasks either really easy and self-explanatory or because of the analytical capabilities of the tasks super critical to that transformation is developing a leadership ethos that recognizes the value and stewardship of adaptive standards for continuous learning and ethical use of AI technologies. This paper, therefore, discusses the ethical dilemmas that are evidently present in AI adoption in organizational contexts. These range from data protection and algorithmic bias to ethical implications in AI-based decision-making, cumulatively summing up to a rather tortuous ethical jungle through which the leaders should guide their organizations to a responsible deployment of AI technologies.","","979-8-3503-6016-5","10.1109/ICACITE60783.2024.10616409","","https://ieeexplore.ieee.org/stamp/stamp.jsp?arnumber=10616409","Artificial intelligence (AI);ethical considerations;data privacy;algorithmic bias;decision-making;organizational success;skills gap;transformational leadership","Leadership;Ethics;Technological innovation;Reviews;Standards organizations;Decision making;Organizations","","2","","35","IEEE","9 Aug 2024","14-15 May 2024","14-15 May 2024","IEEE","IEEE Conferences"
"CNN Vulnerability On Untargeted Adversarial Attacks","A. Stankovic; M. Marjanovic","Singidunum University, Belgrade, Serbia; Singidunum University, Belgrade, Serbia",2024 32nd Telecommunications Forum (TELFOR),"2 Jan 2025","2024","","","1","4","Convolutional Neural Networks (CNNs) are widely used in various AI-driven industries, including healthcare, autonomous systems, and cybersecurity, due to their high accuracy in image classification. However, these models are vulnerable to adversarial attacks, where small, imperceptible perturbations in input data can cause incorrect predictions. This study evaluates the impact of five adversarial attacks: Fast Gradient Sign Method (FGSM), Iterative FGSM (IFGSM), Momentum Iterative FGSM (MIFGSM), Deepfool, and OnePixel Attack on the accuracy of a CNN trained on the CIFAR-10 dataset. Each attack is analyzed for its unique influence on model performance, revealing significant accuracy drops under adversarial conditions. The results are analyzed and illustrate the potential security risks of adversarial attacks, underscoring the need for robust defenses in CNN based systems.","2994-5828","979-8-3503-9106-0","10.1109/TELFOR63250.2024.10819181","Science Fund of the Republic of Serbia; ","https://ieeexplore.ieee.org/stamp/stamp.jsp?arnumber=10819181","neural network;adversarial attacks;model accuracy","Training;Industries;Accuracy;Perturbation methods;Medical services;Predictive models;Telecommunications;Convolutional neural networks;Iterative methods;Resilience","","1","","15","IEEE","2 Jan 2025","26-27 Nov. 2024","26-27 Nov. 2024","IEEE","IEEE Conferences"
"Blockchain based Internet of Vehicles (IOV) InformationTransmission Mechanisms","L. R; S. S","Department of Computational Intelligence, School of Computing, SRM Institute of Science and Technology, Kattankulathur, Tamilnadu; Department of Computational Intelligence, School of Computing, SRM Institute of Science and Technology, Kattankulathur, Tamilnadu",2022 International Conference on Edge Computing and Applications (ICECAA),"8 Nov 2022","2022","","","514","523","The automotive industry has certainly reshaped society and becoming sophisticated, intelligent, and highly developed industries with discoveries ranges from hybrid, battery-powered, and self-driving modern vehicles to the advent of the Internet of Vehicles (IoV). Because of its complication, it necessitates the use of numerous Industry 4.0 technology such as modern manufacturing operations, robotics, cyber security, augmented reality and so on. The blockchain is a new trend in the automotive industry that can improve data security, anonymity, traceability, integrity, accountability, privacy, robustness, authentication transparency and trustworthiness. Internet of Vehicles (IoV) relates to the transmission of actual data between infrastructures and vehicles via intelligent terminal devices, information platforms, automotive navigation processes, and mobile telecommunication technologies. The article gives a systematic review of Internet of Vehicles (IoV). The analysis is based on evaluation metrics, limitations, technological advancements and techniques over a span of time. This essence has created an opportunity to collect and distribute information regarding vehicles and infrastructures more easily. It moreover enables data collection, processing, and sharing in social media. Most vehicular messages need to be shared in close proximity vehicles whereas IoV helps to improve traffic effectiveness and security. Some messages may need to be distributed more widely in a larger region. Currently, the technique is generating a lot of research interest in other areas, such as the Internet of Vehicles (IoVs). Some centralized issues can besolved in the blockchain technology using a decentralized and reliable vehicular environment.","","978-1-6654-8232-5","10.1109/ICECAA55415.2022.9936403","","https://ieeexplore.ieee.org/stamp/stamp.jsp?arnumber=9936403","","Industries;Measurement;Systematics;Social networking (online);Service robots;Navigation;Robustness","","","","20","IEEE","8 Nov 2022","13-15 Oct. 2022","13-15 Oct. 2022","IEEE","IEEE Conferences"
"Corporate Social Responsibility Challenges and Risks of Industry 4.0 technologies: A review","D. O. Mora Sanchez",NA,"Smart SysTech 2019; European Conference on Smart Objects, Systems and Technologies","16 Sep 2019","2019","","","1","8","The fourth industrial revolution arrived with many enabling technologies that would impact important sociological aspects in the industry. Some of the Industry 4.0 technologies are already running in different industrial application, and other are still as a paradigm state. The social, economic, and environmental acceptance of Industry 4.0 technologies is still under discussion, which open new opportunities to execute various analysis about the possible implications of the implementation of such technologies. This article refers to an exploratory analysis and identification of the different challenges and risks of this new Industry 4.0 paradigm and its related technologies. The technologies under review were Internet of Things, Artificial Intelligence, Cloud Computing, cybersecurity, bid data, blockchain, 5G, robotics, adding manufacturing, unmanned systems, autonomous vehicles, virtual reality, and augmented reality. As a result, different social challenges and risks were identified for each technology, starting from vulnerability, implementation cost, until social aspects such as education and unemployment caused by those new technologies. In conclusion, Industry 4.0 arrived with a lot of benefits to the industry business, but companies should not stop thinking about sustainable development.","","978-3-8007-4977-5","","","https://ieeexplore.ieee.org/stamp/stamp.jsp?arnumber=8835964","","","","5","","","","16 Sep 2019","4-5 June 2019","4-5 June 2019","VDE","VDE Conferences"
"Explainable Forecasts of Disruptive Events using Recurrent Neural Networks","A. L. Buczak; B. D. Baugher; A. J. Berlier; K. E. Scharfstein; C. S. Martin","Johns Hopkins University, Applied Physics Laboratory, Laurel, MD, USA; Johns Hopkins University, Applied Physics Laboratory, Laurel, MD, USA; Johns Hopkins University, Applied Physics Laboratory, Laurel, MD, USA; Johns Hopkins University Applied Physics Laboratory and Carnegie Mellon University, Laurel, MD, USA; Johns Hopkins University, Applied Physics Laboratory, Laurel, MD, USA",2022 IEEE International Conference on Assured Autonomy (ICAA),"29 Apr 2022","2022","","","64","73","This paper describes the Crystal Cube method we developed for forecasting disruptive events around the world, specifically Irregular Leadership Change. Crystal Cube uses a Recurrent Neural Network (RNN) with Long-Short Term Memory (LSTM) units for forecasting. In this paper special emphasis is put on explanations of the network forecasts. We are using SHapley Additive exPlanations (SHAP) for individual forecast explanations and we are aggregating the explanations separately for True Positives, False Positives, True Negatives, and False Negatives. The method can be extended to Deep Reinforcement Learning models for self-driving cars or unmanned fighter jets.","","978-1-6654-8539-5","10.1109/ICAA52185.2022.00017","","https://ieeexplore.ieee.org/stamp/stamp.jsp?arnumber=9763617","resilient;explainable deep learning;interpretable machine learning;acceptance of machine learning models;AI safety;disruptive event;forecasting;LSTM;RNN;SHAP","Deep learning;Leadership;Recurrent neural networks;Conferences;Crystals;Reinforcement learning;Predictive models","","3","","36","IEEE","29 Apr 2022","22-24 March 2022","22-24 March 2022","IEEE","IEEE Conferences"
"The Impact of Artificial Intelligence on the Labor Market in the Arab Gulf Region","A. J. AlMahdawi; E. A. Zaitoun; M. S. Jaradat; M. E. Elzeiny","Postgraduate Professional Diploma in Teaching Program, College of Education, Humanities and Social Sciences, Al Ain University, Al Ain, UAE; Postgraduate Professional Diploma in Teaching Program, College of Education, Humanities and Social Sciences, Al Ain University, Al Ain, UAE; Postgraduate Professional Diploma in Teaching Program, College of Education, Humanities and Social Sciences, Al Ain University, Al Ain, UAE; Postgraduate Professional Diploma in Teaching Program, College of Education, Humanities and Social Sciences, Al Ain University, Al Ain, UAE",2024 Fifth International Conference on Intelligent Data Science Technologies and Applications (IDSTA),"12 Nov 2024","2024","","","197","202","This study aimed to investigate the impact of artificial intelligence (AI) on the labor market by exploring workers’ perspectives on AI’s positive and negative impacts and society’s trends in coping with these impacts. Using a survey-based questionnaire, data were collected from 162 individuals, including both employed and unemployed people with various educational qualifications. The results indicated that AI has both positive and negative impacts to a high extent, with mean scores of 3.85 for positive impacts and 3.75 for negative impacts. Significant differences were observed based on gender, educational qualifications, and professional roles: males (Mean $=4.2, \mathrm{SD}=0.9$) perceived AI’s impact more positively than females (Mean = 3.6, SD = 1.1), while higher educational qualifications were associated with a more optimistic view of AI (e.g., Master’s Degree holders had a Mean $=4.4, \mathrm{SD}=0.8$). Additionally, freelancers (Mean $=4.0, \mathrm{SD}=1.1$) viewed AI as both a threat and opportunity, whereas employees (Mean = 3.7, $\mathrm{SD}=1.0$) and job seekers (Mean $=3.3, \mathrm{SD}=1.2)$ had varying concerns regarding job security and skill demands. Overall, the high acceptance of AI reflects a positive trend towards technology in the labor market.","","979-8-3503-5475-1","10.1109/IDSTA62194.2024.10746940","","https://ieeexplore.ieee.org/stamp/stamp.jsp?arnumber=10746940","Artificial Intelligence;impact;labor market;Oman;UAE","Data science;Market research;Security;Artificial intelligence;Qualifications","","2","","24","IEEE","12 Nov 2024","24-27 Sept. 2024","24-27 Sept. 2024","IEEE","IEEE Conferences"
"MADDPG Based Distributed Multirequest Pricing Mechanisms for Sensing Tasks","J. Sun; D. Wu","College of Computer Science and Technology, Huaiyin Normal University, Huaian, China; Shanghai Jiao Tong University, Shanghai, China",IEEE Transactions on Human-Machine Systems,"7 Aug 2025","2025","55","4","569","578","Recently, mobile crowdsensing (MCS) has received widespread attention due to various application demands, such as home chronic rehabilitation via Internet, emergency rescues, and smart cities, where more than one requester (convalescents) need to recruit mobile users simultaneously (doctors) equipped with different sensors to fulfil the tasks, such as labeling, sensing, and diagnosis. However, most of existing MCS works focus on only one requester, and demands of all of mobile requesters (convalescents) are uncertain. Therefore, this article proposed semi-distributed and distributed multirequest pricing mechanisms for multirequest MCS on the basis of MADDPG, and laid theoretical foundations for home chronic rehabilitation via Internet. Extensive simulations demonstrate that our mechanisms outweigh existing benchmarks.","2168-2305","","10.1109/THMS.2025.3580554","Humanities and Social Sciences Planning Fund Project of the Ministry of Education of China(grant numbers:24YJAZH131); ","https://ieeexplore.ieee.org/stamp/stamp.jsp?arnumber=11063407","MADDPG;multirequest mobile crowdsensing (MCS);multirequest pricing;semi-distributed and distributed multiple requests;uncertain demands","Mobile computing;Sensors;Pricing;Medical services;Games;Labeling;Crowdsensing;Human computer interaction;Nash equilibrium","","1","","20","IEEE","2 Jul 2025","Aug. 2025","","IEEE","IEEE Journals"
"Railway Network Evolution Why it is urgent to wait for 5G?","T. Pierre; G. Christophe","Solutions Department, Kapsch Carrier Comm, Montigny Le Bretonneux, France; Architecture Department, Kapsch Carrier Comm, Montigny Le Bretonneux, France",2019 IEEE 2nd 5G World Forum (5GWF),"28 Nov 2019","2019","","","1","6","The 3GPP 5G standard is almost ready. If its first phase, completed in 2018, allows this standard to claim its 5G status, it will become totally standardized after the second round of standardization completed at the end of 2019. The 5G standard is aimed at three service areas: communication between users using their smartphones (eMBB), communication between machines (mMTC) and also critical communication requiring simultaneously reliability and reduced latency (uRLLC). Of course, these three kind of communication can be managed independently from each other. But the vehicular domain (connected cars or railway scenarios) could be the place where these three forms of communication would be strongly coupled. This paper highlights which 5G features could be deployed in the railway domain and why this unified 5G would be a more judicious choice than a 4G or any other similar standard.","","978-1-7281-3627-1","10.1109/5GWF.2019.8911656","","https://ieeexplore.ieee.org/stamp/stamp.jsp?arnumber=8911656","5G-NR;FRMCS;MCX;Beamforming;Massive MIMO;uRLLC","5G mobile communication;Wireless networks;3G mobile communication;Ultra reliable low latency communication;Throughput;Rail transportation;Public security;3GPP;Standards;Vehicle-to-everything","","1","","15","IEEE","28 Nov 2019","30 Sept.-2 Oct. 2019","30 Sept.-2 Oct. 2019","IEEE","IEEE Conferences"
"Action Prediction Based on Partial Video Observation via Context and Temporal Sequential Network With Deformable Convolution","K. Cheng; E. K. Lubamba; Q. Liu","School of Computer Science and Communication Engineering, Jiangsu University, Zhenjiang, China; National Engineering Laboratory for Public Safety Risk Perception and Control by Big Data, Beijing, China; School of Computer Science and Communication Engineering, Jiangsu University, Zhenjiang, China",IEEE Access,"29 Jul 2020","2020","8","","133527","133540","Predicting activity motion form video is of great importance with multiple applications in computer vision. From the self-driving cars field to the health system, the earlier the anticipation the higher the classification probability success. The main challenge of prediction is accurate information of the object of interest in the frame as compared to the full-frame, from the partial observation. To this end, we propose an end-to-end two-stage architecture model that leverages pixel-level features awareness of spatiotemporal information of the object of interest. The first stage of our model is a classification block composed of 3 blocks layers: a background subtraction layer that enables the model to focus on the subject of interest followed by Deformable Convolution layers for feature extraction and finally an additive Softmax for the final classification. Learned information from the first stage is then transferred to the second stage composed of Long Short-Term Memory layers and a final loss function for prediction. The pervasive evaluation on the UT-Interaction, the HMDB51 as well as on the UCF-Sports benchmarks show the betterment of our model performance over threshold probability difference as compared to other solutions. And demonstrate an early action prediction at a lower observation ratio.","2169-3536","","10.1109/ACCESS.2020.3008848","National Natural Science Foundation of China(grant numbers:61972183,61672268); National Engineering Laboratory Director Foundation of Big Data Application for Social Security Risk Perception and Prevention; ","https://ieeexplore.ieee.org/stamp/stamp.jsp?arnumber=9139509","Background subtraction;deformable convolution;sequential recurrent network;action classification;action prediction","Deformable models;Computational modeling;Context modeling;Predictive models;Feature extraction;Data models;Convolution","","5","","43","CCBY","13 Jul 2020","2020","","IEEE","IEEE Journals"
"Edge-Federated Learning-Based Intelligent Intrusion Detection System for Heterogeneous Internet of Things","S. S. Mahadik; P. M. Pawar; R. Muthalagu","Birla Institute of Technology and Science, Pilani, Dubai Campus, Dubai, United Arab Emirates; Birla Institute of Technology and Science, Pilani, Dubai Campus, Dubai, United Arab Emirates; Birla Institute of Technology and Science, Pilani, Dubai Campus, Dubai, United Arab Emirates",IEEE Access,"14 Jun 2024","2024","12","","81736","81757","Distributed denial of service (DDoS) is an awful cyber threat, becoming more prevalent with mature heterogeneous IoT (HetIoT) applications like intelligent agriculture, wearables, and self-driving cars. Developing intelligent intrusion detection systems (IDS) using deep learning (DL) techniques to protect HetIoT has sparked a lot of attention. Federated learning (FL) helps to train the IDS locally with local data while respecting data privacy. Edge computing (EC) enhances security by processing data closer to the edge network. Therefore, the research contributed by integrating EC, FL, and DL and the proposed Edge-FL-based IDS. The proposed Edge-FL-based IDS aims to enhance HetIoT security by safeguarding data privacy against DDoS attacks. The research developed a DL-based convolutional neural network (CNN) classifier and used the CICDDoS2019 dataset to evaluate the success rate of the proposed Edge-FL-based IDS against DDoS attacks. The research employed IID and non-IID data distributions with participant clients K =3, K =5, and K =7. The findings indicate that the proposed Edge-FL-based IDS outperforms centralized and other state-of-the-art FL models. The proposed Edge-FL-based IDS correctly detects and classifies DDoS attacks with the following accuracy: (a) 8-class IID: K =3 is 99.98%, K =5 is 99.97%, K =7 is 99.96%. (b) 8-class non-IID: K =3 is 99.97%, K =5 is 99.94%, K =7 is 99.90%. (c) 12-class IID: K =3 is 99.96%, K =5 is 99.96%, K =7 is 99.95%. (d)12-class non-IID: K =3 is 99.07%, K =5 is 96.44%, K =7 is 52.39%.","2169-3536","","10.1109/ACCESS.2024.3410046","4th Forum for Women in Research (QUWA): Sustaining Women’s Empowerment in Research & Innovation at University of Sharjah; ","https://ieeexplore.ieee.org/stamp/stamp.jsp?arnumber=10549916","Heterogeneous IoT;distributed denial of service (DDoS);federated learning (FL);independent and identically distributed (IID);non-IID;edge computing (EC)","Data models;Training;Security;Computer crime;Data privacy;Performance evaluation;Denial-of-service attack;Heterogeneous networks;Internet of Things;Edge computing","","35","","56","CCBYNCND","5 Jun 2024","2024","","IEEE","IEEE Journals"
"Innovative Object Detection with YOLOv4 and Adaptive Bounding Boxes","S. M; S. Mahapatra; S. Jhansi","Dept. of CSE & IT, CoE, Computer Vision, Alliance University, Bangalore, India; Department of EEE, Alliance University, Bangalore, India; Dept. of CSE, CoE, Computer Vision, Alliance University, Bangalore, India",2025 4th International Conference on Sentiment Analysis and Deep Learning (ICSADL),"27 Mar 2025","2025","","","885","891","This research work proposes a computer vision-based object detection system. It can recognize each and every object visible in the picture. Horizontal boundary boxes were used to detect different objects available in the detectors. However, buildings and cars in the aerial imagery are occasionally very close to form continuous objects that may suggest a direction. Therefore, some approaches such as extending the horizontal bounding box to oriented box are proposed for a better object extraction; usually via directly regressing the angle or corners. Here we propose an orientation object detector which is simple but more accurate, and it is based on YOLOv4. Here yolov4 is used to detect objects yolo can able to find more than one object in a single image. The paper will contain specific implementation methodology for yolov4 with OpenCV, which includes model configuration settings, preprocessing steps and evaluation matrices such as mean average precision (map), recall and the precision. The object detection problem has transformed into a key problem in computer vision and has enabled improvements in areas including self-driving cars, medical systems, and even surveillance systems. In this paper, we present a new object detection system based on YOLOv4 which stands for ‘You Only Look Once’ version four and uses adaptive bounding boxes. The CSPDarknet-53 and spatial pyramid pooling (SPP) are the main reasons for YOLOv4's immense popularity, as is discussed in the literature. But with the constant changes of the bounding boxes, performance accuracy suffers greatly as they have a difficult time identifying the objects bounding boxes are placed within. To counter this problem, we present an explainable adaptive bounding box technique which relies heavily on the size shape and features of the context of the object being captured. The learnable bounding box adjustment layer which serves to refine the localized bounding boxes is integrated into the head of YOLOv4, where putting the primitive guesses goes through our specialized deep neural network so filters are set and only the most accurate localization guesses are retained. This method proves useful in more complicated scenarios with the presence of occlusions, multiple objects and changes in scale.","","979-8-3315-2392-3","10.1109/ICSADL65848.2025.10933169","","https://ieeexplore.ieee.org/stamp/stamp.jsp?arnumber=10933169","Object detection;yolov4;OpentCV;State-of-art","Location awareness;Visualization;Accuracy;Filters;Shape;Surveillance;Object detection;Detectors;Load modeling;Biomedical imaging","","","","15","IEEE","27 Mar 2025","18-20 Feb. 2025","18-20 Feb. 2025","IEEE","IEEE Conferences"
"Enhanced Antlion optimization based resource allocation in vehicular cloud environment","V. Jayasudha; S. Nazrin Salma; V. Saravanan; M. Nivedha; G. Vinuja","Department of CSE, Saveetha Institute of Medical and Technical Sciences, Chennai, India; Department of EEE, Thamirabharani Engineering College, Tirunelveli, India; Department of Nano Electronics Materials and Sensors, Saveetha School of Engineering, Chennai, India; Department of EEE, Arasu Engineering College, Kumbakonam, India; Department of CSE, Saveetha Institute of Medical and Technical Sciences, Chennai, India",2023 International Conference on Integrated Intelligence and Communication Systems (ICIICS),"8 Feb 2024","2023","","","1","5","There exists several complications with contemporary modes of transport in terms of security, accessibility, sustainability, and limitations in space. Vehicular networks are frequently seen as a viable strategy for enhancing ease and happiness in commuting. However, guaranteeing the optimal use of resources and addressing the rising needs continue to be difficult given the soaring popularity of vehicle users and the expanding diversity of requests for different services. By improving resource allocation from the perspectives of both suppliers and clients, the gaps in the prior research is closed and concentrate on resource allocation in vehicular cloud computing (VCC). The goal of our multi-objective optimisation approach for this issue is to increase levels of acceptance while conserving service supplier expenses. By adjusting the initial sample size in accordance with the pairing variable, unique overlap likelihood to favour exceptional members and increase demographic variation, we develop the Enhanced Ant lion optimization to handle such issues. The simulation results demonstrate that our suggested strategy outperforms the earlier methods in terms of performance.","","979-8-3503-1545-5","10.1109/ICIICS59993.2023.10421066","","https://ieeexplore.ieee.org/stamp/stamp.jsp?arnumber=10421066","Resource allocation;Vehicular cloud computing;Ant lion optimization;Bio inspired algorithms","Cloud computing;Simulation;Optimization methods;Real-time systems;Resource management;Security;Sustainable development","","3","","15","IEEE","8 Feb 2024","24-25 Nov. 2023","24-25 Nov. 2023","IEEE","IEEE Conferences"
"Implementing Machine Learning for AI-Powered Solutions in Robotics, Computer Vision, and Natural Language Processing","V. R. Kasu; B. K. Malamuthu; B. S. Kumar; V. S. Pandi; E. Sivajothi; D. S. Deepika","Sr Functional Architect, Celina, Texas; Financial Crimes Technology, Morgan Stanley Services Inc, New York City, New York; Department of Electronics and Communication, JB Institute of Engineering & Technology, Telangana; Centre for Advanced Wireless Integrated Technology, Chennai Institute of Technology, Chennai, Tamil Nadu, India; Department of Computer Science and Engineering, Vel Tech Rangarajan, Dr. Sagunthala R&D Institute of Science and Technology; Department of Information Technology, R.M.D. Engineering College, Kavaraipettai, Tamil Nadu",2025 Global Conference in Emerging Technology (GINOTECH),"17 Jul 2025","2025","","","1","6","Machine Learning (ML) is a relatively recent development that has had a profound impact on Robotics, Computer Vision (CV) and Natural Language Processing (NLP) by allowing automation of intelligent processing, perception and human-computer interaction. ML-driven AI solutions are crucial in these areas for real-time decision-making, pattern recognition, and autonomous operations; traditional rule-based methods tend to lack the adaptability and scalability to meet the demands of these fields. RL and deep learning have increasingly contributed to the improvement of robotic perception, motion planning, and manipulation in robotics, enabling better and more adaptive autonomous systems. Convolutional neural networks (CNNs) and transformer-based architectures have revolutionized computer vision, with applications ranging from object detection and image segmentation to facial recognition, allowing for advanced visual analysis across sectors such as healthcare, security, and self-driving cars. In NLP, the introduction of transformers like BERT and GPT has transformed the space by enabling more context-aware and human-like AI-driven language models, leading to drastic improvements in areas like speech recognition, sentiment analysis, and machine translation. This study delves into the application of ML techniques across these domains, evaluating the implications on efficiency, accuracy, and scalability along with challenges like data quality, model interpretability, and computational constraints. DQN has made advances for robotics, ViT in the domain of computer vision, and LLMs in the subject of NLU. A comparative study to analyse the progress and limitations of such state-of-the-art ML models. The results highlight the promise of multi-modal AI systems, where machine learning algorithms work in conjunction to improve robotic navigation, as well as visual perception and natural language understanding. Extending prior studies of intelligent automation, this research points the way to the development of new adaptive, human-centric, and autonomous AI innovations in diverse sectors.","","979-8-3315-0775-6","10.1109/GINOTECH63460.2025.11077035","","https://ieeexplore.ieee.org/stamp/stamp.jsp?arnumber=11077035","Natural Language Processing (NLP);Computer Vision;Convolutional Neural Networks (CNNs);Reinforcement Learning (RL);Transformer Models;Human-Robot Interaction (HRI);Autonomous Systems;Vision Transformers (ViTs)","Computer vision;Sentiment analysis;Service robots;Computational modeling;Scalability;Computer architecture;Reinforcement learning;Transformers;Real-time systems;Data models","","4","","18","IEEE","17 Jul 2025","9-11 May 2025","9-11 May 2025","IEEE","IEEE Conferences"
"Summarizing Graphs at Multiple Scales: New Trends","D. Koutra; J. Vreeken; F. Bonchi","Computer Science and Engineering, University of Michigan; Computer Science and Engineering, University of Michigan; Computer Science and Engineering, University of Michigan",2018 IEEE International Conference on Data Mining (ICDM),"30 Dec 2018","2018","","","1097","1097","Recent advances in computing resources have made it possible to collect enormous amounts of interconnected data, such as social media interactions, web activity, knowledge bases, product and service purchases, autonomous vehicle routing, smart home sensor data, and more. The massive scale and complexity of this data, however, not only vastly surpasses human processing power, but also goes beyond limitations with regard to computation and storage. That is, there is an urgent need for methods and tools that summarize large interconnected data to enable faster computations, storage reduction, interactive large-scale visualization and understanding, and pattern discovery. Network summarization-which aims to find a small representation of an original, larger graph-features a variety of methods with different goals and for different input data representations (e.g., attributed graphs, time-evolving or streaming graphs, heterogeneous graphs). The objective of this tutorial is to give a systematic overview of methods for summarizing and explaining graphs at different scales: the node-group level, the network level, and the multi-network level. We emphasize the current challenges, present real-world applications, and highlight the open research problems in this vibrant research area.","2374-8486","978-1-5386-9159-5","10.1109/ICDM.2018.00141","","https://ieeexplore.ieee.org/stamp/stamp.jsp?arnumber=8594950","network summarization;node group level;network level;multi network level;large scale data;graph summaries","Tutorials;Data mining;Conferences;Market research;Computer science;Information security;Social network services","","1","","15","IEEE","30 Dec 2018","17-20 Nov. 2018","17-20 Nov. 2018","IEEE","IEEE Conferences"
"Object Identification Using Generative AI: An Application of Computer Vision","S. Barik; M. Behera; P. Kumari; S. S. Mohapatra; T. Behera","Department of Computer Science and Engineering, DRIEMS University, Cuttack, Odisha; Department of Computer Science and Engineering, DRIEMS University, Cuttack, Odisha; Department of Computer Science and Engineering, DRIEMS University, Cuttack, Odisha; Department of Computer Science and Engineering, DRIEMS University, Cuttack, Odisha; Department of Computer Science and Engineering, DRIEMS University, Cuttack, Odisha",2024 IEEE 3rd World Conference on Applied Intelligence and Computing (AIC),"29 Oct 2024","2024","","","1022","1027","The exponential growth of image data in recent years, driven by the widespread adoption of digital photography and the proliferation of social media platforms, presents a pressing challenge: how to efficiently identify objects within this vast sea of visual information. Traditional methods of object identification often struggle to cope with the scale and complexity of modern image datasets. Generative AI, a subset of machine learning, focuses on creating models that can generate data resembling real examples from a given domain. The most prominent approaches within Generative AI which are Variational Autoencoders and Generative Adversarial Networks have shown remarkable capabilities in generating images which are realistic and capturing complex data distributions, making them promising candidates for improving object identification tasks. Object detection has undergone significant evolution in algorithms, aiming to enhance both accuracy and speed. Thanks to the relentless numerous researcher’s effort, deep learning algorithms have swiftly advanced, resulting in improved object detection capabilities. These advancements find widespread application in various domains such as medical imaging, pedestrian detection, self-driving cars, and face detection, robotics among others, thereby streamlining tasks previously reliant on human effort. Given the expansive nature of the field and the plethora of state-of-the-art algorithms, comprehensively covering them all at once proves to be a daunting endeavor. This paper seeks to provide a foundational overview on the methodologies of object detection, focusing on the detection stages. In the realm of two-stage detectors, algorithms like RCNN, Fast RCNN, and Faster RCNN are explored, prioritizing accuracy. Conversely, one-stage detectors such as YOLO versions emphasize speed.","","979-8-3503-8459-8","10.1109/AIC61668.2024.10731027","","https://ieeexplore.ieee.org/stamp/stamp.jsp?arnumber=10731027","Computer vision;Detection;Image processing;YOLO;RCNN;Generative AI","YOLO;Visualization;Accuracy;Pedestrians;Generative AI;Social networking (online);Detectors;Pressing;Streaming media;Object recognition","","1","","12","IEEE","29 Oct 2024","27-28 July 2024","27-28 July 2024","IEEE","IEEE Conferences"
"Convolutional Neural Network Model for Traffic Sign Recognition","B. Narendra Kumar Rao; R. Ranjana; N. Panini Challa; S. Sreenivasa Chakravarthi","School of Computing, Mohan Babu University, Tirupati, India; Dept of IT, Sri Sairam Engineering College, Chennai, Tamil Nadu, India; School of Computer Science and Engineering (SCOPE), VIT-AP University, Amaravati, India; Department of Computer Science and Engineering, Amrita School of Computing, Amrita Vishwa Vidayapeetham, Chennai, India",2023 3rd International Conference on Advance Computing and Innovative Technologies in Engineering (ICACITE),"24 Jul 2023","2023","","","120","125","Despite the fact that traffic sign segmentation has been publicized for a long time, the majority of past research has centered on traffic signs using graphics. This study aims to propose method for evaluating all sorts of traffic signals based on observations, including in surveillance video streams captured by a vehicle camera, both icon and word signs. Extraction of traffic sign areas of interest (ROIs), exploration and sentiment analysis of ROIs, and post-processing are the three steps of the system. To identify the Regions of interest from each shot of road markings, the most stable fractal dimension regions on grey and calibrated RGB channels are employed. The researchers suggest a multi-convolutional neural network that was trained using a large quantity of data, including fake road markings and pictures extracted from real-time scenarios, Then it refines and emphasizes them based on the most recent their descriptions. Finally, post-processing gathers all of the investors when making an isolating pronouncement. The utility of the suggested technology has been shown through experimental data. This effort aims to improve highest level of quality by flashing drivers about hazards and risks.","","979-8-3503-9926-4","10.1109/ICACITE57410.2023.10182966","","https://ieeexplore.ieee.org/stamp/stamp.jsp?arnumber=10182966","Convolutional Neural Network;Traffic Sign Recognition;Computer Vision","Sentiment analysis;Roads;Surveillance;Neural networks;Traffic control;Streaming media;Real-time systems","","5","","15","IEEE","24 Jul 2023","12-13 May 2023","12-13 May 2023","IEEE","IEEE Conferences"
"Dynamic Pricing Models in E-Commerce: Exploring Machine Learning Techniques to Balance Profitability and Customer Satisfaction","X. Guo; L. Zhang","Management School, Anhui Business and Technology College, Hefei, China; School of Information Engineering, Anhui Business and Technology College, Hefei, China",IEEE Access,"1 May 2025","2025","13","","72994","73002","This research investigates the application of Recurrent Neural Networks (RNNs), specifically Long Short-Term Memory (LSTM) networks, paired with gradient-based optimization techniques for dynamic pricing in e-commerce. The primary objective is to develop a pricing model that effectively balances profitability with customer satisfaction by leveraging sequential data, such as time-series and customer behavior patterns. The approach utilizes LSTM’s ability to capture long-term dependencies in sequential data, while optimization methods like Stochastic Gradient Descent (SGD) enhance model convergence and performance. Key findings include the superior predictive accuracy of LSTM-based models over traditional approaches like Linear Regression and Decision Trees, particularly in real-time data updates and price elasticity scenarios. Additionally, the analysis revealed that LSTM models could efficiently adapt pricing strategies in response to market dynamics, significantly improving profitability while maintaining customer satisfaction. This study provides valuable insights into the application of advanced machine learning techniques in e-commerce pricing. The results suggest that LSTM-based dynamic pricing models could optimize revenue generation, offering substantial implications for pricing strategy development in modern retail environments. Future work may explore hybrid models and multi-objective optimization techniques to further refine these models.","2169-3536","","10.1109/ACCESS.2025.3563371","2024 Anhui Provincial Humanities and Social Sciences Research Project (Major), Project Name: Research on Risk Perception, Response Behavior and Mechanism of Smart Connected Vehicle Consumers under the Background of Data Security(grant numbers:2024AH040285); 2023 Anhui Provincial Quality Engineering Project (Key), Project Name: Exploration of Classroom Revolution Practice under the Background of “Double High Plan”—Taking the “Six Haves” Classroom of Internet Marketing and Live E-Commerce Majors(grant numbers:2023jyxm1363); ","https://ieeexplore.ieee.org/stamp/stamp.jsp?arnumber=10973113","Dynamic pricing;E-commerce;long short-term memory (LSTM);recurrent neural networks (RNNs);gradient-based optimization;profitability;customer satisfaction;sequential data;stochastic gradient descent (SGD);machine learning","Pricing;Electronic commerce;Business;Optimization;Data models;Profitability;Long short term memory;Predictive models;Adaptation models;Machine learning","","5","","45","CCBY","22 Apr 2025","2025","","IEEE","IEEE Journals"
"Digital Leadership in The Era of AI: Dynamic Facial Authentication","A. Shrivastava; R. Praveen; R. H. C. Alfilh; Y. Kumar; P. William; A. Chaudhary","Saveetha School of Engineering, Saveetha Institute of Medical and Technical Sciences, Chennai, Tamil Nadu, India; Utilities America, LTIMindtree Limited, Houston, Texas, USA; Department of Computers Techniques Engineering, College of Technical Engineering, The Islamic University, Najaf, Iraq; Department of Electrical Engineering, GLA University, Mathura; School of Engineering and Technology, Sanjivani University, Kopargaon, Maharashtra, India; Department of Information Technology, Noida Institute of Engineering and Technology, Greater Noida, India","2025 International Conference on Computational Engineering, Sensing Technology and Management (ICCETM)","16 Jun 2026","2025","","","1","6","One of the most important biometric security techniques that helps Improve identity verification is called dynamic face validation. this access plant away perusal seventh cranial nerve expressions and movements inch material sentence. As part of the research the integration of machine-human interaction is being investigated with the goal of improving the Precision of dynamic face recognition systems and increasing their Operator acceptance. the search investigates the way inch which man factors such as arsenic emotions wear and environmental influences bear associate in nursing force along the operation of amp unit away exploitation advance car acquisition techniques such as arsenic convolutional nervous Webs (cnns) and perennial nervous Webs (rnns). In tough circumstances such as fluctuating facial expressions and inadequate lighting it is feasible to very importantly Improve validation Precision by using Adjustive Procedures. this is successful contingent away the employ of amp mixed-methods facility that combines qualitative exploiter stimulus with decimal assessments. The findings indicate that Improved machine-human interaction leads to a reduction in the number of instances of erroneous rejection an Improvement in the level of satisfaction Encountered by Operators and a more effective security Answer.","","979-8-3315-9946-1","10.1109/ICCETM66557.2025.11557722","","https://ieeexplore.ieee.org/stamp/stamp.jsp?arnumber=11557722","Dynamic Facial Authentication;MachineHuman Interaction;Biometric Security;Machine Learning;CNN;RNN;User Experience;Adaptive Algorithms;Facial Expressions","Faces;Authentication;Machining;Accuracy;Printing;Face recognition;Lighting;Error analysis;Machine learning;Technology","","","","22","IEEE","16 Jun 2026","18-18 Nov. 2025","18-18 Nov. 2025","IEEE","IEEE Conferences"
"Detecting anomalies in metro systems","M. H. A. Wibowo; H. Guo; W. L. Goh","School of Electrical and Electronic Engineering, Nanyang Technological University, Singapore; Institute for Infocomm Research, Agency for Science Technology and Research, Singapore; School of Electrical and Electronic Engineering, Nanyang Technological University, Singapore",2018 IEEE 4th World Forum on Internet of Things (WF-IoT),"7 May 2018","2018","","","302","307","In an autonomous vehicle system, a secure control between vehicles and instruments is critical. Particularly, in a metro or underground system, the control is done through a Supervisory Control and Data Acquisition (SCADA) network which is wired and close system. However, this does not imply that the system is safe from attack as an attack can come from insider by sending more command or less command. This attack can be detected by comparing the features extracted from the traffic happening to the heuristic and proper data set. The comparison done is not only by comparing the distribution of the data transferred but also looking at the correlation between each instrument. The correlation is needed since several instruments might work dependently while others might work independently. Data that are compared in the analysis are the features of each instrument from the traffic which are number of command transfer, number of handshake transfer, and the ratio of command transfer to the command transfer median from the samples. These three features are then analyzed and the results will show whether there is an anomaly in a certain period.","","978-1-4673-9944-9","10.1109/WF-IoT.2018.8355146","","https://ieeexplore.ieee.org/stamp/stamp.jsp?arnumber=8355146","Metro systems;anomaly detection;Deep Packet Inspection;machine learning;security system;command;handshake","Feature extraction;Instruments;SCADA systems;Inspection;Tracking;Payloads;Anomaly detection","","3","","4","IEEE","7 May 2018","5-8 Feb. 2018","5-8 Feb. 2018","IEEE","IEEE Conferences"
"AI and ML-Driving and Exponentiating Sustainable and Quantifiable Digital Transformation","C. Naseeb","Data Science and AI Elite (DSE) Team, IBM Research and Development, Munich, Germany","2020 IEEE 44th Annual Computers, Software, and Applications Conference (COMPSAC)","22 Sep 2020","2020","","","316","321","AI is a major transforming technology impacting every sector of life. AI is not a force to deprive humans and take over the control, rather a real enabler and lever for digital transformation. The former view aligns with Hollywood movies, and need to be undressed with the latter, which is realistic and becoming tangible over time as more organizations, and communities are leveraging AI's potential. Developing a practical understanding of AI, its capabilities, the challenges, and opportunities that it brings is fundamental to get the maximum out of its envisaged potential. The objective of this paper is to highlight how technology and industry have developed, discuss the role of AI in driving intelligent transformation concentrating on an applicable understanding of AI and related technologies. We introduce a new conceptual framework: AI's multi-dimensional role, to highlight its transformative power in multiple aspects. We also introduce an AI based Information and Model Governance Framework.","0730-3157","978-1-7281-7303-0","10.1109/COMPSAC48688.2020.0-227","","https://ieeexplore.ieee.org/stamp/stamp.jsp?arnumber=9202502","Artificial Intelligence, Machine Learning, Internet of things, Neuromorphic Computing, Digital Transformation, Industry 4.0, Augmented Reality.","Artificial intelligence;Iron;Three-dimensional displays;Computers;Software;Conferences","","2","","18","IEEE","22 Sep 2020","13-17 July 2020","13-17 July 2020","IEEE","IEEE Conferences"
"Real-World Data-Driven Analysis of Environment- and Context-Dependent Driving Behavior","C. Zink; E. Lenz; J. Kaste; D. Dobkowitz; F. Kallmeyer; R. Findeisen","Driver Assistance Systems Predevelopment, Volkswagen AG, Wolfsburg, Germany; Control and Cyber-Physical Systems Laboratory, Technical University of Darm-stadt, Darmstadt, Germany; Driver Assistance Systems Predevelopment, Volkswagen AG, Wolfsburg, Germany; Driver Assistance Systems Predevelopment, Volkswagen AG, Wolfsburg, Germany; Driver Assistance Systems Predevelopment, Volkswagen AG, Wolfsburg, Germany; Control and Cyber-Physical Systems Laboratory, Technical University of Darm-stadt, Darmstadt, Germany",2025 IEEE Intelligent Vehicles Symposium (IV),"6 Aug 2025","2025","","","2459","2466","Understanding and modeling human driving behavior is essential to improve advanced driver assistance systems (ADAS) and traffic simulations. Traditional driver models are often limited in capturing context- and environment-dependent variations due to simplifying assumptions. The increasing availability of real-world driving data from connected vehicles enables the identification of context-adaptive model parameters, provided that strict privacy and anonymization measures are observed. We analyze data from 156 electric vehicles, each equipped with high-frequency data loggers, recording over 2000 signals per vehicle during a six-month period in uncontrolled environments. As a case study, we examine the approach behavior of a preceding vehicle, which is important for adaptive cruise control (ACC), and its dependence on temperature, light levels, and rain. Our findings suggest that cold temperatures and nighttime conditions increase time-headway and following distances, while the effects of rain appear less pronounced. In the long term, such datasets could refine context-aware driver models for simulation and ADAS calibration and enable personalized adaptive cruise control based on learned driving preferences. By integrating context- and environment-aware driver models, this approach bridges the gap between theoretical modeling and real-world driving behavior.","2642-7214","979-8-3315-3803-3","10.1109/IV64158.2025.11097456","","https://ieeexplore.ieee.org/stamp/stamp.jsp?arnumber=11097456","Real-world driving data;context-aware driver models;Advanced Driver Assistance Systems (ADAS);driving behavior analysis;environment-adaptive modeling","Adaptation models;Analytical models;Data privacy;Rain;Electric vehicles;Data models;Driver behavior;Vehicles;Context modeling;Cruise control","","3","","20","IEEE","6 Aug 2025","22-25 June 2025","22-25 June 2025","IEEE","IEEE Conferences"
"A Comprehensive Framework for Next Generation of Cooperative ITSs","S. Chiocchio; E. Cinque; A. Persia; P. Salvatori; C. Stallo; M. Salvitti; F. Valentini; M. Pratesi; F. Rispoli; A. Neri; F. Santucci","DISIM Department, University of L'Aquila, L'Aquila, Italy; DISIM Department, University of L'Aquila, L'Aquila, Italy; DISIM Department, University of L'Aquila, L'Aquila, Italy; RadioLabs Consortium, Rome, Italy; RadioLabs Consortium, Rome, Italy; RadioLabs Consortium, Rome, Italy; DISIM Department, University of L'Aquila, L'Aquila, Italy; DISIM Department, University of L'Aquila, L'Aquila, Italy; RadioLabs Consortium, Rome, Italy; RadioLabs Consortium, Rome, Italy; DISIM Department, University of L'Aquila, L'Aquila, Italy",2018 IEEE 4th International Forum on Research and Technology for Society and Industry (RTSI),"29 Nov 2018","2018","","","1","6","Changing environmental conditions, the demographic trends and the consequent increase of mobility demand lead us to consider a new integrated mobility model that is able to guarantee efficient management of traffic flows, reduction of accidents and consumption, and improvements in driving and travel comfort. Accurate localization, vehicular connectivity and communication, as well as cybersecurity, will play a key role for development of future Cooperative and Intelligent Transportation Systems (C-ITS). This work presents research activities underway at the University of L' Aquila and the Radiolabs Consortium, concerning the study of techniques and technologies for secure communication and accurate geo-localization, the design and prototype implementation of management architectures and vehicle platforms, the development of dynamic and cooperative navigation services. These activities also aim to support future services in the ITS field, with a particular focus on mobility of commercial vehicles, both in normal and emergency operating conditions. Distinctive elements of this work are the identification and the services implementation of real use cases, supported by the new GALILEO satellite constellation, currently available communication technologies (V2X/4G), and the emerging 5G.","","978-1-5386-6282-3","10.1109/RTSI.2018.8548431","","https://ieeexplore.ieee.org/stamp/stamp.jsp?arnumber=8548431","","Roads;Hazards;Global navigation satellite system;Automotive engineering;Automobiles;Satellites","","7","","22","IEEE","29 Nov 2018","10-13 Sept. 2018","10-13 Sept. 2018","IEEE","IEEE Conferences"
"Towards System Level Simulations of Public Safety Applications over 5G NR Sidelink","S. Gamboa; T. R. Henderson; W. Garey; C. Liu; R. Rouil","Associate, National Institute of Standards and Technology, Gaithersburg, MD, USA; Department of Electrical & Computer Engineering, University of Washington, Seattle, WA, USA; National Institute of Standards and Technology, Gaithersburg, MD, USA; National Institute of Standards and Technology, Gaithersburg, MD, USA; National Institute of Standards and Technology, Gaithersburg, MD, USA",2024 IEEE World Forum on Public Safety Technology (WFPST),"30 Jul 2024","2024","","","1","6","The New Radio (NR) sidelink (SL) interface was initially specified to support NR Vehicle-to-everything (V2X) applications and lately to support NR Proximity Services (ProSe) public safety applications. Network support requirements differ between the operational demands of these two types of applications. Building upon an existing ns-3 NR V2X simulator, this paper details the extensions made to the simulator to cater to NR ProSe public safety applications. We use as case study the Mission Critical Push-to-Talk (MCPTT) application, a keystone of group communication in 5G NR public safety networks. We demonstrate through simulation results that our enhancements are essential for a more accurate representation of public safety applications.","","979-8-3503-2914-8","10.1109/WFPST58552.2024.00043","","https://ieeexplore.ieee.org/stamp/stamp.jsp?arnumber=10607028","NR;SL;MCPTT;Public Safety","Schedules;Accuracy;Unicast;Simulation;Sidelink;New Radio;Public security","","4","","9","IEEE","30 Jul 2024","14-15 May 2024","14-15 May 2024","IEEE","IEEE Conferences"
"Crafting adversarial input sequences for recurrent neural networks","N. Papernot; P. McDaniel; A. Swami; R. Harang","The Pennsylvania State University, University Park, PA; The Pennsylvania State University, University Park, PA; United States Army Research Laboratory, Adelphi, MD; United States Army Research Laboratory, Adelphi, MD",MILCOM 2016 - 2016 IEEE Military Communications Conference,"26 Dec 2016","2016","","","49","54","Machine learning models are frequently used to solve complex security problems, as well as to make decisions in sensitive situations like guiding autonomous vehicles or predicting financial market behaviors. Previous efforts have shown that numerous machine learning models are vulnerable to adversarial manipulations of their inputs taking the form of adversarial samples. Such inputs are crafted by adding carefully selected perturbations to legitimate inputs so as to force the machine learning model to misbehave, for instance by outputting a wrong class if the machine learning task of interest is classification. In fact, to the best of our knowledge, all previous work on adversarial samples crafting for neural networks considered models used to solve classification tasks, most frequently in computer vision applications. In this paper, we investigate adversarial input sequences for recurrent neural networks processing sequential data. We show that the classes of algorithms introduced previously to craft adversarial samples misclassified by feed-forward neural networks can be adapted to recurrent neural networks. In a experiment, we show that adversaries can craft adversarial sequences misleading both categorical and sequential recurrent neural networks.","2155-7586","978-1-5090-3781-0","10.1109/MILCOM.2016.7795300","","https://ieeexplore.ieee.org/stamp/stamp.jsp?arnumber=7795300","","Computational modeling;Recurrent neural networks;Adaptation models;Neurons;Mathematical model;Biological neural networks","","241","1","25","IEEE","26 Dec 2016","1-3 Nov. 2016","1-3 Nov. 2016","IEEE","IEEE Conferences"
"AttMOT: Improving Multiple-Object Tracking by Introducing Auxiliary Pedestrian Attributes","Y. Li; Z. Xiao; L. Yang; D. Meng; X. Zhou; H. Fan; L. Zhang","School of Computer Science and Technology, University of Chinese Academy of Sciences, Beijing, China; State Key Laboratory of Computer Science, Institute of Software, Chinese Academy of Sciences, Beijing, China; Turing Quantum Company, Beijing, China; OPPO Research Institute, Beijing, China; State Key Laboratory of Computer Science, Institute of Software, Chinese Academy of Sciences, Beijing, China; Department of Computer Science and Engineering, University of North Texas, Denton, TX, USA; School of Computer Science and Technology, University of Chinese Academy of Sciences, Beijing, China",IEEE Transactions on Neural Networks and Learning Systems,"28 Feb 2025","2025","36","3","5454","5468","Multiobject tracking (MOT) is a fundamental problem in computer vision with numerous applications, such as intelligent surveillance and automated driving. Despite the significant progress made in MOT, pedestrian attributes, such as gender, hairstyle, body shape, and clothing features, which contain rich and high-level information, have been less explored. To address this gap, we propose a simple, effective, and generic method to predict pedestrian attributes to support general reidentification (Re-ID) embedding. We first introduce attribute multi-object tracking (AttMOT), a large, highly enriched synthetic dataset for pedestrian tracking, containing over 80k frames and six million pedestrian identity switches (IDs) with different times, weather conditions, and scenarios. To the best of authors’ knowledge, AttMOT is the first MOT dataset with semantic attributes. Subsequently, we explore different approaches to fuse Re-ID embedding and pedestrian attributes, including attention mechanisms, which we hope will stimulate the development of attribute-assisted MOT. The proposed method attribute-assisted method (AAM) demonstrates its effectiveness and generality on several representative pedestrian MOT benchmarks, including MOT17 and MOT20, through experiments on the AttMOT dataset. When applied to the state-of-the-art trackers, AAM achieves consistent improvements in multi-object tracking accuracy (MOTA), higher order tracking accuracy (HOTA), association accuracy (AssA), IDs, and IDF1 scores. For instance, on MOT17, the proposed method yields a +1.1 MOTA, +1.7 HOTA, and +1.8 IDF1 improvement when used with FairMOT. To further encourage related research, we release the data and code at https://github.com/HengLan/AttMOT.","2162-2388","","10.1109/TNNLS.2024.3384446","Chinese Academy of Medical Sciences (CAMS) Innovation Fund for Medical Sciences(grant numbers:2021-I2M-C&T-A-011); Youth Innovation Promotion Association, Chinese Academy of Science (CAS)(grant numbers:2020111); ","https://ieeexplore.ieee.org/stamp/stamp.jsp?arnumber=10508509","Attribute assistance;multiobject tracking (MOT);pedestrian attributes;synthetic dataset","Target tracking;Synthetic data;Feature extraction;Annotations;Pedestrians;Human activity recognition","","10","","93","IEEE","25 Apr 2024","March 2025","","IEEE","IEEE Journals"
"Hackers on the Go: Investigating Cyber Threats to Crowdsourced Mobility-on-Demand Platforms","H. Rizk; H. Yamaguchi","Tanta University, Tanta, Egypt; Osaka University, Osaka, Japan",2023 33rd International Conference on Computer Theory and Applications (ICCTA),"22 Apr 2025","2023","","","107","113","Mobility on Demand (MoD) has transformed transportation in smart cities, with accurate demand prediction being crucial for efficient MoD applications. Deep learning models have excelled in various domains and have been successfully applied to predict demand patterns in MoD. Leveraging diverse data sources, such as historical trip data and social media feeds, these models optimize resource allocation and service quality. However, the rise of adversarial attacks poses a threat to deep learning models. In this paper, we address the vulnerabilities in MoD systems relying on crowd-sourced data and propose a defense strategy to mitigate adversarial attacks. Our research aims to enhance the security and reliability of MoD systems, advancing the transportation industry.","2770-6575","979-8-3503-0958-4","10.1109/ICCTA60978.2023.10969231","","https://ieeexplore.ieee.org/stamp/stamp.jsp?arnumber=10969231","Mobility on Demand;Adversarial attacks;Defense strategies;Urban transportation","Mobility as a service;Deep learning;Social networking (online);Smart cities;Transportation industry;Soft sensors;Transportation;Predictive models;Data models;Safety","","","","39","IEEE","22 Apr 2025","16-18 Dec. 2023","16-18 Dec. 2023","IEEE","IEEE Conferences"
"Microscopic Right-of-Way Trading Mechanism for Cooperative Decision-Making: Theories and Preliminary Results","Z. Sun; Z. Qin; R. Ma; T. Huang; Z. Gao; A. Ji","School of Transportation and Logistics and the National Engineering Laboratory of Integrated Transportation Big Data Application Technology, Southwest Jiaotong University, Chengdu, Sichuan, China; School of Transportation and Logistics and the National Engineering Laboratory of Integrated Transportation Big Data Application Technology, Southwest Jiaotong University, Chengdu, Sichuan, China; Merced County Association of Governments, Merced, CA, USA; College of Air Traffic Management, Civil Aviation Flight University of China, Deyang, Sichuan, China; Intelligence Autonomous Vehicle Group, SenseTime, Shanghai, China; School of Transportation and Logistics and the National Engineering Laboratory of Integrated Transportation Big Data Application Technology, Southwest Jiaotong University, Chengdu, Sichuan, China",IEEE Transactions on Intelligent Transportation Systems,"4 Feb 2025","2025","26","2","2461","2477","In this paper, a microscopic right-of-way trading mechanism (Micro-ROWTM) is developed to encourage cooperative behavior in mixed traffic, which consists of cooperative vehicles (CoVs) and non-cooperative vehicles (NCoVs). Micro-ROWTM encompasses the following functions: (i) detection of traffic conflicts and system-improving opportunities; (ii) participants reporting their attributes; (iii) right-of-way trade proposed by the system; and (iv) trade settlement and cooperative control. In the experiments, the proposed mechanism is tested using an illustrative ramp-merging example, in which each right-of-way trade proposal is offered to a group of participants comprised of a mainline leader, a mainline follower, and a ramp vehicle. Upon the acceptance of a proposal, the mainline leader and/or mainline follower agrees to behave cooperatively (yield) to the ramp vehicle, and receive monetary compensation from the ramp vehicle in return. To help design the trading mechanism, six important definitions are introduced and discussed, including (i) strong individual rationality, (ii) system efficiency and group efficiency, (iii) dominant-strategy incentive compatibility, (iv) social welfare maximization, (v) utilitarian envy minimization and (vi) payoff difference minimization. A linear programming-based trading and taxation model which satisfies the above definitions is then developed and solved. Using the Micro-ROWTM, when the flow rate is 1000veh/h for both the mainline and ramp traffic, the ramp vehicles can save 6.8% travel time and 27.4% fuel consumption on average, and the mainline vehicles can eventually obtain a positive payoff by compensation. From a system perspective, the ramp-merging section can save 107.5s of travel time and 2450.3g of fuel consumption per hour.","1558-0016","","10.1109/TITS.2024.3498870","National Natural Science Foundation of China(grant numbers:52072316,52302418); Sichuan Science and Technology Program(grant numbers:2024NSFSC0942); Fundamental Research Funds for the Central Universities(grant numbers:2682023CX047); ","https://ieeexplore.ieee.org/stamp/stamp.jsp?arnumber=10769540","Cooperative decision-making for mixed traffic (CDMMT);game theory;microscopic right-of-way trading mechanism (Micro-ROWTM);incentive compatibility;envy minimization","Game theory;Trajectory;Pricing;Optimization;Minimization;Costs;Microscopy","","8","","64","IEEE","27 Nov 2024","Feb. 2025","","IEEE","IEEE Journals"
"Lightweight and Space-efficient Vehicle Authentication based on Cuckoo Filter","C. Kalalas; J. Alonso-Zarate","Centre Tecnològic de Telecomunicacions de Catalunya (CTTC/CERCA), Barcelona, Spain; Centre Tecnològic de Telecomunicacions de Catalunya (CTTC/CERCA), Barcelona, Spain",2020 IEEE 3rd 5G World Forum (5GWF),"13 Oct 2020","2020","","","139","144","While the emerging vehicle-to-everything (V2X) connectivity paradigm is radically transforming the automotive sector, unprecedented security challenges arise, calling for innovative security enablers with minimum impact on the ongoing communication. In dense V2X scenarios, the 5G authentication and key agreement (5G-AKA) procedure may suffer from uncontrolled failures which result in unacceptable latency levels due to the excessive signalling overhead. In this paper, we introduce a lightweight vehicle authentication scheme, as an extension of the 5G-AKA, to adequately address a high number of authentication requests. The proposed mechanism leverages the space-efficient features of the cuckoo filter, a probabilistic data structure for approximate set membership tests, to achieve authentication of multiple vehicles at a time. Our performance analysis reveals the impact of various cuckoo filter parameter configurations on the authentication efficiency. In addition, our proposed authentication mechanism is able to outperform the standardized 5G-AKA procedure in terms of latency and protocol overhead even for high vehicle load.","","978-1-7281-7299-6","10.1109/5GWF49715.2020.9221363","","https://ieeexplore.ieee.org/stamp/stamp.jsp?arnumber=9221363","Vehicle authentication;Internet of Vehicles (IoV);5G-AKA;Cuckoo filter","Protocols;Costs;5G mobile communication;Mission critical systems;Authentication;Probabilistic logic;Data structures","","6","","11","IEEE","13 Oct 2020","10-12 Sept. 2020","10-12 Sept. 2020","IEEE","IEEE Conferences"
"Parked Vehicles Task Offloading in Edge Computing","K. Nguyen; S. Drew; C. Huang; J. Zhou","Department of Systems and Computer Engineering, Carleton University, Ottawa, ON, Canada; Department of Electrical and Software Engineering, University of Calgary, Calgary, AB, Canada; Department of Systems and Computer Engineering, Carleton University, Ottawa, ON, Canada; Department of Computer Science and Engineering, Michigan State University, East Lansing, MI, USA",IEEE Access,"25 Apr 2022","2022","10","","41592","41606","The analytical research has recently indicated that the computational resources of Connected Autonomous Vehicles (CAVs) have been wasted since almost all vehicles spend over 95% of their time in parking lots. This paper presents a collaborative computing framework to efficiently offload online computational tasks to parked vehicles (PVs) during peak business hours. To maintain the service continuity, we advocate for integrating Kubernetes-based container orchestration to leverage its advanced features (e.g., auto-healing, load balancing, and security). We analytically formulate the task-offloading problem and then propose an intelligent meta-heuristic algorithm to dynamically deal with online heterogeneous demands. Additionally, we take a cumulative incentives model into account, where the PV owners are able to earn profit by sharing their computation resources. We also compare our algorithm with several existent heuristics on different sizes of the parking lot. Extensive simulation results show that our proposed computing framework significantly increases the possibility of accepting the online tasks and improves average task offloading cost by at least 40%. Besides, we quantify the PV availability by task acceptance ratios, which can be a critical criterion for network planners to achieve desired network service goals.","2169-3536","","10.1109/ACCESS.2022.3167641","Natural Sciences and Engineering Research Council of Canada (NSERC) Engage(grant numbers:EGP543449-19); National Science Foundation(grant numbers:IIS-1749940); Office of Naval Research(grant numbers:N00014-20-1-2382); University of Calgary Start-up Funding(grant numbers:10032260); ","https://ieeexplore.ieee.org/stamp/stamp.jsp?arnumber=9758799","Parked vehicles;cloud computing;edge computing;collaborative cloud-edge computing;online task offloading;container orchestration;Kubernetes","Task analysis;Cloud computing;Edge computing;Collaboration;Costs;Containers;Computer architecture","","25","","30","CCBY","18 Apr 2022","2022","","IEEE","IEEE Journals"
"Coordinate Scheduling of Plug-in Electric Vehicles at Charging Station Fed by Renewable Energy Sources","H. K. Gupta; M. K. Shah; K. Chopra","Department of Electrical Engineering, Malaviya National Institute of Technology, Jaipur, India; Department of Electrical Engineering, Malaviya National Institute of Technology, Jaipur, India; Department of Electrical Engineering, Malaviya National Institute of Technology, Jaipur, India","2023 5th International Conference on Energy, Power and Environment: Towards Flexible Green Energy Technologies (ICEPE)","9 Aug 2023","2023","","","1","6","Utilizing renewable energy sources (RES) simultaneously eliminates the need for an energy storage system (ESS), reducing overall cost. This research paper focuses on developing an algorithm for efficiently scheduling electric vehicles (EVs) charging at a charging station. The Monte Carlo Method has been used to generate the arrival times of EVs at the station for each time slot. The algorithm consists of two main components: The Vehicle Acceptance Algorithm (VAA) and the Vehicle Scheduling Algorithm (VSA). Accepted vehicles can engage in Vehicle-to-Vehicle (V2V) charging once their State of Charge (SOC) reaches a certain level. Renewable power is supplied through a combination of solar and wind energy. Upon arrival at the charging station, EVs are scheduled based on the available energy at that particular time slot, which includes the remaining energy from RES, the V2V energy of previously scheduled vehicles, and the charger's availability. In cases where there is an energy shortage during a timeslot, EV owners can charge their vehicles using grid power. In order to promote social welfare among EV owners who prefer charging with RES, certain incentives are provided alongside the low cost of charging from renewable sources.","2832-8973","979-8-3503-1312-3","10.1109/ICEPE57949.2023.10201636","","https://ieeexplore.ieee.org/stamp/stamp.jsp?arnumber=10201636","EV scheduling;Renewable Energy Sources;Coordinate scheduling;Reduction of burden from the grid;Green Energy","Renewable energy sources;Energy consumption;Vehicle-to-grid;Costs;Wind energy;Green products;Vehicular ad hoc networks","","3","","13","IEEE","9 Aug 2023","15-17 June 2023","15-17 June 2023","IEEE","IEEE Conferences"
"Simulating Distributed Wireless Sensor Networks for Edge-AI","A. Prajapati; B. Banerjee","Process Control-Automation and Integration International Paper, Memphis, TN, USA; Department of Electrical & Computer Engineering, Institute for Intelligent Systems, University of Memphis, Memphis, TN, USA",2022 5th Conference on Cloud and Internet of Things (CIoT),"9 May 2022","2022","","","75","82","This paper presents the simulation of distributed wireless sensor networks (WSNs) consisting of autonomous mobile nodes that communicate, with or without a central/root node, as desired for edge artificial intelligence (edge-AI). We harness the high-resolution and multidimensional sensing characteristics of IEEE 802.15.4 standard and Routing Protocol for Low-Power and Lossy Networks (RPL) to implement dynamic, asynchronous, event-driven, targeted communication in distributed WSNs. We choose Contiki-NG/Cooja to simulate two WSNs, one with and the other without a root node. The simulations are assessed on the network Quality of Service (QoS) parameters such as throughput, network lifetime, power consumption, and packet delivery ratio. The simulation outputs show that the sensor nodes at the edge communicate successfully with the specific targets responding to particular events in an autonomous and asynchronous manner. The performance is slightly degraded when using the RPL WSN with a root node. This work shows how to simulate and evaluate distributed WSNs using the Cooja simulator which would be useful for designing such networks for edge-AI applications, such as visual surveillance, monitoring in assisted living facilities, intelligent transportation with connected vehicles, automated factory floors, immersive social media experience, and so on.","","978-1-6654-7964-6","10.1109/CIoT53061.2022.9766520","","https://ieeexplore.ieee.org/stamp/stamp.jsp?arnumber=9766520","Edge-AI;Contiki OS;Cooja;Wireless sensor networks;simulation;Routing Protocol for Low-Power and Lossy Networks;IEEE 802.15.4;event-driven and targeted communication","IEEE 802.15 Standard;Wireless sensor networks;Visualization;Surveillance;Transportation;Quality of service;Throughput","","2","","33","IEEE","9 May 2022","28-30 March 2022","28-30 March 2022","IEEE","IEEE Conferences"
"Driving Safety & Awareness Cooperative Business Model exploiting the 5GMETA platform","C. Canova; F. Pacella; D. Brevi; M. Apruzzese; R. Cavicchioli","LINKS, Torino, Italy; LINKS, Torino, Italy; LINKS, Torino, Italy; DISMI, UNIMORE, Reggio Emilia, Italy; DISMI, UNIMORE, Reggio Emilia, Italy",2022 IEEE Future Networks World Forum (FNWF),"8 Mar 2023","2022","","","299","304","The introduction of the 5G in the automotive sector paves the way to new business opportunities and stakeholders collaboration, thanks to the availability of new connected vehicles technologies. To emphasise the opportunities of improved data sharing, different business modelling approaches exist, depending on the phase of the data value chain that technologies are able to cover. The 5GMETA open platform aims to leverage CCAM-based captured data to stimulate, facilitate and feed innovative products and services exploring the possibilities enabled by collaborative business models. This paper describes a new business model which focuses on a Use Case (UC) on “Driving Safety and Awareness” that exploit the 5GMETA platform, and highlight its business innovation. In this context, the value proposition relies in the ability to increase road safety thanks to a better driving-misbehaviour detection, thus providing benefits to a wide range of potential stakeholders. The UC has its foundation in the real-time data collected, in a scalable and reliable way, by the platform. The main innovation that the adoption of such business model will bring is the creation of new partnerships that may be enforced by a clear definition of the profit-sharing strategy between the actors involved.","2770-7679","978-1-6654-6250-1","10.1109/FNWF55208.2022.00059","","https://ieeexplore.ieee.org/stamp/stamp.jsp?arnumber=10056630","Business Model;5G;MEC;CCAM","Technological innovation;Collaboration;Data models;Road safety;Real-time systems;Safety;Stakeholders","","","","4","IEEE","8 Mar 2023","10-14 Oct. 2022","10-14 Oct. 2022","IEEE","IEEE Conferences"
"Behavioral Biometrics for Continuous Authentication in the Internet-of-Things Era: An Artificial Intelligence Perspective","Y. Liang; S. Samtani; B. Guo; Z. Yu","School of Computer Science, Northwestern Polytechnical University, Xi’an, China; Operations and Decision Technologies Department, Kelley School of Business, Indiana University, Tampa, USA; School of Computer Science, Northwestern Polytechnical University, Xi’an, China; School of Computer Science, Northwestern Polytechnical University, Xi’an, China",IEEE Internet of Things Journal,"15 Sep 2020","2020","7","9","9128","9143","In the Internet-of-Things (IoT) era, user authentication is essential to ensure the security of connected devices and the customization of passive services. However, conventional knowledge-based and physiological biometric-based authentication systems (e.g., password, face recognition, and fingerprints) are susceptible to shoulder surfing attacks, smudge attacks, and heat attacks. The powerful sensing capabilities of IoT devices, including smartphones, wearables, robots, and autonomous vehicles enable continuous authentication (CA) based on behavioral biometrics. The artificial intelligence (AI) approaches hold significant promise in sifting through large volumes of heterogeneous biometrics data to offer unprecedented user authentication and user identification capabilities. In this survey article, we outline the nature of CA in IoT applications, highlight the key behavioral signals, and summarize the extant solutions from an AI perspective. Based on our systematic and comprehensive analysis, we discuss the challenges and promising future directions to guide the next generation of AI-based CA research.","2327-4662","","10.1109/JIOT.2020.3004077","National Basic Research Program of China (973 Program)(grant numbers:2019YFB2102200); Ministry of Health of China(grant numbers:2017ZX10303401-002,2017YFC1200302); Natural Science Foundation of China(grant numbers:61902320,71472175,71602184,71621002); National Science Foundation(grant numbers:CNS-1850362,OAC-1917117); Fundamental Research Funds for the Central Universities(grant numbers:31020180QD140); ","https://ieeexplore.ieee.org/stamp/stamp.jsp?arnumber=9121981","Artificial intelligence (AI);behavioral biometric;body area networks;constrained devices;continuous authentication (CA);cyber–physical systems data mining;Internet of Things (IoT)","Authentication;Biometrics (access control);Internet of Things;Sensors;Knowledge based systems;Physiology;Smart phones","","206","","167","IEEE","22 Jun 2020","Sept. 2020","","IEEE","IEEE Journals"
"Smart Energy Management System based on Reconfigurable AI Chip and Electrical Vehicles","H. Huang; M. Ogbodo; Z. Wang; C. Qiu; M. Hisada; A. B. Abdallah","School of Computer Science and Engineering, Guangzhou University, China; Graduate School of Computer Science and Engineering, The University of Aizu, Japan; Graduate School of Computer Science and Engineering, The University of Aizu, Japan; Graduate School of Computer Science and Engineering, The University of Aizu, Japan; Aizu Computer Science Laboratories, Inc., Japan; Graduate School of Computer Science and Engineering, The University of Aizu, Japan",2021 IEEE International Conference on Big Data and Smart Computing (BigComp),"10 Mar 2021","2021","","","233","238","Almost every larger city in Europe has ambitious smart city projects. This is particularly true for Hamburg, a Hanseatic city in the north of Germany. Hamburg is the smartest city in Germany according to a Federal Association for Information Technology. Although there are no megacities in the European Union (the largest city in the European Union is Berlin with 3.7 million inhabitants), the increasing urbanization is apparent and produces problems to be solved. At the same time rural depopulation creates conjugated problems.One category of these problems is mobility. Mobility can be regarded as the need to move persons and freight. In densely populated cities an increasing amount of transport users have to share a decreasing amount of space with conflicting needs. At the same time in rural areas, a dwindling supply of local public transport makes the mobility of the remaining residents more difficult. The same applies to parcel delivery or the supply of goods. Autonomous systems have great potential to create a sustainable and livable environment. The author has initiated a publicly funded project to investigate technologies of autonomous mobile systems which interact with a smart city. The test area intelligent urban mobility (Testfeld intelligente Quartiersmobilitat) at the campus of Hamburgs University of Applied Sciences is created to do research on connected and autonomous mobile systems like multipurpose robots and other mobility users like pedestrians with a smartphone. A particular focus is on neighborhood mobility. This means that distances of less than 3 kilometers usually have to be covered. The special type of needs in neighborhood mobility has two important aspects that affect development of autonomous mobile systems: It is slow mobility and the transport users are especially vulnerable. The acceptance of the residents of autonomous systems is equally important, as is the protection of privacy when collecting environmental data. They are expected to make decisions on their own in complex environments. The real world usually differs from a simulation or an experimental setup in a laboratory - a problem commonly referred to as Sim-2-Real gap. Active and non-destructive exploration is expected from an autonomous system to solve unexpected problems. Machine learning methods come into play which in turn have their own pitfalls. The author has built a specialized laboratory to investigate machine learning technology applied to autonomous systems. In this laboratory miniature autonomous vehicles are developed. The general idea of this experimental setup allows research on new methodologies for autonomous systems in a very small scale","2375-9356","978-1-7281-8924-6","10.1109/BigComp51126.2021.00051","National Natural Science Foundation of China; ","https://ieeexplore.ieee.org/stamp/stamp.jsp?arnumber=9373129","Smart Energy Management System;Virtual Power Plant;Hardware and Software Platform;Mobile Edge Intelligence;AI Chip;Electrical Vehicle","Scalability;AI accelerators;Wind farms;User interfaces;Batteries;Energy management systems;Sustainable development","","18","","17","IEEE","10 Mar 2021","17-20 Jan. 2021","17-20 Jan. 2021","IEEE","IEEE Conferences"
"The Adversarial Attacks Threats on Computer Vision: A Survey","Y. Zhou; M. Han; L. Liu; J. He; X. Gao","College of Computing and Software Engineering, Kennesaw State University; Analytics and Data Science Institute; College of Computing and Software Engineering, Kennesaw State University; Kennesaw State University; University-town Hospital of Chongqing Medical University",2019 IEEE 16th International Conference on Mobile Ad Hoc and Sensor Systems Workshops (MASSW),"9 Apr 2020","2019","","","25","30","Deep learning has shown impressive performance in various complex problems which difficult to the conventional machine learning algorithms, especially in such domains: Medical diagnosis, self-driving, identity verification, social media, and agriculture. However, based on recent research, deep learning algorithms are vulnerable to adversarial attacks with slightly crafted perturbations. The adversarial examples mislead the classifiers to targeted or non-targeted categories, and the perturbations are challenging to be perceptible from the human perspective. The threat raises the severe security problem in deep learning applications. This study aims to summarize recent research for generating adversarial examples in different aspects and reviewed the applications in the physical world. We further considered the difficulties of model robustness and potential countermeasures.","","978-1-7281-4121-3","10.1109/MASSW.2019.00012","","https://ieeexplore.ieee.org/stamp/stamp.jsp?arnumber=9059341","adversarial attacks;deep learning;security;robustness","Machine-to-machine communications;Conferences;Sensor systems","","13","","41","IEEE","9 Apr 2020","4-7 Nov. 2019","4-7 Nov. 2019","IEEE","IEEE Conferences"
"Editorial Navigating Trust, Security, and Privacy in the Digital Age","W. Shieh","National Yang Ming Chiao Tung University, Hsinchu, Taiwan",IEEE Transactions on Reliability,"6 Sep 2024","2024","73","3","1408","1409","In today's highly digitalized era, constant interaction with the Internet—such as sending and receiving emails, browsing websites, and using social media—is almost unavoidable. This connectivity offers unprecedented convenience and efficiency in communication, commerce, and information sharing. However, it also introduces significant cybersecurity and privacy challenges. One of the most concerning issues is the digital footprints we leave behind, which can be exploited by hackers for various cyber-attacks.","1558-1721","","10.1109/TR.2024.3441129","","https://ieeexplore.ieee.org/stamp/stamp.jsp?arnumber=10669135","","","","","","0","IEEE","6 Sep 2024","Sept. 2024","","IEEE","IEEE Journals"
"Failures in the Loop: Human Leadership in AI-Based Decision-Making","K. Michael; J. R. Schoenherr; K. M. Vogel","School for the Future of Innovation in Society, Arizona State University, Tempe, AZ, USA; Department of Psychology, Applied AI Institute Concordia University, Montreal, QC, Canada; School for the Future of Innovation in Society, Arizona State University, Tempe, AZ, USA",IEEE Transactions on Technology and Society,"27 May 2024","2024","5","1","2","13","The dark side of AI has been a persistent focus in discussions of popular science and academia (Appendix A), with some claiming that AI is “evil” [1]. Many commentators make compelling arguments for their concerns. Techno-elites have also contributed to the polarization of these discussions, with ultimatums that in this new era of industrialized AI, citizens will need to “[join] with the AI or risk being left behind” [2]. With such polarizing language, debates about AI adoption run the risk of being oversimplified. Discussion of technological trust frequently takes an all-or-nothing approach. All technologies – cognitive, social, material, or digital – introduce tradeoffs when they are adopted, and contain both ‘light and dark’ features [3]. But descriptions of these features can take on deceptively (or unintentionally) anthropomorphic tones, especially when stakeholders refer to the features as ‘agents’ [4], [5]. When used as an analogical heuristic, this can inform the design of AI, provide knowledge for AI operations, and potentially even predict its outcomes [6]. However, if AI agency is accepted at face value, we run the risk of having unrealistic expectations for the capabilities of these systems.","2637-6415","","10.1109/TTS.2024.3378587","","https://ieeexplore.ieee.org/stamp/stamp.jsp?arnumber=10539317","","Artificial intelligence;Ethics;Social networking (online);Stakeholders;Chatbots;Decision making;Sociotechnical systems;Social factors;Anthropomorphism;Information integrity;Risk management;Trust management;Performance evaluation;Quality assessment;Software tools;Monitoring;Behavioral sciences;Human factors;Autonomous agents","","21","","121","IEEE","27 May 2024","March 2024","","IEEE","IEEE Journals"
"Message from the Program Chair","",,2024 6th International Conference on Applied Machine Learning (ICAML),"22 Jan 2026","2024","","","xvii","xx","Applied Machine Learning (AML) has become an integral part of modern society, revolutionizing various aspects of our daily lives. In the real world, AML is utilized across numerous industries, including healthcare, finance, transportation, and entertainment. For instance, in healthcare, machine learning algorithms analyze patient data to predict disease outbreaks, optimize treatment plans, and enhance diagnostic accuracy. In finance, AML is used for fraud detection, credit scoring, and algorithmic trading, enabling quicker decision-making and improved risk management. The transportation sector leverages machine learning for traffic prediction, route optimization, and autonomous vehicles, ultimately enhancing efficiency and safety. These applications demonstrate how AML enhances productivity and decisionmaking, shaping a more efficient and interconnected world.","","979-8-3503-8022-4","10.1109/ICAML64299.2024.00006","","https://ieeexplore.ieee.org/stamp/stamp.jsp?arnumber=11344576","","","","","","0","IEEE","22 Jan 2026","19-21 July 2024","19-21 July 2024","IEEE","IEEE Conferences"
"Machine Ethics: The Design and Governance of Ethical AI and Autonomous Systems [Scanning the Issue]","A. F. Winfield; K. Michael; J. Pitt; V. Evers",NA; NA; NA; NA,Proceedings of the IEEE,"7 Mar 2019","2019","107","3","509","517","The so-called fourth industrial revolution and its economic and societal implications are no longer solely an academic concern, but a matter for political as well as public debate. Characterized as the convergence of robotics, AI, autonomous systems and information technology – or cyberphysical systems – the fourth industrial revolution was the focus of the World Economic Forum, at Davos, in 2016 [1]. Also in 2016 the US White House initiated a series of public workshops on artificial intelligence (AI) and the creation of an interagency working group, and the European Parliament Committee for Legal Affairs published a draft report with recommendations to the Commission on Civil Law Rules on Robotics.","1558-2256","","10.1109/JPROC.2019.2900622","","https://ieeexplore.ieee.org/stamp/stamp.jsp?arnumber=8662743","","Special issues and sections;Ethics;Social implications of technology;Intelligent systems;Autonomous vehicles;Intelligent vehicles;Robots;Safety;Privacy;Design methodology;Security;Medical robotics","","191","","55","IEEE","7 Mar 2019","March 2019","","IEEE","IEEE Journals"
"Ethics and Autonomous Systems: Perils and Promises [Point of View]","R. C. Arkin",NA,Proceedings of the IEEE,"19 Sep 2016","2016","104","10","1779","1781","Examines the technology of autonomous systems and explores its ethical and social implications. Artificial intelligence (AI) and its role in autonomous systems have promised everything from utopian freedom to existential dystopia. The unfilled hyperbole surrounding past and present promises regarding AI futures has left many people skeptical, afraid, or just confused. Rational discussion is often left in the wake due to the fears and fantasy evoked by the press and Hollywood. Fortunately, as a byproduct, this has resulted in a blossoming of worldwide discourse on the ethical implications of the intelligent machines we are creating. Many near and mid-term ethical concerns have arisen with the advent of autonomous systems: particularly regarding driverless cars, privacy and drones, companion- and intimate robotics, the displacement of jobs by intelligent machines, and warfighting robots among others. The IEEE Global Initiative on the Ethics of Autonomous Systems, the United Nations, the International Committee of the Red Cross, the White House, and the Future of Life Institute are among many responsible organizations that are now considering the ramifications of the real-world consequences of machine autonomy as we continue to stumble about trying to find a way forward.","1558-2256","","10.1109/JPROC.2016.2601162","","https://ieeexplore.ieee.org/stamp/stamp.jsp?arnumber=7571204","","Ethics;Autonomous systems;Social implications of technology;Social factors;Artificial intelligence;Privacy","","25","","11","IEEE","19 Sep 2016","Oct. 2016","","IEEE","IEEE Journals"
"Nonsilicon, Non-von Neumann Computing—Part I [Scanning the Issue]","S. Basu; R. E. Bryant; G. De Micheli; T. Theis; L. Whitman",NA; NA; NA; NA; NA,Proceedings of the IEEE,"27 Dec 2018","2019","107","1","11","18","The future of computing is at crossroads. The technological advances that have sustained the exponential growth of computing performance over the last several decades are slowing and the roadmap for future advances is uncertain. The phenomenal expansion of computing power has made computers ubiquitous, spawned a $300 billion semiconductor industry, enabled unprecedented global economic growth, and transformed many aspects of society at large. Emerging technologies are placing an ever-growing and changing demand on computing, especially the profusion of data from the Internet of Things, large-scale scientific experiments (high-energy physics, astronomy, and genomics), autonomous vehicles, social media (including video), national security systems, and the finance sector. Transmitting, storing, processing, and analyzing this data explosion with the requisite speed and performance—and enabling significant processing and analysis to occur locally or at network nodes (i.e., edge computing)—may require a radical departure from the traditional computing paradigm of von Neumann computing architectures running on CMOS-based digital logic. New paradigms will likely require a range of new devices, software, design and simulation tools, and benchmarking, and may ultimately require rethinking the tasks that computing machines undertake. Recently, government, industry, and academia collectively have recognized that the future of computing requires a new, multidisciplinary research and development agenda.","1558-2256","","10.1109/JPROC.2018.2884780","","https://ieeexplore.ieee.org/stamp/stamp.jsp?arnumber=8591943","","Special issues and sections;Computational modeling;Data storage systems;Computer architecture;Deep learning;Machine learning;Artificial intelligence","","16","","22","IEEE","27 Dec 2018","Jan. 2019","","IEEE","IEEE Journals"
"Message from the General Chairs","",,2025 International Conference on Emerging Technologies and Computing (IC_ETC),"1 Sep 2025","2025","","","xii","xii","Welcome to the 2025 IEEE International Conference on Emerging Technologies and Computing (IEEE IC_ETC 2025), held in Brest, France, during June 23-26, 2024. IEEE IC_ETC provides an open forum for leading experts, researchers, and practitioners from around the world to present their research progresses, exchange new ideas, and identify future directions in the fields of AI & mathematical modelling, Cybersecurity and physical layer security, IoT and Industry 4.0, Robotics and autonomous vehicles, Computer Vision, Image and Signal Analysis, Cloud & Edge computing, Renewable energy & green technology, Virtual and Augmented Reality.","","979-8-3315-8747-5","10.1109/IC_ETC65981.2025.11141323","","https://ieeexplore.ieee.org/stamp/stamp.jsp?arnumber=11141323","","","","","","0","IEEE","1 Sep 2025","23-26 June 2025","23-26 June 2025","IEEE","IEEE Conferences"
